absolute_time_h,gross_injection_rate_m3_h,cycle_cumulative_injection_m3
480.000000000000,0.000000000,0.000000000
480.050000000000,0.000000141,0.000000004
480.100000000000,0.000002206,0.000000062
480.150000000000,0.000011167,0.000000397
480.200000000000,0.000035275,0.000001558
480.250000000000,0.000085752,0.000004583
480.300000000000,0.000176218,0.000011132
480.350000000000,0.000321883,0.000023585
480.400000000000,0.000538470,0.000045094
480.450000000000,0.000840929,0.000079579
480.500000000000,0.001241916,0.000131650
480.550000000000,0.001750082,0.000206450
480.600000000000,0.002368191,0.000309407
480.650000000000,0.003091077,0.000445888
480.700000000000,0.003903482,0.000620752
480.750000000000,0.004777796,0.000837784
480.800000000000,0.005671727,0.001099023
480.850000000000,0.006525927,0.001403964
480.900000000000,0.007261621,0.001748653
480.950000000000,0.007778239,0.002124649
481.000000000000,0.007990648,0.002518871
481.050000000000,0.008135744,0.002922031
481.091666666700,0.008255964,0.003263525
481.100000000000,0.008931274,0.003335138
481.150000000000,0.012919515,0.003881408
481.200000000000,0.016798794,0.004624366
481.250000000000,0.020569256,0.005558567
481.300000000000,0.024231035,0.006678574
481.350000000000,0.027784259,0.007978957
481.400000000000,0.031229049,0.009454290
481.450000000000,0.034565517,0.011099154
481.500000000000,0.037793768,0.012908136
481.550000000000,0.040913900,0.014875827
481.600000000000,0.043926003,0.016996825
481.650000000000,0.046830269,0.019265732
481.700000000000,0.049627848,0.021677185
481.750000000000,0.052318764,0.024225850
481.800000000000,0.054902635,0.026906385
481.850000000000,0.057379030,0.029713427
481.900000000000,0.059747467,0.032641589
481.950000000000,0.062007420,0.035685461
482.000000000000,0.064158339,0.038839605
482.013888888900,0.064736540,0.039734709
482.050000000000,52.440513536,0.987746168
482.100000000000,118.702715120,5.266326884
482.150000000000,177.698406214,12.676354918
482.200000000000,229.428486593,22.854527238
482.250000000000,273.893678535,35.437581366
482.300000000000,311.094526821,50.062286500
482.350000000001,341.031398734,66.365434639
482.400000000001,363.704484057,83.983831709
482.450000000001,379.113795080,102.554288687
482.500000000001,387.259166593,121.713612729
482.550000000001,388.140255888,141.098598291
482.600000000001,381.756542760,160.346018257
482.650000000001,368.107329507,179.092615064
482.700000000001,347.191740928,196.975091825
482.750000000001,319.008724327,213.630103456
482.800000000001,283.557049508,228.694247802
482.850000000001,240.835308778,241.804056759
482.900000000001,190.841916947,252.595987403
482.950000000001,133.575111328,260.706413109
483.000000000001,69.032951734,265.771614686
483.022222222200,38.011701274,266.960999718
483.050000000001,38.102223595,268.018137564
483.100000000001,38.257303288,269.927125736
483.150000000001,38.401513365,271.843596153
483.200000000001,38.533957695,273.766982929
483.250000000001,38.653740026,275.696675372
483.300000000001,38.759963983,277.632017973
483.350000000001,38.851733067,279.572310399
483.400000000001,38.930509892,281.516866473
483.450000000001,39.003636990,283.465220145
483.500000000001,39.069460475,285.417047581
483.550000000001,39.124355667,287.371892985
483.600000000001,39.163868688,289.329098594
483.650000000001,39.183055449,291.287771697
483.700000000001,39.176790156,293.246767837
483.750000000001,39.140040527,295.204688604
483.800000000001,39.069492484,297.159926930
483.850000000001,38.972662376,299.110980801
483.900000000001,38.850719508,301.056565348
483.950000000001,38.702764124,302.995402439
484.000000000001,38.527896273,304.926168949
484.025000000000,38.430088885,305.888143763
484.050000000001,38.604041137,306.851070389
484.100000000001,38.930683895,308.789438515
484.150000000001,39.228226007,310.743411262
484.200000000001,39.495765273,312.711511044
484.250000000001,39.732399239,314.692215157
484.300000000001,39.937225196,316.683955768
484.350000000001,40.109340186,318.685119902
484.400000000001,40.247840994,320.694049432
484.450000000001,40.351824154,322.709041061
484.500000000001,40.420385944,324.728346313
484.550000000001,40.452622393,326.750171522
484.600000000001,40.447629273,328.772677813
484.650000000001,40.404502104,330.793981098
484.700000000001,40.322336154,332.812152054
484.750000000001,40.200226437,334.825216119
484.800000000001,40.037267712,336.831153473
484.850000000001,39.832554487,338.827899028
484.900000000001,39.585181017,340.813342415
484.950000000001,39.294241302,342.785327973
485.000000000000,38.958829090,344.741654733
485.000000000001,38.958829090,344.741654733
485.050000000001,38.973060417,346.689951971
485.100000000001,38.987291592,348.638960771
485.150000000001,39.001522615,350.588681126
485.200000000001,39.015753485,352.539113028
485.250000000001,39.029984203,354.490256471
485.300000000001,39.044214769,356.442111445
485.350000000001,39.058445183,358.394677944
485.400000000001,39.072675445,360.347955960
485.450000000001,39.086905554,362.301945484
485.500000000001,39.101135512,364.256646511
485.550000000001,39.115365317,366.212059032
485.600000000001,39.129594970,368.168183039
485.650000000001,39.143824471,370.125018525
485.700000000001,39.158053820,372.082565482
485.750000000001,39.172283016,374.040823903
485.800000000001,39.186512060,375.999793780
485.850000000001,39.200740953,377.959475105
485.900000000001,39.214969693,379.919867872
485.950000000001,39.229198280,381.880972071
486.000000000001,39.243426716,383.842787696
486.002777777800,39.244217180,383.951798313
486.050000000001,39.254860828,385.805248765
486.100000000001,39.266130567,387.768273550
486.150000000001,39.277400298,389.731861822
486.200000000001,39.288670023,391.696013580
486.250000000001,39.299939741,393.660728824
486.300000000001,39.311209452,395.626007554
486.350000000001,39.322479156,397.591849769
486.400000000001,39.333748853,399.558255469
486.450000000001,39.345018543,401.525224654
486.500000000002,39.356288226,403.492757323
486.550000000002,39.367557903,405.460853476
486.600000000002,39.378827572,407.429513113
486.650000000002,39.390097235,409.398736234
486.700000000002,39.401366891,411.368522837
486.750000000002,39.412636540,413.338872922
486.800000000002,39.423906182,415.309786491
486.850000000002,39.435175817,417.281263541
486.900000000002,39.446445446,419.253304072
486.950000000002,39.457715067,421.225908085
487.000000000002,39.468984682,423.199075579
487.016666666700,39.472741218,423.856923296
487.050000000002,39.470365797,425.172641745
487.100000000002,39.466802666,427.146070956
487.150000000002,39.463239533,429.119322011
487.200000000002,39.459676400,431.092394910
487.250000000002,39.456113267,433.065289651
487.300000000002,39.452550133,435.038006236
487.350000000002,39.448986999,437.010544665
487.400000000002,39.445423864,438.982904936
487.450000000002,39.441860728,440.955087051
487.500000000002,39.438297592,442.927091009
487.550000000002,39.434734455,444.898916810
487.600000000002,39.431171318,446.870564454
487.650000000002,39.427608181,448.842033942
487.700000000002,39.424045042,450.813325273
487.750000000002,39.420481904,452.784438446
487.800000000002,39.416918764,454.755373463
487.850000000002,39.413355625,456.726130323
487.900000000002,39.409792484,458.696709025
487.950000000002,39.406229343,460.667109571
488.000000000002,39.402666202,462.637331960
488.027777777800,39.400686679,463.731822973
488.050000000002,39.394791386,464.607328284
488.100000000002,39.381526979,466.576736243
488.150000000002,39.368262572,468.545480982
488.200000000002,39.354998164,470.513562500
488.250000000002,39.341733756,472.480980798
488.300000000002,39.328469348,474.447735876
488.350000000002,39.315204940,476.413827733
488.400000000002,39.301940532,478.379256370
488.450000000002,39.288676124,480.344021786
488.500000000002,39.275411716,482.308123982
488.550000000002,39.262147308,484.271562958
488.600000000002,39.248882899,486.234338713
488.650000000002,39.235618490,488.196451248
488.700000000002,39.222354082,490.157900562
488.750000000002,39.209089673,492.118686656
488.800000000002,39.195825264,494.078809529
488.850000000002,39.182560855,496.038269182
488.900000000002,39.169296446,497.997065615
488.950000000002,39.156032037,499.955198827
489.000000000002,39.142767628,501.912668818
489.002777777800,39.142030716,502.021397706
489.050000000002,39.137754990,503.869670423
489.100000000002,39.133227751,505.826444992
489.150000000002,39.128700512,507.782993198
489.200000000002,39.124173273,509.739315043
489.250000000002,39.119646034,511.695410525
489.300000000002,39.115118796,513.651279646
489.350000000002,39.110591557,515.606922405
489.400000000002,39.106064318,517.562338802
489.450000000002,39.101537079,519.517528837
489.500000000002,39.097009840,521.472492510
489.550000000002,39.092482601,523.427229821
489.600000000002,39.087955362,525.381740770
489.650000000002,39.083428123,527.336025357
489.700000000002,39.078900884,529.290083582
489.750000000002,39.074373645,531.243915445
489.800000000002,39.069846406,533.197520947
489.850000000002,39.065319167,535.150900086
489.900000000002,39.060791928,537.104052863
489.950000000002,39.056264689,539.056979279
490.000000000002,39.051737450,541.009679332
490.047222222200,39.047461725,542.853688201
490.050000000002,39.047398832,542.962153286
490.100000000002,39.046266765,544.914494926
490.150000000002,39.045134698,546.866779962
490.200000000002,39.044002631,548.819008396
490.250000000002,39.042870563,550.771180225
490.300000000002,39.041738496,552.723295452
490.350000000002,39.040606429,554.675354075
490.400000000002,39.039474362,556.627356095
490.450000000002,39.038342294,558.579301511
490.500000000002,39.037210227,560.531190324
490.550000000002,39.036078160,562.483022534
490.600000000002,39.034946092,564.434798140
490.650000000002,39.033814025,566.386517143
490.700000000002,39.032681958,568.338179543
490.750000000002,39.031549890,570.289785339
490.800000000002,39.030417823,572.241334532
490.850000000002,39.029285755,574.192827121
490.900000000002,39.028153688,576.144263107
490.950000000002,39.027021620,578.095642490
491.000000000002,39.025889553,580.046965269
491.011111111100,39.025637982,580.480584866
491.050000000002,39.022855239,581.998194457
491.100000000002,39.019277427,583.949247774
491.150000000003,39.015699615,585.900122200
491.200000000003,39.012121802,587.850817735
491.250000000003,39.008543990,589.801334380
491.300000000003,39.004966178,591.751672134
491.350000000003,39.001388365,593.701830998
491.400000000003,38.997810553,595.651810971
491.450000000003,38.994232741,597.601612053
491.500000000003,38.990654929,599.551234245
491.550000000003,38.987077116,601.500677546
491.600000000003,38.983499304,603.449941957
491.650000000003,38.979921492,605.399027476
491.700000000003,38.976343679,607.347934106
491.750000000003,38.972765867,609.296661844
491.800000000003,38.969188055,611.245210692
491.850000000003,38.965610242,613.193580650
491.900000000003,38.962032430,615.141771717
491.950000000003,38.958454618,617.089783893
492.000000000003,38.954876805,619.037617178
492.050000000003,38.951298993,620.985271573
492.069444444400,38.949907621,621.742644414
492.100000000003,38.947768282,622.932747797
492.150000000003,38.944267545,624.880048693
492.200000000003,38.940766808,626.827174552
492.250000000003,38.937266071,628.774125374
492.300000000003,38.933765333,630.720901159
492.350000000003,38.930264596,632.667501907
492.400000000003,38.926763859,634.613927618
492.450000000003,38.923263122,636.560178293
492.500000000003,38.919762385,638.506253931
492.550000000003,38.916261648,640.452154531
492.600000000003,38.912760911,642.397880095
492.650000000003,38.909260173,644.343430622
492.700000000003,38.905759436,646.288806113
492.750000000003,38.902258699,648.234006566
492.800000000003,38.898757962,650.179031983
492.850000000003,38.895257225,652.123882362
492.900000000003,38.891756488,654.068557705
492.950000000003,38.888255750,656.013058011
493.000000000003,38.884755013,657.957383280
493.011111111100,38.883977072,658.389431791
493.050000000003,38.880601051,659.901520811
493.100000000003,38.876260452,661.845442348
493.150000000003,38.871919854,663.789146856
493.200000000003,38.867579255,665.732634334
493.250000000003,38.863238657,667.675904782
493.300000000003,38.858898058,669.618958199
493.350000000003,38.854557460,671.561794587
493.400000000003,38.850216861,673.504413945
493.450000000003,38.845876263,675.446816273
493.500000000003,38.841535664,677.389001572
493.550000000003,38.837195066,679.330969840
493.600000000003,38.832854467,681.272721078
493.650000000003,38.828513869,683.214255287
493.700000000003,38.824173270,685.155572465
493.750000000003,38.819832672,687.096672614
493.800000000003,38.815492073,689.037555732
493.850000000003,38.811151475,690.978221821
493.900000000003,38.806810876,692.918670880
493.950000000003,38.802470278,694.858902909
494.000000000003,38.798129679,696.798917908
494.050000000003,38.793789081,698.738715877
494.091666666700,38.790171915,700.355048398
494.100000000003,38.789264721,700.678296050
494.150000000003,38.783821553,702.617623207
494.200000000003,38.778378385,704.556678205
494.250000000003,38.772935217,706.495461045
494.300000000003,38.767492050,708.433971727
494.350000000003,38.762048882,710.372210250
494.400000000003,38.756605714,712.310176615
494.450000000003,38.751162546,714.247870822
494.500000000003,38.745719378,716.185292870
494.550000000003,38.740276211,718.122442760
494.600000000003,38.734833043,720.059320491
494.650000000003,38.729389875,721.995926064
494.700000000003,38.723946707,723.932259478
494.750000000003,38.718503539,725.868320735
494.800000000003,38.713060372,727.804109832
494.850000000003,38.707617204,729.739626772
494.900000000003,38.702174036,731.674871553
494.950000000003,38.696730868,733.609844175
495.000000000003,38.691287701,735.544544640
495.050000000003,38.685844533,737.478972945
495.075000000000,38.683122949,738.446085039
495.100000000003,38.680751568,739.413133470
495.150000000003,38.676008807,741.347052480
495.200000000003,38.671266045,743.280734351
495.250000000003,38.666523284,745.214179084
495.300000000004,38.661780522,747.147386679
495.350000000004,38.657037760,749.080357136
495.400000000004,38.652294999,751.013090455
495.450000000004,38.647552237,752.945586636
495.500000000004,38.642809476,754.877845679
495.550000000004,38.638066714,756.809867584
495.600000000004,38.633323953,758.741652351
495.650000000004,38.628581191,760.673199979
495.700000000004,38.623838429,762.604510470
495.750000000004,38.619095668,764.535583822
495.800000000004,38.614352906,766.466420036
495.850000000004,38.609610145,768.397019113
495.900000000004,38.604867383,770.327381051
495.950000000004,38.600124622,772.257505851
496.000000000004,38.595381860,774.187393513
496.050000000004,38.590639098,776.117044037
496.061111111100,38.589585151,776.545823060
496.100000000004,38.587974056,778.046497823
496.150000000004,38.585902647,779.975844741
496.200000000004,38.583831239,781.905088088
496.250000000004,38.581759831,783.834227865
496.300000000004,38.579688422,785.763264071
496.350000000004,38.577617014,787.692196707
496.400000000004,38.575545605,789.621025772
496.450000000004,38.573474197,791.549751267
496.500000000004,38.571402788,793.478373192
496.550000000004,38.569331380,795.406891546
496.600000000004,38.567259971,797.335306330
496.650000000004,38.565188563,799.263617543
496.700000000004,38.563117154,801.191825186
496.750000000004,38.561045746,803.119929259
496.800000000004,38.558974337,805.047929761
496.850000000004,38.556902929,806.975826692
496.900000000004,38.554831520,808.903620053
496.950000000004,38.552760112,810.831309844
497.000000000004,38.550688703,812.758896065
497.050000000004,38.548617295,814.686378715
497.061111111100,38.548156982,815.114694127
497.100000000004,38.546319608,816.613753394
497.150000000004,38.543957271,818.541010316
497.200000000004,38.541594934,820.468149121
497.250000000004,38.539232597,822.395169810
497.300000000004,38.536870259,824.322072381
497.350000000004,38.534507922,826.248856836
497.400000000004,38.532145585,828.175523173
497.450000000004,38.529783248,830.102071394
497.500000000004,38.527420910,832.028501498
497.550000000004,38.525058573,833.954813485
497.600000000004,38.522696236,835.881007355
497.650000000004,38.520333899,837.807083109
497.700000000004,38.517971561,839.733040745
497.750000000004,38.515609224,841.658880265
497.800000000004,38.513246887,843.584601668
497.850000000004,38.510884550,845.510204954
497.900000000004,38.508522213,847.435690123
497.950000000004,38.506159875,849.361057175
498.000000000004,38.503797538,851.286306110
498.050000000004,38.501435201,853.211436929
498.061111111100,38.500910237,853.639227736
498.100000000004,38.499099984,855.136450158
498.150000000004,38.496772515,857.061346970
498.200000000004,38.494445046,858.986127409
498.250000000004,38.492117577,860.910791475
498.300000000004,38.489790109,862.835339167
498.350000000004,38.487462640,864.759770485
498.400000000004,38.485135171,866.684085431
498.450000000004,38.482807703,868.608284003
498.500000000004,38.480480234,870.532366201
498.550000000004,38.478152765,872.456332026
498.600000000004,38.475825297,874.380181478
498.650000000004,38.473497828,876.303914556
498.700000000004,38.471170359,878.227531260
498.750000000004,38.468842891,880.151031592
498.800000000004,38.466515422,882.074415549
498.850000000004,38.464187953,883.997683134
498.900000000004,38.461860485,885.920834345
498.950000000004,38.459533016,887.843869182
499.000000000004,38.457205547,889.766787646
499.050000000004,38.454878079,891.689589737
499.061111111100,38.454360863,892.116863286
499.100000000004,38.452218347,893.612268994
499.150000000004,38.449463683,895.534811044
499.200000000004,38.446709019,897.457215362
499.250000000004,38.443954355,899.379481946
499.300000000004,38.441199691,901.301610797
499.350000000004,38.438445027,903.223601915
499.400000000004,38.435690363,905.145455300
499.450000000004,38.432935699,907.067170952
499.500000000004,38.430181035,908.988748870
499.550000000004,38.427426371,910.910189055
499.600000000004,38.424671707,912.831491507
499.650000000004,38.421917043,914.752656226
499.700000000004,38.419162379,916.673683211
499.750000000004,38.416407715,918.594572464
499.800000000004,38.413653051,920.515323983
499.850000000004,38.410898387,922.435937769
499.900000000004,38.408143723,924.356413821
499.950000000005,38.405389059,926.276752141
500.000000000005,38.402634395,928.196952727
500.050000000005,38.399879731,930.117015581
500.061111111100,38.399267583,930.543677509
500.100000000005,38.397560254,932.036949162
500.150000000005,38.395365115,933.956772297
500.200000000005,38.393169977,935.876485674
500.250000000005,38.390974839,937.796089294
500.300000000005,38.388779701,939.715583158
500.350000000005,38.386584563,941.634967264
500.400000000005,38.384389424,943.554241614
500.450000000005,38.382194286,945.473406207
500.500000000005,38.379999148,947.392461043
500.550000000005,38.377804010,949.311406122
500.600000000005,38.375608872,951.230241444
500.650000000005,38.373413733,953.148967009
500.700000000005,38.371218595,955.067582817
500.750000000005,38.369023457,956.986088868
500.800000000005,38.366828319,958.904485163
500.850000000005,38.364633180,960.822771700
500.900000000005,38.362438042,962.740948481
500.950000000005,38.360242904,964.659015504
501.000000000005,38.358047766,966.576972771
501.050000000005,38.355852628,968.494820281
501.061111111100,38.355364819,968.920993711
501.100000000005,38.352491056,970.412535353
501.150000000005,38.348796217,972.330067535
501.200000000005,38.345101378,974.247414975
501.250000000005,38.341406539,976.164577673
501.300000000005,38.337711700,978.081555629
501.350000000005,38.334016862,979.998348843
501.400000000005,38.330322023,981.914957315
501.450000000005,38.326627184,983.831381045
501.500000000005,38.322932345,985.747620033
501.550000000005,38.319237506,987.663674280
501.600000000005,38.315542667,989.579543784
501.650000000005,38.311847829,991.495228546
501.700000000005,38.308152990,993.410728567
501.750000000005,38.304458151,995.326043845
501.800000000005,38.300763312,997.241174382
501.850000000005,38.297068473,999.156120177
501.900000000005,38.293373635,1001.070881229
501.950000000005,38.289678796,1002.985457540
502.000000000005,38.285983957,1004.899849109
502.050000000005,38.282289118,1006.814055936
502.061111111100,38.281468043,1007.239410142
502.100000000005,38.278871925,1008.728083419
502.150000000005,38.275534058,1010.641943569
502.200000000005,38.272196192,1012.555636825
502.250000000005,38.268858325,1014.469163188
502.300000000005,38.265520459,1016.382522658
502.350000000005,38.262182593,1018.295715234
502.400000000005,38.258844726,1020.208740917
502.450000000005,38.255506860,1022.121599707
502.500000000005,38.252168994,1024.034291603
502.550000000005,38.248831127,1025.946816606
502.600000000005,38.245493261,1027.859174716
502.650000000005,38.242155394,1029.771365932
502.700000000005,38.238817528,1031.683390255
502.750000000005,38.235479662,1033.595247685
502.800000000005,38.232141795,1035.506938221
502.850000000005,38.228803929,1037.418461864
502.900000000005,38.225466062,1039.329818614
502.950000000005,38.222128196,1041.241008471
503.000000000005,38.218790330,1043.152031434
503.050000000005,38.215452463,1045.062887504
503.061111111100,38.214710715,1045.487499521
503.100000000005,38.212040980,1046.973575249
503.150000000005,38.208608463,1048.884091485
503.200000000005,38.205175945,1050.794436095
503.250000000005,38.201743428,1052.704609079
503.300000000005,38.198310911,1054.614610438
503.350000000005,38.194878394,1056.524440170
503.400000000005,38.191445877,1058.434098277
503.450000000005,38.188013360,1060.343584758
503.500000000005,38.184580842,1062.252899613
503.550000000005,38.181148325,1064.162042842
503.600000000005,38.177715808,1066.071014446
503.650000000005,38.174283291,1067.979814423
503.700000000005,38.170850774,1069.888442775
503.750000000005,38.167418257,1071.796899501
503.800000000005,38.163985740,1073.705184601
503.850000000005,38.160553222,1075.613298075
503.900000000005,38.157120705,1077.521239923
503.950000000005,38.153688188,1079.429010145
504.000000000005,38.150255671,1081.336608742
504.050000000005,38.146823154,1083.244035712
504.061111111100,38.146060372,1083.667885065
504.100000000006,38.144016437,1085.151303225
504.150000000006,38.141388521,1087.058438349
504.200000000006,38.138760605,1088.965442077
504.250000000006,38.136132689,1090.872314410
504.300000000006,38.133504773,1092.779055346
504.350000000006,38.130876856,1094.685664887
504.400000000006,38.128248940,1096.592143032
504.450000000006,38.125621024,1098.498489781
504.500000000006,38.122993108,1100.404705134
504.550000000006,38.120365192,1102.310789092
504.600000000006,38.117737275,1104.216741654
504.650000000006,38.115109359,1106.122562819
504.700000000006,38.112481443,1108.028252590
504.750000000006,38.109853527,1109.933810964
504.800000000006,38.107225611,1111.839237942
504.850000000006,38.104597694,1113.744533525
504.900000000006,38.101969778,1115.649697712
504.950000000006,38.099341862,1117.554730503
505.000000000006,38.096713946,1119.459631898
505.050000000006,38.094086030,1121.364401897
505.061111111100,38.093502048,1121.787666275
505.100000000006,38.092594637,1123.269062600
505.150000000006,38.091427966,1125.173663165
505.200000000006,38.090261295,1127.078205396
505.250000000006,38.089094623,1128.982689294
505.300000000006,38.087927952,1130.887114859
505.350000000006,38.086761281,1132.791482090
505.400000000006,38.085594610,1134.695790987
505.450000000006,38.084427938,1136.600041551
505.500000000006,38.083261267,1138.504233781
505.550000000006,38.082094596,1140.408367677
505.600000000006,38.080927924,1142.312443240
505.650000000006,38.079761253,1144.216460470
505.700000000006,38.078594582,1146.120419366
505.750000000006,38.077427910,1148.024319928
505.800000000006,38.076261239,1149.928162157
505.850000000006,38.075094568,1151.831946052
505.900000000006,38.073927897,1153.735671613
505.950000000006,38.072761225,1155.639338841
506.000000000006,38.071594554,1157.542947736
506.050000000006,38.070427883,1159.446498297
506.061111111100,38.070168622,1159.869501610
506.100000000006,38.068951946,1161.349984511
506.150000000006,38.067387649,1163.253393001
506.200000000006,38.065823351,1165.156723276
506.250000000006,38.064259053,1167.059975336
506.300000000006,38.062694756,1168.963149181
506.350000000006,38.061130458,1170.866244811
506.400000000006,38.059566160,1172.769262227
506.450000000006,38.058001863,1174.672201427
506.500000000006,38.056437565,1176.575062413
506.550000000006,38.054873267,1178.477845184
506.600000000006,38.053308969,1180.380549740
506.650000000006,38.051744672,1182.283176081
506.700000000006,38.050180374,1184.185724207
506.750000000006,38.048616076,1186.088194118
506.800000000006,38.047051779,1187.990585815
506.850000000006,38.045487481,1189.892899296
506.900000000006,38.043923183,1191.795134563
506.950000000006,38.042358885,1193.697291614
507.000000000006,38.040794588,1195.599370451
507.050000000006,38.039230290,1197.501371073
507.061111111100,38.038882668,1197.924027256
507.100000000006,38.037998988,1199.403299955
507.150000000006,38.036862828,1201.305171501
507.200000000006,38.035726668,1203.206986238
507.250000000006,38.034590508,1205.108744167
507.300000000006,38.033454348,1207.010445289
507.350000000006,38.032318188,1208.912089602
507.400000000006,38.031182028,1210.813677108
507.450000000006,38.030045868,1212.715207805
507.500000000006,38.028909708,1214.616681694
507.550000000006,38.027773548,1216.518098776
507.600000000006,38.026637388,1218.419459049
507.650000000006,38.025501228,1220.320762514
507.700000000006,38.024365067,1222.222009172
507.750000000006,38.023228907,1224.123199021
507.800000000006,38.022092747,1226.024332063
507.850000000006,38.020956587,1227.925408296
507.900000000006,38.019820427,1229.826427721
507.950000000006,38.018684267,1231.727390339
508.000000000006,38.017548107,1233.628296148
508.050000000006,38.016411947,1235.529145149
508.061111111100,38.016159467,1235.951548323
508.100000000006,38.015018458,1237.429932339
508.150000000006,38.013551447,1239.330646587
508.200000000006,38.012084435,1241.231287484
508.250000000006,38.010617423,1243.131855030
508.300000000006,38.009150412,1245.032349226
508.350000000006,38.007683400,1246.932770071
508.400000000006,38.006216389,1248.833117566
508.450000000006,38.004749377,1250.733391710
508.500000000006,38.003282366,1252.633592504
508.550000000006,38.001815354,1254.533719947
508.600000000006,38.000348343,1256.433774039
508.650000000006,37.998881331,1258.333754781
508.700000000006,37.997414320,1260.233662172
508.750000000007,37.995947308,1262.133496213
508.800000000007,37.994480297,1264.033256903
508.850000000007,37.993013285,1265.932944243
508.900000000007,37.991546274,1267.832558232
508.950000000007,37.990079262,1269.732098870
509.000000000007,37.988612251,1271.631566158
509.050000000007,37.987145239,1273.530960095
509.061111111100,37.986819237,1273.953037675
509.100000000007,37.985750676,1275.430282091
509.150000000007,37.984376813,1277.329535278
509.200000000007,37.983002950,1279.228719772
509.250000000007,37.981629086,1281.127835573
509.300000000007,37.980255223,1283.026882681
509.350000000007,37.978881360,1284.925861095
509.400000000007,37.977507496,1286.824770817
509.450000000007,37.976133633,1288.723611845
509.500000000007,37.974759770,1290.622384180
509.550000000007,37.973385906,1292.521087822
509.600000000007,37.972012043,1294.419722771
509.650000000007,37.970638180,1296.318289026
509.700000000007,37.969264316,1298.216786588
509.750000000007,37.967890453,1300.115215458
509.800000000007,37.966516590,1302.013575634
509.850000000007,37.965142726,1303.911867117
509.900000000007,37.963768863,1305.810089906
509.950000000007,37.962395000,1307.708244003
510.000000000007,37.961021136,1309.606329406
510.050000000007,37.959647273,1311.504346117
510.061111111100,37.959341970,1311.926118278
510.100000000007,37.958900234,1313.402306322
510.150000000007,37.958332287,1315.300237135
510.200000000007,37.957764340,1317.198139551
510.250000000007,37.957196393,1319.096013569
510.300000000007,37.956628447,1320.993859190
510.350000000007,37.956060500,1322.891676414
510.400000000007,37.955492553,1324.789465240
510.450000000007,37.954924606,1326.687225669
510.500000000007,37.954356660,1328.584957701
510.550000000007,37.953788713,1330.482661335
510.600000000007,37.953220766,1332.380336572
510.650000000007,37.952652819,1334.277983411
510.700000000007,37.952084873,1336.175601854
510.750000000007,37.951516926,1338.073191899
510.800000000007,37.950948979,1339.970753546
510.850000000007,37.950381032,1341.868286797
510.900000000007,37.949813085,1343.765791650
510.950000000007,37.949245139,1345.663268105
511.000000000007,37.948677192,1347.560716163
511.050000000007,37.948109245,1349.458135824
511.061111111100,37.947983035,1349.879780781
511.100000000007,37.947768093,1351.355531498
511.150000000007,37.947491738,1353.252912994
511.200000000007,37.947215384,1355.150280672
511.250000000007,37.946939030,1357.047634532
511.300000000007,37.946662676,1358.944974575
511.350000000007,37.946386322,1360.842300800
511.400000000007,37.946109967,1362.739613207
511.450000000007,37.945833613,1364.636911796
511.500000000007,37.945557259,1366.534196568
511.550000000007,37.945280905,1368.431467522
511.600000000007,37.945004551,1370.328724659
511.650000000007,37.944728197,1372.225967977
511.700000000007,37.944451842,1374.123197478
511.750000000007,37.944175488,1376.020413162
511.800000000007,37.943899134,1377.917615027
511.850000000007,37.943622780,1379.814803075
511.900000000007,37.943346426,1381.711977305
511.950000000007,37.943070071,1383.609137718
512.000000000007,37.942793717,1385.506284312
512.050000000007,37.942517363,1387.403417089
512.061111111100,37.942455951,1387.825000274
512.100000000007,37.941144915,1389.300514736
512.150000000007,37.939459297,1391.197529841
512.200000000007,37.937773679,1393.094460665
512.250000000007,37.936088061,1394.991307209
512.300000000007,37.934402444,1396.888069471
512.350000000007,37.932716826,1398.784747453
512.400000000007,37.931031208,1400.681341154
512.450000000007,37.929345590,1402.577850574
512.500000000007,37.927659973,1404.474275713
512.550000000007,37.925974355,1406.370616571
512.600000000007,37.924288737,1408.266873149
512.650000000007,37.922603119,1410.163045445
512.700000000007,37.920917501,1412.059133460
512.750000000008,37.919231884,1413.955137195
512.800000000007,37.917546266,1415.851056649
512.850000000007,37.915860648,1417.746891822
512.900000000008,37.914175030,1419.642642714
512.950000000008,37.912489412,1421.538309325
513.000000000008,37.910803795,1423.433891655
513.050000000007,37.909118177,1425.329389704
513.061111111100,37.908743595,1425.750600047
513.100000000008,37.907964035,1427.224813807
513.150000000008,37.906961745,1429.120186951
513.200000000008,37.905959454,1431.015509981
513.250000000008,37.904957163,1432.910782897
513.300000000008,37.903954872,1434.806005698
513.350000000008,37.902952581,1436.701178384
513.400000000008,37.901950290,1438.596300956
513.450000000008,37.900947999,1440.491373413
513.500000000008,37.899945708,1442.386395756
513.550000000008,37.898943418,1444.281367984
513.600000000008,37.897941127,1446.176290097
513.650000000008,37.896938836,1448.071162096
513.700000000008,37.895936545,1449.965983981
513.750000000008,37.894934254,1451.860755751
513.800000000008,37.893931963,1453.755477406
513.850000000008,37.892929672,1455.650148947
513.900000000008,37.891927381,1457.544770374
513.950000000008,37.890925091,1459.439341685
514.000000000008,37.889922800,1461.333862883
514.050000000008,37.888920509,1463.228333965
514.061111111100,37.888697778,1463.649320733
514.100000000008,37.887989158,1465.122756313
514.150000000008,37.887078077,1467.017132994
514.200000000008,37.886166995,1468.911464121
514.250000000008,37.885255914,1470.805749693
514.300000000008,37.884344832,1472.699989712
514.350000000008,37.883433750,1474.594184177
514.400000000008,37.882522669,1476.488333087
514.450000000008,37.881611587,1478.382436443
514.500000000008,37.880700505,1480.276494246
514.550000000008,37.879789424,1482.170506494
514.600000000008,37.878878342,1484.064473188
514.650000000008,37.877967261,1485.958394328
514.700000000008,37.877056179,1487.852269914
514.750000000008,37.876145097,1489.746099946
514.800000000008,37.875234016,1491.639884424
514.850000000008,37.874322934,1493.533623348
514.900000000008,37.873411852,1495.427316717
514.950000000008,37.872500771,1497.320964533
515.000000000008,37.871589689,1499.214566794
515.050000000008,37.870678608,1501.108123502
515.061111111100,37.870476145,1501.528907694
515.100000000008,37.869673520,1503.001632827
515.150000000008,37.868641573,1504.895090705
515.200000000008,37.867609627,1506.788496985
515.250000000008,37.866577680,1508.681851667
515.300000000008,37.865545733,1510.575154753
515.350000000008,37.864513787,1512.468406241
515.400000000008,37.863481840,1514.361606131
515.450000000008,37.862449894,1516.254754425
515.500000000008,37.861417947,1518.147851121
515.550000000008,37.860386000,1520.040896219
515.600000000008,37.859354054,1521.933889721
515.650000000008,37.858322107,1523.826831625
515.700000000008,37.857290161,1525.719721931
515.750000000008,37.856258214,1527.612560641
515.800000000008,37.855226268,1529.505347753
515.850000000008,37.854194321,1531.398083268
515.900000000008,37.853162374,1533.290767185
515.950000000008,37.852130428,1535.183399505
516.000000000008,37.851098481,1537.075980228
516.050000000008,37.850066535,1538.968509353
516.061111111100,37.849837213,1539.389064373
516.100000000008,37.849662446,1540.860999089
516.150000000008,37.849437744,1542.753476594
516.200000000008,37.849213043,1544.645942864
516.250000000008,37.848988342,1546.538397899
516.300000000008,37.848763641,1548.430841698
516.350000000008,37.848538940,1550.323274263
516.400000000008,37.848314239,1552.215695592
516.450000000008,37.848089538,1554.108105687
516.500000000008,37.847864837,1556.000504546
516.550000000008,37.847640136,1557.892892170
516.600000000008,37.847415435,1559.785268560
516.650000000008,37.847190734,1561.677633714
516.700000000008,37.846966033,1563.569987633
516.750000000008,37.846741331,1565.462330317
516.800000000008,37.846516630,1567.354661766
516.850000000008,37.846291929,1569.246981980
516.900000000008,37.846067228,1571.139290959
516.950000000008,37.845842527,1573.031588703
517.000000000008,37.845617826,1574.923875212
517.050000000008,37.845393125,1576.816150485
517.061111111100,37.845343191,1577.236654575
517.100000000008,37.844929807,1578.708409884
517.150000000008,37.844398313,1580.600643087
517.200000000008,37.843866819,1582.492849716
517.250000000008,37.843335326,1584.385029769
517.300000000008,37.842803832,1586.277183248
517.350000000009,37.842272338,1588.169310153
517.400000000008,37.841740844,1590.061410482
517.450000000008,37.841209350,1591.953484237
517.500000000008,37.840677856,1593.845531417
517.550000000009,37.840146362,1595.737552023
517.600000000009,37.839614868,1597.629546053
517.650000000008,37.839083374,1599.521513509
517.700000000009,37.838551880,1601.413454391
517.750000000009,37.838020386,1603.305368697
517.800000000009,37.837488893,1605.197256429
517.850000000009,37.836957399,1607.089117587
517.900000000009,37.836425905,1608.980952169
517.950000000009,37.835894411,1610.872760177
518.000000000009,37.835362917,1612.764541610
518.050000000009,37.834831423,1614.656296469
518.061111111100,37.834713313,1615.076682828
518.100000000009,37.834649528,1616.548031550
518.150000000009,37.834567518,1618.439761977
518.200000000009,37.834485509,1620.331488302
518.250000000009,37.834403499,1622.223210527
518.300000000009,37.834321489,1624.114928652
518.350000000009,37.834239480,1626.006642676
518.400000000009,37.834157470,1627.898352600
518.450000000009,37.834075460,1629.790058423
518.500000000009,37.833993451,1631.681760146
518.550000000009,37.833911441,1633.573457768
518.600000000009,37.833829431,1635.465151290
518.650000000009,37.833747422,1637.356840712
518.700000000009,37.833665412,1639.248526032
518.750000000009,37.833583402,1641.140207253
518.800000000009,37.833501393,1643.031884373
518.850000000009,37.833419383,1644.923557392
518.900000000009,37.833337373,1646.815226311
518.950000000009,37.833255364,1648.706891129
519.000000000009,37.833173354,1650.598551847
519.050000000009,37.833091344,1652.490208465
519.061111111100,37.833073120,1652.910576044
519.100000000009,37.832858246,1654.381858044
519.150000000009,37.832581980,1656.273494049
519.200000000009,37.832305713,1658.165116242
519.250000000009,37.832029447,1660.056724621
519.300000000009,37.831753181,1661.948319186
519.350000000009,37.831476914,1663.839899939
519.400000000009,37.831200648,1665.731466878
519.450000000009,37.830924382,1667.623020004
519.500000000009,37.830648116,1669.514559316
519.550000000009,37.830371849,1671.406084815
519.600000000009,37.830095583,1673.297596501
519.650000000009,37.829819317,1675.189094374
519.700000000009,37.829543050,1677.080578433
519.750000000009,37.829266784,1678.972048679
519.800000000009,37.828990518,1680.863505111
519.850000000009,37.828714251,1682.754947730
519.900000000009,37.828437985,1684.646376536
519.950000000009,37.828161719,1686.537791529
520.000000000009,37.827885453,1688.429192708
520.050000000009,37.827609186,1690.320580074
520.061111111100,37.827547794,1690.740886501
520.100000000009,37.827004421,1692.211947239
520.150000000009,37.826305798,1694.103279995
520.200000000009,37.825607176,1695.994577819
520.250000000009,37.824908554,1697.885840712
520.300000000009,37.824209931,1699.777068674
520.350000000009,37.823511309,1701.668261705
520.400000000009,37.822812687,1703.559419805
520.450000000009,37.822114064,1705.450542974
520.500000000009,37.821415442,1707.341631212
520.550000000009,37.820716819,1709.232684518
520.600000000009,37.820018197,1711.123702894
520.650000000009,37.819319575,1713.014686338
520.700000000009,37.818620952,1714.905634851
520.750000000009,37.817922330,1716.796548433
520.800000000009,37.817223708,1718.687427084
520.850000000009,37.816525085,1720.578270804
520.900000000009,37.815826463,1722.469079593
520.950000000009,37.815127840,1724.359853450
521.000000000009,37.814429218,1726.250592377
521.050000000009,37.813730596,1728.141296372
521.061111111100,37.813575346,1728.561448071
521.100000000009,37.812793319,1730.031960796
521.150000000009,37.811787855,1731.922575325
521.200000000009,37.810782391,1733.813139581
521.250000000009,37.809776927,1735.703653564
521.300000000009,37.808771463,1737.594117274
521.350000000009,37.807765998,1739.484530710
521.400000000009,37.806760534,1741.374893874
521.450000000009,37.805755070,1743.265206764
521.500000000009,37.804749606,1745.155469381
521.550000000010,37.803744142,1747.045681725
521.600000000009,37.802738678,1748.935843795
521.650000000009,37.801733214,1750.825955592
521.700000000010,37.800727750,1752.716017117
521.750000000010,37.799722286,1754.606028367
521.800000000010,37.798716822,1756.495989345
521.850000000009,37.797711358,1758.385900050
521.900000000010,37.796705894,1760.275760481
521.950000000010,37.795700430,1762.165570639
522.000000000010,37.794694966,1764.055330524
522.050000000010,37.793689502,1765.945040136
522.061111111100,37.793466065,1766.364968777
522.100000000010,37.793310252,1767.834711650
522.150000000010,37.793109921,1769.724372155
522.200000000010,37.792909590,1771.614022643
522.250000000010,37.792709258,1773.503663114
522.300000000010,37.792508927,1775.393293568
522.350000000010,37.792308596,1777.282914007
522.400000000010,37.792108265,1779.172524428
522.450000000010,37.791907934,1781.062124833
522.500000000010,37.791707602,1782.951715221
522.550000000010,37.791507271,1784.841295593
522.600000000010,37.791306940,1786.730865949
522.650000000010,37.791106609,1788.620426287
522.700000000010,37.790906278,1790.509976609
522.750000000010,37.790705946,1792.399516915
522.800000000010,37.790505615,1794.289047204
522.850000000010,37.790305284,1796.178567476
522.900000000010,37.790104953,1798.068077732
522.950000000010,37.789904621,1799.957577972
523.000000000010,37.789704290,1801.847068195
523.050000000010,37.789503959,1803.736548401
523.061111111100,37.789459441,1804.156431530
523.100000000010,37.789263292,1805.626017806
523.150000000010,37.789011100,1807.515474666
523.200000000010,37.788758908,1809.404918916
523.250000000010,37.788506716,1811.294350557
523.300000000010,37.788254524,1813.183769588
523.350000000010,37.788002333,1815.073176009
523.400000000010,37.787750141,1816.962569821
523.450000000010,37.787497949,1818.851951023
523.500000000010,37.787245757,1820.741319616
523.550000000010,37.786993565,1822.630675599
523.600000000010,37.786741373,1824.520018972
523.650000000010,37.786489182,1826.409349736
523.700000000010,37.786236990,1828.298667891
523.750000000010,37.785984798,1830.187973435
523.800000000010,37.785732606,1832.077266370
523.850000000010,37.785480414,1833.966546696
523.900000000010,37.785228222,1835.855814412
523.950000000010,37.784976031,1837.745069518
524.000000000010,37.784723839,1839.634312015
524.050000000010,37.784471647,1841.523541902
524.061111111100,37.784415604,1841.943369053
524.100000000010,37.783835959,1843.412751723
524.150000000010,37.783090701,1845.301924889
524.200000000010,37.782345443,1847.191060793
524.250000000010,37.781600185,1849.080159434
524.300000000010,37.780854927,1850.969220811
524.350000000010,37.780109668,1852.858244926
524.400000000010,37.779364410,1854.747231778
524.450000000010,37.778619152,1856.636181367
524.500000000010,37.777873894,1858.525093693
524.550000000010,37.777128636,1860.413968757
524.600000000010,37.776383378,1862.302806557
524.650000000010,37.775638120,1864.191607094
524.700000000010,37.774892862,1866.080370369
524.750000000010,37.774147603,1867.969096381
524.800000000010,37.773402345,1869.857785129
524.850000000010,37.772657087,1871.746436615
524.900000000010,37.771911829,1873.635050838
524.950000000010,37.771166571,1875.523627798
525.000000000010,37.770421313,1877.412167495
525.050000000010,37.769676055,1879.300669929
525.061111111100,37.769510442,1879.720332076
525.100000000010,37.768860777,1881.189133739
525.150000000010,37.768025493,1883.077555896
525.200000000010,37.767190210,1884.965936288
525.250000000010,37.766354926,1886.854274917
525.300000000010,37.765519643,1888.742571781
525.350000000010,37.764684359,1890.630826881
525.400000000010,37.763849076,1892.519040217
525.450000000010,37.763013792,1894.407211789
525.500000000010,37.762178509,1896.295341596
525.550000000010,37.761343225,1898.183429639
525.600000000010,37.760507941,1900.071475919
525.650000000010,37.759672658,1901.959480434
525.700000000010,37.758837374,1903.847443184
525.750000000010,37.758002091,1905.735364171
525.800000000010,37.757166807,1907.623243393
525.850000000010,37.756331524,1909.511080852
525.900000000010,37.755496240,1911.398876546
525.950000000010,37.754660957,1913.286630476
526.000000000010,37.753825673,1915.174342642
526.050000000010,37.752990390,1917.062013043
526.061111111100,37.752804771,1917.481489682
526.100000000010,37.752351170,1918.949645493
526.150000000011,37.751767969,1920.837248471
526.200000000010,37.751184767,1922.724822290
526.250000000010,37.750601566,1924.612366948
526.300000000010,37.750018364,1926.499882446
526.350000000011,37.749435163,1928.387368784
526.400000000011,37.748851961,1930.274825963
526.450000000010,37.748268760,1932.162253981
526.500000000011,37.747685558,1934.049652839
526.550000000011,37.747102357,1935.937022536
526.600000000011,37.746519155,1937.824363074
526.650000000011,37.745935954,1939.711674452
526.700000000011,37.745352752,1941.598956670
526.750000000011,37.744769551,1943.486209727
526.800000000011,37.744186349,1945.373433625
526.850000000011,37.743603148,1947.260628362
526.900000000011,37.743019946,1949.147793939
526.950000000011,37.742436745,1951.034930357
527.000000000011,37.741853543,1952.922037614
527.050000000011,37.741270342,1954.809115711
527.061111111100,37.741140742,1955.228462439
527.100000000011,37.740630407,1956.696163545
527.150000000011,37.739974263,1958.583178662
527.200000000011,37.739318119,1960.470160971
527.250000000011,37.738661975,1962.357110474
527.300000000011,37.738005831,1964.244027169
527.350000000011,37.737349687,1966.130911057
527.400000000011,37.736693543,1968.017762138
527.450000000011,37.736037399,1969.904580411
527.500000000011,37.735381255,1971.791365877
527.550000000011,37.734725111,1973.678118537
527.600000000011,37.734068967,1975.564838389
527.650000000011,37.733412823,1977.451525433
527.700000000011,37.732756679,1979.338179671
527.750000000011,37.732100535,1981.224801101
527.800000000011,37.731444391,1983.111389724
527.850000000011,37.730788247,1984.997945540
527.900000000011,37.730132103,1986.884468549
527.950000000011,37.729475959,1988.770958751
528.000000000011,37.728819814,1990.657416145
528.050000000011,37.728163670,1992.543840732
528.061111111100,37.728017861,1992.963041740
528.100000000011,37.727616233,1994.430234626
528.150000000011,37.727099854,1996.316602528
528.200000000011,37.726583475,1998.202944611
528.250000000011,37.726067096,2000.089260875
528.300000000011,37.725550717,2001.975551321
528.350000000011,37.725034339,2003.861815947
528.400000000011,37.724517960,2005.748054755
528.450000000011,37.724001581,2007.634267743
528.500000000011,37.723485202,2009.520454913
528.550000000011,37.722968823,2011.406616263
528.600000000011,37.722452445,2013.292751795
528.650000000011,37.721936066,2015.178861508
528.700000000011,37.721419687,2017.064945402
528.750000000011,37.720903308,2018.951003476
528.800000000011,37.720386929,2020.837035732
528.850000000011,37.719870551,2022.723042169
528.900000000011,37.719354172,2024.609022787
528.950000000011,37.718837793,2026.494977587
529.000000000011,37.718321414,2028.380906567
529.050000000011,37.717805035,2030.266809728
529.061111111100,37.717690284,2030.685895812
529.100000000011,37.717234270,2032.152686013
529.150000000011,37.716647967,2034.038533069
529.200000000011,37.716061663,2035.924350809
529.250000000011,37.715475359,2037.810139235
529.300000000011,37.714889055,2039.695898345
529.350000000011,37.714302751,2041.581628140
529.400000000011,37.713716448,2043.467328620
529.450000000011,37.713130144,2045.352999785
529.500000000011,37.712543840,2047.238641635
529.550000000011,37.711957536,2049.124254169
529.600000000011,37.711371233,2051.009837388
529.650000000011,37.710784929,2052.895391292
529.700000000011,37.710198625,2054.780915881
529.750000000011,37.709612321,2056.666411155
529.800000000011,37.709026017,2058.551877113
529.850000000011,37.708439714,2060.437313757
529.900000000011,37.707853410,2062.322721085
529.950000000011,37.707267106,2064.208099098
530.000000000011,37.706680802,2066.093447795
530.050000000011,37.706094499,2067.978767178
530.061111111100,37.705964209,2068.397723059
530.100000000011,37.705839001,2069.864063678
530.150000000011,37.705678018,2071.749351603
530.200000000011,37.705517036,2073.634631479
530.250000000011,37.705356054,2075.519903307
530.300000000011,37.705195072,2077.405167085
530.350000000012,37.705034090,2079.290422814
530.400000000011,37.704873108,2081.175670494
530.450000000011,37.704712126,2083.060910125
530.500000000012,37.704551144,2084.946141707
530.550000000012,37.704390162,2086.831365239
530.600000000012,37.704229180,2088.716580723
530.650000000011,37.704068198,2090.601788157
530.700000000012,37.703907216,2092.486987543
530.750000000012,37.703746234,2094.372178879
530.800000000012,37.703585252,2096.257362166
530.850000000012,37.703424270,2098.142537404
530.900000000012,37.703263288,2100.027704593
530.950000000012,37.703102306,2101.912863733
531.000000000012,37.702941324,2103.798014823
531.050000000012,37.702780342,2105.683157865
531.061111111100,37.702744568,2106.102077447
531.100000000012,37.702680769,2107.568294052
531.150000000012,37.702598742,2109.453426039
531.200000000012,37.702516715,2111.338553926
531.250000000012,37.702434687,2113.223677711
531.300000000012,37.702352660,2115.108797395
531.350000000012,37.702270633,2116.993912977
531.400000000012,37.702188606,2118.879024458
531.450000000012,37.702106579,2120.764131838
531.500000000012,37.702024552,2122.649235116
531.550000000012,37.701942524,2124.534334293
531.600000000012,37.701860497,2126.419429368
531.650000000012,37.701778470,2128.304520342
531.700000000012,37.701696443,2130.189607215
531.750000000012,37.701614416,2132.074689987
531.800000000012,37.701532389,2133.959768657
531.850000000012,37.701450362,2135.844843226
531.900000000012,37.701368334,2137.729913693
531.950000000012,37.701286307,2139.614980059
532.000000000012,37.701204280,2141.500042324
532.050000000012,37.701122253,2143.385100487
532.061111111100,37.701104025,2143.804001743
532.100000000012,37.700416561,2145.270142422
532.150000000012,37.699532679,2147.155141153
532.200000000012,37.698648798,2149.040095690
532.250000000012,37.697764916,2150.925006033
532.300000000012,37.696881034,2152.809872182
532.350000000012,37.695997152,2154.694694136
532.400000000012,37.695113270,2156.579471897
532.450000000012,37.694229389,2158.464205463
532.500000000012,37.693345507,2160.348894836
532.550000000012,37.692461625,2162.233540014
532.600000000012,37.691577743,2164.118140998
532.650000000012,37.690693862,2166.002697788
532.700000000012,37.689809980,2167.887210384
532.750000000012,37.688926098,2169.771678786
532.800000000012,37.688042216,2171.656102994
532.850000000012,37.687158335,2173.540483008
532.900000000012,37.686274453,2175.424818828
532.950000000012,37.685390571,2177.309110453
533.000000000012,37.684506689,2179.193357885
533.050000000012,37.683622808,2181.077561122
533.061111111100,37.683426389,2181.496266950
533.100000000012,37.683197167,2182.961729076
533.150000000012,37.682902453,2184.845881566
533.200000000012,37.682607739,2186.730019321
533.250000000012,37.682313026,2188.614142340
533.300000000012,37.682018312,2190.498250624
533.350000000012,37.681723598,2192.382344171
533.400000000012,37.681428884,2194.266422983
533.450000000012,37.681134170,2196.150487060
533.500000000012,37.680839456,2198.034536400
533.550000000012,37.680544742,2199.918571005
533.600000000012,37.680250028,2201.802590875
533.650000000012,37.679955314,2203.686596008
533.700000000012,37.679660600,2205.570586406
533.750000000012,37.679365886,2207.454562068
533.800000000012,37.679071172,2209.338522995
533.850000000012,37.678776458,2211.222469185
533.900000000012,37.678481744,2213.106400640
533.950000000012,37.678187030,2214.990317360
534.000000000012,37.677892316,2216.874219343
534.050000000012,37.677597602,2218.758106591
534.061111111100,37.677532110,2219.176746200
534.100000000012,37.677144725,2220.641976028
534.150000000012,37.676646659,2222.525820813
534.200000000012,37.676148593,2224.409640694
534.250000000012,37.675650527,2226.293435672
534.300000000012,37.675152460,2228.177205747
534.350000000012,37.674654394,2230.060950918
534.400000000012,37.674156328,2231.944671186
534.450000000012,37.673658262,2233.828366551
534.500000000012,37.673160195,2235.712037012
534.550000000012,37.672662129,2237.595682570
534.600000000012,37.672164063,2239.479303225
534.650000000012,37.671665997,2241.362898977
534.700000000012,37.671167930,2243.246469825
534.750000000012,37.670669864,2245.130015770
534.800000000012,37.670171798,2247.013536811
534.850000000012,37.669673732,2248.897032950
534.900000000012,37.669175665,2250.780504185
534.950000000013,37.668677599,2252.663950516
535.000000000012,37.668179533,2254.547371944
535.050000000012,37.667681467,2256.430768469
535.061111111100,37.667570785,2256.849297648
535.100000000012,37.666944731,2258.314135450
535.150000000013,37.666139804,2260.197462564
535.200000000013,37.665334877,2262.080749431
535.250000000012,37.664529950,2263.963996051
535.300000000013,37.663725023,2265.847202426
535.350000000013,37.662920096,2267.730368554
535.400000000013,37.662115169,2269.613494435
535.450000000013,37.661310242,2271.496580071
535.500000000013,37.660505315,2273.379625459
535.550000000013,37.659700388,2275.262630602
535.600000000013,37.658895461,2277.145595498
535.650000000013,37.658090534,2279.028520148
535.700000000013,37.657285607,2280.911404552
535.750000000013,37.656480680,2282.794248709
535.800000000013,37.655675753,2284.677052620
535.850000000013,37.654870826,2286.559816284
535.900000000013,37.654065899,2288.442539702
535.950000000013,37.653260972,2290.325222874
536.000000000013,37.652456045,2292.207865799
536.050000000013,37.651651118,2294.090468478
536.061111111100,37.651472245,2294.508819163
536.100000000013,37.650919424,2295.973032335
536.150000000013,37.650208653,2297.855560537
536.200000000013,37.649497882,2299.738053200
536.250000000013,37.648787112,2301.620510325
536.300000000013,37.648076341,2303.502931912
536.350000000013,37.647365571,2305.385317959
536.400000000013,37.646654800,2307.267668469
536.450000000013,37.645944029,2309.149983439
536.500000000013,37.645233259,2311.032262872
536.550000000013,37.644522488,2312.914506765
536.600000000013,37.643811717,2314.796715120
536.650000000013,37.643100947,2316.678887937
536.700000000013,37.642390176,2318.561025215
536.750000000013,37.641679406,2320.443126955
536.800000000013,37.640968635,2322.325193156
536.850000000013,37.640257864,2324.207223818
536.900000000013,37.639547094,2326.089218942
536.950000000013,37.638836323,2327.971178527
537.000000000013,37.638125552,2329.853102574
537.050000000013,37.637414782,2331.734991083
537.061111111100,37.637256833,2332.153183702
537.100000000013,37.636191433,2333.616834086
537.150000000013,37.634821634,2335.498609412
537.200000000013,37.633451834,2337.380316249
537.250000000013,37.632082035,2339.261954596
537.300000000013,37.630712235,2341.143524453
537.350000000013,37.629342436,2343.025025819
537.400000000013,37.627972636,2344.906458696
537.450000000013,37.626602837,2346.787823083
537.500000000013,37.625233037,2348.669118980
537.550000000013,37.623863238,2350.550346387
537.600000000013,37.622493438,2352.431505304
537.650000000013,37.621123639,2354.312595731
537.700000000013,37.619753839,2356.193617667
537.750000000013,37.618384040,2358.074571114
537.800000000013,37.617014240,2359.955456071
537.850000000013,37.615644441,2361.836272539
537.900000000013,37.614274641,2363.717020516
537.950000000013,37.612904842,2365.597700003
538.000000000013,37.611535042,2367.478311000
538.050000000013,37.610165243,2369.358853507
538.061111111100,37.609860843,2369.776742540
538.100000000013,37.609626950,2371.239343692
538.150000000013,37.609326231,2373.119817522
538.200000000013,37.609025511,2375.000276315
538.250000000013,37.608724792,2376.880720073
538.300000000013,37.608424072,2378.761148795
538.350000000013,37.608123353,2380.641562480
538.400000000013,37.607822633,2382.521961130
538.450000000013,37.607521914,2384.402344743
538.500000000013,37.607221195,2386.282713321
538.550000000013,37.606920475,2388.163066863
538.600000000013,37.606619756,2390.043405369
538.650000000013,37.606319036,2391.923728839
538.700000000013,37.606018317,2393.804037272
538.750000000013,37.605717597,2395.684330670
538.800000000013,37.605416878,2397.564609032
538.850000000013,37.605116158,2399.444872358
538.900000000013,37.604815439,2401.325120648
538.950000000013,37.604514720,2403.205353902
539.000000000013,37.604214000,2405.085572120
539.050000000013,37.603913281,2406.965775302
539.061111111100,37.603846454,2407.383596188
539.100000000013,37.603270741,2408.845956801
539.150000000014,37.602530538,2410.726101833
539.200000000013,37.601790336,2412.606209855
539.250000000013,37.601050133,2414.486280867
539.300000000014,37.600309931,2416.366314869
539.350000000014,37.599569728,2418.246311860
539.400000000014,37.598829526,2420.126271841
539.450000000013,37.598089323,2422.006194813
539.500000000014,37.597349120,2423.886080774
539.550000000014,37.596608918,2425.765929725
539.600000000014,37.595868715,2427.645741666
539.650000000014,37.595128513,2429.525516596
539.700000000014,37.594388310,2431.405254517
539.750000000014,37.593648108,2433.284955427
539.800000000014,37.592907905,2435.164619328
539.850000000014,37.592167702,2437.044246218
539.900000000014,37.591427500,2438.923836098
539.950000000014,37.590687297,2440.803388968
540.000000000014,37.589947095,2442.682904828
540.050000000014,37.589206892,2444.562383677
540.061111111100,37.589042403,2444.980040617
540.100000000014,37.588391886,2446.441824062
540.150000000014,37.587555507,2448.321222747
540.200000000014,37.586719128,2450.200579613
540.250000000014,37.585882749,2452.079894660
540.300000000014,37.585046370,2453.959167888
540.350000000014,37.584209991,2455.838399297
540.400000000014,37.583373613,2457.717588887
540.450000000014,37.582537234,2459.596736658
540.500000000014,37.581700855,2461.475842610
540.550000000014,37.580864476,2463.354906744
540.600000000014,37.580028097,2465.233929058
540.650000000014,37.579191718,2467.112909553
540.700000000014,37.578355339,2468.991848230
540.750000000014,37.577518960,2470.870745087
540.800000000014,37.576682581,2472.749600126
540.850000000014,37.575846203,2474.628413345
540.900000000014,37.575009824,2476.507184746
540.950000000014,37.574173445,2478.385914328
541.000000000014,37.573337066,2480.264602091
541.050000000014,37.572500687,2482.143248034
541.061111111100,37.572314825,2482.560719231
541.100000000014,37.572189656,2484.021862374
541.150000000014,37.572028724,2485.900467834
541.200000000014,37.571867792,2487.779065247
541.250000000014,37.571706860,2489.657654613
541.300000000014,37.571545928,2491.536235933
541.350000000014,37.571384996,2493.414809206
541.400000000014,37.571224064,2495.293374432
541.450000000014,37.571063133,2497.171931612
541.500000000014,37.570902201,2499.050480746
541.550000000014,37.570741269,2500.929021832
541.600000000014,37.570580337,2502.807554872
541.650000000014,37.570419405,2504.686079866
541.700000000014,37.570258473,2506.564596813
541.750000000014,37.570097541,2508.443105713
541.800000000014,37.569936609,2510.321606567
541.850000000014,37.569775677,2512.200099374
541.900000000014,37.569614746,2514.078584135
541.950000000014,37.569453814,2515.957060849
542.000000000014,37.569292882,2517.835529516
542.050000000014,37.569131950,2519.713990137
542.061111111100,37.569096187,2520.131424737
542.100000000014,37.568349766,2521.592430631
542.150000000014,37.567390081,2523.470824128
542.200000000014,37.566430397,2525.349169639
542.250000000014,37.565470712,2527.227467167
542.300000000014,37.564511027,2529.105716711
542.350000000014,37.563551343,2530.983918270
542.400000000014,37.562591658,2532.862071845
542.450000000014,37.561631973,2534.740177436
542.500000000014,37.560672289,2536.618235042
542.550000000014,37.559712604,2538.496244665
542.600000000014,37.558752920,2540.374206303
542.650000000014,37.557793235,2542.252119957
542.700000000014,37.556833550,2544.129985626
542.750000000014,37.555873866,2546.007803312
542.800000000014,37.554914181,2547.885573013
542.850000000014,37.553954496,2549.763294730
542.900000000014,37.552994812,2551.640968462
542.950000000014,37.552035127,2553.518594211
543.000000000014,37.551075442,2555.396171975
543.050000000014,37.550115758,2557.273701755
543.061111111100,37.549902495,2557.690924078
543.100000000014,37.549590762,2559.151192003
543.150000000014,37.549189962,2561.028661521
543.200000000014,37.548789163,2562.906110999
543.250000000014,37.548388364,2564.783540438
543.300000000014,37.547987564,2566.660949836
543.350000000014,37.547586765,2568.538339194
543.400000000014,37.547185966,2570.415708512
543.450000000014,37.546785166,2572.293057791
543.500000000014,37.546384367,2574.170387029
543.550000000014,37.545983568,2576.047696227
543.600000000014,37.545582768,2577.924985386
543.650000000014,37.545181969,2579.802254504
543.700000000014,37.544781170,2581.679503583
543.750000000015,37.544380370,2583.556732621
543.800000000014,37.543979571,2585.433941620
543.850000000014,37.543578772,2587.311130578
543.900000000014,37.543177972,2589.188299497
543.950000000015,37.542777173,2591.065448375
544.000000000015,37.542376374,2592.942577214
544.050000000014,37.541975574,2594.819686013
544.061111111100,37.541886508,2595.236818579
544.100000000015,37.541485055,2596.696773027
544.150000000015,37.540968900,2598.573834376
544.200000000015,37.540452746,2600.450869917
544.250000000015,37.539936592,2602.327879650
544.300000000015,37.539420438,2604.204863576
544.350000000015,37.538904284,2606.081821694
544.400000000015,37.538388130,2607.958754005
544.450000000015,37.537871976,2609.835660507
544.500000000015,37.537355822,2611.712541202
544.550000000015,37.536839668,2613.589396090
544.600000000015,37.536323514,2615.466225169
544.650000000015,37.535807360,2617.343028441
544.700000000015,37.535291206,2619.219805905
544.750000000015,37.534775052,2621.096557562
544.800000000015,37.534258898,2622.973283410
544.850000000015,37.533742744,2624.849983451
544.900000000015,37.533226590,2626.726657685
544.950000000015,37.532710436,2628.603306110
545.000000000015,37.532194282,2630.479928728
545.050000000015,37.531678128,2632.356525539
545.061111111100,37.531563427,2632.773543546
545.100000000015,37.530932874,2634.233092086
545.150000000015,37.530122164,2636.109618462
545.200000000015,37.529311453,2637.986104303
545.250000000015,37.528500742,2639.862549608
545.300000000015,37.527690031,2641.738954377
545.350000000015,37.526879320,2643.615318611
545.400000000015,37.526068609,2645.491642309
545.450000000015,37.525257899,2647.367925472
545.500000000015,37.524447188,2649.244168099
545.550000000015,37.523636477,2651.120370191
545.600000000015,37.522825766,2652.996531747
545.650000000015,37.522015055,2654.872652767
545.700000000015,37.521204344,2656.748733252
545.750000000015,37.520393633,2658.624773202
545.800000000015,37.519582923,2660.500772615
545.850000000015,37.518772212,2662.376731494
545.900000000015,37.517961501,2664.252649837
545.950000000015,37.517150790,2666.128527644
546.000000000015,37.516340079,2668.004364916
546.050000000015,37.515529368,2669.880161652
546.061111111100,37.515349210,2670.296999865
546.100000000015,37.514175298,2671.755907287
546.150000000015,37.512665983,2673.631578319
546.200000000015,37.511156667,2675.507173885
546.250000000015,37.509647352,2677.382693986
546.300000000015,37.508138036,2679.258138621
546.350000000015,37.506628721,2681.133507790
546.400000000015,37.505119405,2683.008801493
546.450000000015,37.503610090,2684.884019730
546.500000000015,37.502100774,2686.759162502
546.550000000015,37.500591459,2688.634229807
546.600000000015,37.499082143,2690.509221648
546.650000000015,37.497572827,2692.384138022
546.700000000015,37.496063512,2694.258978930
546.750000000015,37.494554196,2696.133744373
546.800000000015,37.493044881,2698.008434350
546.850000000015,37.491535565,2699.883048861
546.900000000015,37.490026250,2701.757587906
546.950000000015,37.488516934,2703.632051486
547.000000000015,37.487007619,2705.506439600
547.050000000015,37.485498303,2707.380752248
547.061111111100,37.485162900,2707.797255920
547.100000000015,37.484553608,2709.255000409
547.150000000015,37.483770234,2711.129208505
547.200000000015,37.482986859,2713.003377432
547.250000000015,37.482203485,2714.877507191
547.300000000015,37.481420111,2716.751597781
547.350000000015,37.480636736,2718.625649202
547.400000000015,37.479853362,2720.499661454
547.450000000015,37.479069987,2722.373634538
547.500000000015,37.478286613,2724.247568453
547.550000000015,37.477503238,2726.121463199
547.600000000015,37.476719864,2727.995318777
547.650000000015,37.475936489,2729.869135186
547.700000000015,37.475153115,2731.742912426
547.750000000015,37.474369740,2733.616650497
547.800000000015,37.473586366,2735.490349400
547.850000000015,37.472802991,2737.364009134
547.900000000015,37.472019617,2739.237629699
547.950000000016,37.471236242,2741.111211096
548.000000000015,37.470452868,2742.984753323
548.050000000015,37.469669494,2744.858256382
548.061111111100,37.469495410,2745.274585075
548.100000000016,37.468966478,2746.731721835
548.150000000016,37.468286422,2748.605153158
548.200000000016,37.467606366,2750.478550477
548.250000000015,37.466926311,2752.351913794
548.300000000016,37.466246255,2754.225243108
548.350000000016,37.465566199,2756.098538420
548.400000000016,37.464886143,2757.971799728
548.450000000016,37.464206087,2759.845027034
548.500000000016,37.463526031,2761.718220337
548.550000000016,37.462845975,2763.591379637
548.600000000016,37.462165920,2765.464504935
548.650000000016,37.461485864,2767.337596229
548.700000000016,37.460805808,2769.210653521
548.750000000016,37.460125752,2771.083676810
548.800000000016,37.459445696,2772.956666096
548.850000000016,37.458765640,2774.829621380
548.900000000016,37.458085585,2776.702542660
548.950000000016,37.457405529,2778.575429938
549.000000000016,37.456725473,2780.448283213
549.050000000016,37.456045417,2782.321102485
549.061111111100,37.455894294,2782.737279927
549.100000000016,37.455138584,2784.193883345
549.150000000016,37.454166958,2786.066615984
549.200000000016,37.453195331,2787.939300041
549.250000000016,37.452223705,2789.811935517
549.300000000016,37.451252079,2791.684522412
549.350000000016,37.450280452,2793.557060725
549.400000000016,37.449308826,2795.429550457
549.450000000016,37.448337199,2797.301991607
549.500000000016,37.447365573,2799.174384177
549.550000000016,37.446393947,2801.046728165
549.600000000016,37.445422320,2802.919023571
549.650000000016,37.444450694,2804.791270397
549.700000000016,37.443479068,2806.663468641
549.750000000016,37.442507441,2808.535618303
549.800000000016,37.441535815,2810.407719385
549.850000000016,37.440564188,2812.279771885
549.900000000016,37.439592562,2814.151775804
549.950000000016,37.438620936,2816.023731141
550.000000000016,37.437649309,2817.895637897
550.050000000016,37.436677683,2819.767496072
550.061111111100,37.436461766,2820.183457957
550.100000000016,37.436055817,2821.639312466
550.150000000016,37.435533882,2823.511102209
550.200000000016,37.435011947,2825.382865855
550.250000000016,37.434490012,2827.254603404
550.300000000016,37.433968077,2829.126314856
550.350000000016,37.433446142,2830.998000211
550.400000000016,37.432924207,2832.869659470
550.450000000016,37.432402272,2834.741292632
550.500000000016,37.431880337,2836.612899697
550.550000000016,37.431358402,2838.484480666
550.600000000016,37.430836467,2840.356035537
550.650000000016,37.430314532,2842.227564312
550.700000000016,37.429792597,2844.099066991
550.750000000016,37.429270662,2845.970543572
550.800000000016,37.428748727,2847.841994057
550.850000000016,37.428226793,2849.713418445
550.900000000016,37.427704858,2851.584816736
550.950000000016,37.427182923,2853.456188931
551.000000000016,37.426660988,2855.327535028
551.050000000016,37.426139053,2857.198855029
551.061111111100,37.426023067,2857.614700373
551.100000000016,37.425227316,2859.070141354
551.150000000016,37.424204208,2860.941377142
551.200000000016,37.423181100,2862.812561775
551.250000000016,37.422157991,2864.683695252
551.300000000016,37.421134883,2866.554777574
551.350000000016,37.420111774,2868.425808741
551.400000000016,37.419088666,2870.296788752
551.450000000016,37.418065558,2872.167717607
551.500000000016,37.417042449,2874.038595307
551.550000000016,37.416019341,2875.909421852
551.600000000016,37.414996232,2877.780197241
551.650000000016,37.413973124,2879.650921475
551.700000000016,37.412950016,2881.521594554
551.750000000016,37.411926907,2883.392216477
551.800000000016,37.410903799,2885.262787244
551.850000000016,37.409880690,2887.133306857
551.900000000016,37.408857582,2889.003775314
551.950000000016,37.407834474,2890.874192615
552.000000000016,37.406811365,2892.744558761
552.050000000016,37.405788257,2894.614873751
552.061111111100,37.405560899,2895.030492357
552.100000000016,37.404415497,2896.485130788
552.150000000016,37.402942838,2898.355314746
552.200000000016,37.401470178,2900.225425072
552.250000000016,37.399997519,2902.095461764
552.300000000016,37.398524859,2903.965424823
552.350000000016,37.397052199,2905.835314250
552.400000000016,37.395579540,2907.705130043
552.450000000016,37.394106880,2909.574872204
552.500000000016,37.392634221,2911.444540731
552.550000000017,37.391161561,2913.314135626
552.600000000016,37.389688901,2915.183656888
552.650000000016,37.388216242,2917.053104516
552.700000000016,37.386743582,2918.922478512
552.750000000017,37.385270923,2920.791778874
552.800000000017,37.383798263,2922.661005604
552.850000000016,37.382325604,2924.530158701
552.900000000017,37.380852944,2926.399238164
552.950000000017,37.379380284,2928.268243995
553.000000000017,37.377907625,2930.137176193
553.050000000017,37.376434965,2932.006034758
553.061111111100,37.376107707,2932.421326660
553.100000000017,37.375035604,2933.874821115
553.150000000017,37.373657185,2935.743538434
553.200000000017,37.372278767,2937.612186833
553.250000000017,37.370900348,2939.480766311
553.300000000017,37.369521930,2941.349276868
553.350000000017,37.368143511,2943.217718504
553.400000000017,37.366765092,2945.086091219
553.450000000017,37.365386674,2946.954395013
553.500000000017,37.364008255,2948.822629886
553.550000000017,37.362629836,2950.690795839
553.600000000017,37.361251418,2952.558892870
553.650000000017,37.359872999,2954.426920980
553.700000000017,37.358494580,2956.294880170
553.750000000017,37.357116162,2958.162770438
553.800000000017,37.355737743,2960.030591786
553.850000000017,37.354359324,2961.898344213
553.900000000017,37.352980906,2963.766027719
553.950000000017,37.351602487,2965.633642303
554.000000000017,37.350224069,2967.501187967
554.050000000017,37.348845650,2969.368664710
554.061111111100,37.348539335,2969.783650181
554.100000000017,37.347285330,2971.236068995
554.150000000017,37.345673038,2973.103392954
554.200000000017,37.344060745,2974.970636299
554.250000000017,37.342448453,2976.837799029
554.300000000017,37.340836161,2978.704881144
554.350000000017,37.339223869,2980.571882645
554.400000000017,37.337611577,2982.438803531
554.450000000017,37.335999285,2984.305643803
554.500000000017,37.334386993,2986.172403460
554.550000000017,37.332774701,2988.039082502
554.600000000017,37.331162409,2989.905680930
554.650000000017,37.329550116,2991.772198743
554.700000000017,37.327937824,2993.638635941
554.750000000017,37.326325532,2995.504992525
554.800000000017,37.324713240,2997.371268495
554.850000000017,37.323100948,2999.237463849
554.900000000017,37.321488656,3001.103578589
554.950000000017,37.319876364,3002.969612715
555.000000000017,37.318264072,3004.835566226
555.050000000017,37.316651780,3006.701439122
555.061111111100,37.316293492,3007.116066595
555.100000000017,37.315801195,3008.567246215
555.150000000017,37.315168240,3010.433020451
555.200000000017,37.314535286,3012.298763039
555.250000000017,37.313902331,3014.164473979
555.300000000017,37.313269377,3016.030153272
555.350000000017,37.312636423,3017.895800917
555.400000000017,37.312003468,3019.761416914
555.450000000017,37.311370514,3021.627001264
555.500000000017,37.310737559,3023.492553966
555.550000000017,37.310104605,3025.358075020
555.600000000017,37.309471651,3027.223564426
555.650000000017,37.308838696,3029.089022185
555.700000000017,37.308205742,3030.954448296
555.750000000017,37.307572787,3032.819842759
555.800000000017,37.306939833,3034.685205574
555.850000000017,37.306306879,3036.550536742
555.900000000017,37.305673924,3038.415836262
555.950000000017,37.305040970,3040.281104135
556.000000000017,37.304408015,3042.146340359
556.050000000017,37.303775061,3044.011544936
556.061111111100,37.303634404,3044.426030543
556.100000000017,37.303117529,3045.876717387
556.150000000017,37.302452974,3047.741856650
556.200000000017,37.301788420,3049.606962685
556.250000000017,37.301123866,3051.472035492
556.300000000017,37.300459311,3053.337075071
556.350000000017,37.299794757,3055.202081423
556.400000000017,37.299130202,3057.067054547
556.450000000017,37.298465648,3058.931994443
556.500000000017,37.297801094,3060.796901112
556.550000000017,37.297136539,3062.661774553
556.600000000017,37.296471985,3064.526614766
556.650000000017,37.295807431,3066.391421751
556.700000000017,37.295142876,3068.256195509
556.750000000018,37.294478322,3070.120936039
556.800000000017,37.293813767,3071.985643341
556.850000000017,37.293149213,3073.850317416
556.900000000018,37.292484659,3075.714958262
556.950000000018,37.291820104,3077.579565882
557.000000000018,37.291155550,3079.444140273
557.050000000017,37.290490996,3081.308681436
557.061111111100,37.290343317,3081.723019404
557.100000000018,37.289330432,3083.173179728
557.150000000018,37.288028152,3085.037613692
557.200000000018,37.286725872,3086.901982543
557.250000000018,37.285423592,3088.766286280
557.300000000018,37.284121312,3090.630524902
557.350000000018,37.282819031,3092.494698411
557.400000000018,37.281516751,3094.358806805
557.450000000018,37.280214471,3096.222850086
557.500000000018,37.278912191,3098.086828252
557.550000000018,37.277609911,3099.950741305
557.600000000018,37.276307631,3101.814589244
557.650000000018,37.275005350,3103.678372068
557.700000000018,37.273703070,3105.542089779
557.750000000018,37.272400790,3107.405742375
557.800000000018,37.271098510,3109.269329858
557.850000000018,37.269796230,3111.132852226
557.900000000018,37.268493950,3112.996309481
557.950000000018,37.267191669,3114.859701621
558.000000000018,37.265889389,3116.723028647
558.050000000018,37.264587109,3118.586290560
558.061111111100,37.264297713,3119.000339919
558.100000000018,37.263471412,3120.449490986
558.150000000018,37.262409025,3122.312637997
558.200000000018,37.261346637,3124.175731889
558.250000000018,37.260284250,3126.038772661
558.300000000018,37.259221863,3127.901760314
558.350000000018,37.258159475,3129.764694847
558.400000000018,37.257097088,3131.627576261
558.450000000018,37.256034701,3133.490404556
558.500000000018,37.254972313,3135.353179731
558.550000000018,37.253909926,3137.215901787
558.600000000018,37.252847538,3139.078570724
558.650000000018,37.251785151,3140.941186541
558.700000000018,37.250722764,3142.803749239
558.750000000018,37.249660376,3144.666258818
558.800000000018,37.248597989,3146.528715277
558.850000000018,37.247535602,3148.391118617
558.900000000018,37.246473214,3150.253468837
558.950000000018,37.245410827,3152.115765938
559.000000000018,37.244348439,3153.978009920
559.050000000018,37.243286052,3155.840200782
559.061111111100,37.243049966,3156.254013759
559.100000000018,37.241396870,3157.702322448
559.150000000018,37.239271462,3159.564339157
559.200000000018,37.237146053,3161.426249594
559.250000000018,37.235020644,3163.288053762
559.300000000018,37.232895236,3165.149751659
559.350000000018,37.230769827,3167.011343285
559.400000000018,37.228644418,3168.872828642
559.450000000018,37.226519009,3170.734207727
559.500000000018,37.224393601,3172.595480542
559.550000000018,37.222268192,3174.456647087
559.600000000018,37.220142783,3176.317707362
559.650000000018,37.218017375,3178.178661366
559.700000000018,37.215891966,3180.039509099
559.750000000018,37.213766557,3181.900250562
559.800000000018,37.211641148,3183.760885755
559.850000000018,37.209515740,3185.621414677
559.900000000018,37.207390331,3187.481837329
559.950000000018,37.205264922,3189.342153710
560.000000000018,37.203139514,3191.202363821
560.050000000018,37.201014105,3193.062467662
560.061111111100,37.200541792,3193.475809638
560.100000000018,37.199599851,3194.922479060
560.150000000018,37.198388785,3196.782428776
560.200000000018,37.197177719,3198.642317938
560.250000000018,37.195966652,3200.502146547
560.300000000018,37.194755586,3202.361914603
560.350000000018,37.193544520,3204.221622106
560.400000000018,37.192333453,3206.081269055
560.450000000018,37.191122387,3207.940855451
560.500000000018,37.189911321,3209.800381294
560.550000000018,37.188700254,3211.659846583
560.600000000018,37.187489188,3213.519251319
560.650000000018,37.186278122,3215.378595502
560.700000000018,37.185067055,3217.237879132
560.750000000018,37.183855989,3219.097102208
560.800000000018,37.182644922,3220.956264730
560.850000000018,37.181433856,3222.815366700
560.900000000018,37.180222790,3224.674408116
560.950000000018,37.179011723,3226.533388979
561.000000000018,37.177800657,3228.392309288
561.050000000018,37.176589591,3230.251169045
561.061111111100,37.176320465,3230.664240766
561.100000000018,37.175255662,3232.109965858
561.150000000018,37.173886630,3233.968694416
561.200000000018,37.172517598,3235.827354521
561.250000000018,37.171148566,3237.685946176
561.300000000018,37.169779534,3239.544469378
561.350000000019,37.168410502,3241.402924129
561.400000000018,37.167041470,3243.261310428
561.450000000018,37.165672438,3245.119628276
561.500000000018,37.164303405,3246.977877672
561.550000000019,37.162934373,3248.836058616
561.600000000019,37.161565341,3250.694171109
561.650000000018,37.160196309,3252.552215151
561.700000000019,37.158827277,3254.410190740
561.750000000019,37.157458245,3256.268097878
561.800000000019,37.156089213,3258.125936565
561.850000000019,37.154720181,3259.983706800
561.900000000019,37.153351149,3261.841408583
561.950000000019,37.151982117,3263.699041915
562.000000000019,37.150613085,3265.556606795
562.050000000019,37.149244053,3267.414103223
562.061111111100,37.148939823,3267.826870910
562.100000000019,37.147797180,3269.271529686
562.150000000019,37.146328068,3271.128882817
562.200000000019,37.144858956,3272.986162493
562.250000000019,37.143389844,3274.843368713
562.300000000019,37.141920732,3276.700501477
562.350000000019,37.140451620,3278.557560786
562.400000000019,37.138982508,3280.414546639
562.450000000019,37.137513396,3282.271459037
562.500000000019,37.136044283,3284.128297979
562.550000000019,37.134575171,3285.985063465
562.600000000019,37.133106059,3287.841755496
562.650000000019,37.131636947,3289.698374071
562.700000000019,37.130167835,3291.554919191
562.750000000019,37.128698723,3293.411390855
562.800000000019,37.127229611,3295.267789063
562.850000000019,37.125760499,3297.124113816
562.900000000019,37.124291386,3298.980365113
562.950000000019,37.122822274,3300.836542955
563.000000000019,37.121353162,3302.692647340
563.050000000019,37.119884050,3304.548678271
563.061111111100,37.119557581,3304.961119612
563.100000000019,37.118653426,3306.404640383
563.150000000019,37.117490941,3308.260543992
563.200000000019,37.116328456,3310.116389477
563.250000000019,37.115165970,3311.972176837
563.300000000019,37.114003485,3313.827906074
563.350000000019,37.112841000,3315.683577186
563.400000000019,37.111678515,3317.539190174
563.450000000019,37.110516030,3319.394745037
563.500000000019,37.109353545,3321.250241777
563.550000000019,37.108191060,3323.105680392
563.600000000019,37.107028575,3324.961060883
563.650000000019,37.105866090,3326.816383249
563.700000000019,37.104703605,3328.671647492
563.750000000019,37.103541120,3330.526853610
563.800000000019,37.102378635,3332.382001604
563.850000000019,37.101216149,3334.237091473
563.900000000019,37.100053664,3336.092123219
563.950000000019,37.098891179,3337.947096840
564.000000000019,37.097728694,3339.802012337
564.050000000019,37.096566209,3341.656869709
564.061111111100,37.096307879,3342.069052342
564.100000000019,37.094610122,3343.511653526
564.150000000019,37.092427292,3345.366329462
564.200000000019,37.090244462,3347.220896256
564.250000000019,37.088061632,3349.075353908
564.300000000019,37.085878802,3350.929702419
564.350000000019,37.083695972,3352.783941788
564.400000000019,37.081513142,3354.638072016
564.450000000019,37.079330311,3356.492093102
564.500000000019,37.077147481,3358.346005047
564.550000000019,37.074964651,3360.199807851
564.600000000019,37.072781821,3362.053501512
564.650000000019,37.070598991,3363.907086033
564.700000000019,37.068416161,3365.760561411
564.750000000019,37.066233331,3367.613927649
564.800000000019,37.064050500,3369.467184744
564.850000000019,37.061867670,3371.320332699
564.900000000019,37.059684840,3373.173371511
564.950000000019,37.057502010,3375.026301183
565.000000000019,37.055319180,3376.879121712
565.050000000019,37.053136350,3378.731833101
565.061111111100,37.052651276,3379.143531920
565.100000000019,37.051881896,3380.584453399
565.150000000019,37.050892692,3382.437022764
565.200000000019,37.049903488,3384.289542668
565.250000000019,37.048914285,3386.142013113
565.300000000019,37.047925081,3387.994434097
565.350000000020,37.046935877,3389.846805621
565.400000000019,37.045946674,3391.699127685
565.450000000019,37.044957470,3393.551400288
565.500000000020,37.043968267,3395.403623432
565.550000000020,37.042979063,3397.255797115
565.600000000020,37.041989859,3399.107921338
565.650000000019,37.041000656,3400.959996101
565.700000000020,37.040011452,3402.812021404
565.750000000020,37.039022248,3404.663997246
565.800000000020,37.038033045,3406.515923628
565.850000000020,37.037043841,3408.367800550
565.900000000020,37.036054637,3410.219628012
565.950000000020,37.035065434,3412.071406014
566.000000000020,37.034076230,3413.923134556
566.050000000020,37.033087026,3415.774813637
566.061111111100,37.032867203,3416.186291160
566.100000000020,37.030936408,3417.626420675
566.150000000020,37.028453956,3419.477905434
566.200000000020,37.025971505,3421.329266071
566.250000000020,37.023489053,3423.180502585
566.300000000020,37.021006602,3425.031614976
566.350000000020,37.018524150,3426.882603245
566.400000000020,37.016041699,3428.733467391
566.450000000020,37.013559247,3430.584207415
566.500000000020,37.011076795,3432.434823316
566.550000000020,37.008594344,3434.285315095
566.600000000020,37.006111892,3436.135682750
566.650000000020,37.003629441,3437.985926284
566.700000000020,37.001146989,3439.836045695
566.750000000020,36.998664538,3441.686040983
566.800000000020,36.996182086,3443.535912148
566.850000000020,36.993699635,3445.385659191
566.900000000020,36.991217183,3447.235282112
566.950000000020,36.988734731,3449.084780910
567.000000000020,36.986252280,3450.934155585
567.050000000020,36.983769828,3452.783406138
567.061111111100,36.983218172,3453.194333848
567.100000000020,36.982465314,3454.632555472
567.150000000020,36.981497354,3456.481654539
567.200000000020,36.980529394,3458.330705207
567.250000000020,36.979561434,3460.179707478
567.300000000020,36.978593474,3462.028661351
567.350000000020,36.977625514,3463.877566826
567.400000000020,36.976657554,3465.726423902
567.450000000020,36.975689594,3467.575232581
567.500000000020,36.974721634,3469.423992862
567.550000000020,36.973753674,3471.272704745
567.600000000020,36.972785714,3473.121368229
567.650000000020,36.971817754,3474.969983316
567.700000000020,36.970849794,3476.818550005
567.750000000020,36.969881834,3478.667068295
567.800000000020,36.968913874,3480.515538188
567.850000000020,36.967945914,3482.363959683
567.900000000020,36.966977954,3484.212332780
567.950000000020,36.966009994,3486.060657478
568.000000000020,36.965042034,3487.908933779
568.050000000020,36.964074074,3489.757161682
568.061111111100,36.963858972,3490.167872420
568.100000000020,36.962581165,3491.605330979
568.150000000020,36.960938270,3493.453418965
568.200000000020,36.959295375,3495.301424806
568.250000000020,36.957652480,3497.149348502
568.300000000020,36.956009585,3498.997190054
568.350000000020,36.954366689,3500.844949461
568.400000000020,36.952723794,3502.692626723
568.450000000020,36.951080899,3504.540221840
568.500000000020,36.949438004,3506.387734813
568.550000000020,36.947795109,3508.235165641
568.600000000020,36.946152214,3510.082514324
568.650000000020,36.944509319,3511.929780862
568.700000000020,36.942866424,3513.776965256
568.750000000020,36.941223529,3515.624067505
568.800000000020,36.939580634,3517.471087609
568.850000000020,36.937937739,3519.318025568
568.900000000020,36.936294844,3521.164881382
568.950000000020,36.934651948,3523.011655052
569.000000000020,36.933009053,3524.858346577
569.050000000020,36.931366158,3526.704955958
569.061111111100,36.931001071,3527.115302441
569.100000000020,36.929832669,3528.551485320
569.150000000020,36.928330439,3530.397939398
569.200000000020,36.926828209,3532.244318364
569.250000000020,36.925325979,3534.090622219
569.300000000020,36.923823748,3535.936850962
569.350000000020,36.922321518,3537.783004594
569.400000000020,36.920819288,3539.629083114
569.450000000020,36.919317058,3541.475086523
569.500000000020,36.917814827,3543.321014820
569.550000000020,36.916312597,3545.166868005
569.600000000020,36.914810367,3547.012646080
569.650000000020,36.913308137,3548.858349042
569.700000000020,36.911805907,3550.703976893
569.750000000020,36.910303676,3552.549529633
569.800000000020,36.908801446,3554.395007261
569.850000000020,36.907299216,3556.240409777
569.900000000020,36.905796986,3558.085737182
569.950000000020,36.904294756,3559.930989476
570.000000000020,36.902792525,3561.776166658
570.050000000020,36.901290295,3563.621268729
570.061111111100,36.900956466,3564.031281209
570.100000000020,36.898982410,3565.466280022
570.150000000020,36.896444338,3567.311165691
570.200000000020,36.893906265,3569.155924456
570.250000000020,36.891368193,3571.000556317
570.300000000020,36.888830120,3572.845061275
570.350000000021,36.886292048,3574.689439329
570.400000000020,36.883753976,3576.533690480
570.450000000020,36.881215903,3578.377814727
570.500000000021,36.878677831,3580.221812070
570.550000000021,36.876139759,3582.065682510
570.600000000021,36.873601686,3583.909426046
570.650000000020,36.871063614,3585.753042679
570.700000000021,36.868525542,3587.596532408
570.750000000021,36.865987469,3589.439895233
570.800000000021,36.863449397,3591.283131154
570.850000000021,36.860911325,3593.126240172
570.900000000021,36.858373252,3594.969222287
570.950000000021,36.855835180,3596.812077498
571.000000000021,36.853297108,3598.654805805
571.050000000021,36.850759035,3600.497407208
571.061111111100,36.850195019,3600.906856952
571.100000000021,36.848894362,3602.339894802
571.150000000021,36.847222088,3604.182297714
571.200000000021,36.845549814,3606.024617011
571.250000000021,36.843877540,3607.866852695
571.300000000021,36.842205266,3609.709004765
571.350000000021,36.840532992,3611.551073222
571.400000000021,36.838860718,3613.393058064
571.450000000021,36.837188444,3615.234959293
571.500000000021,36.835516170,3617.076776909
571.550000000021,36.833843896,3618.918510910
571.600000000021,36.832171623,3620.760161298
571.650000000021,36.830499349,3622.601728073
571.700000000021,36.828827075,3624.443211233
571.750000000021,36.827154801,3626.284610780
571.800000000021,36.825482527,3628.125926713
571.850000000021,36.823810253,3629.967159033
571.900000000021,36.822137979,3631.808307739
571.950000000021,36.820465705,3633.649372831
572.000000000021,36.818793431,3635.490354309
572.050000000021,36.817121157,3637.331252174
572.061111111100,36.816749541,3637.740329232
572.100000000021,36.815534823,3639.172068096
572.150000000021,36.813973042,3641.012805792
572.200000000021,36.812411261,3642.853465400
572.250000000021,36.810849481,3644.694046919
572.300000000021,36.809287700,3646.534550348
572.350000000021,36.807725919,3648.374975689
572.400000000021,36.806164139,3650.215322940
572.450000000021,36.804602358,3652.055592102
572.500000000021,36.803040577,3653.895783176
572.550000000021,36.801478796,3655.735896160
572.600000000021,36.799917016,3657.575931055
572.650000000021,36.798355235,3659.415887862
572.700000000021,36.796793454,3661.255766579
572.750000000021,36.795231674,3663.095567207
572.800000000021,36.793669893,3664.935289746
572.850000000021,36.792108112,3666.774934196
572.900000000021,36.790546331,3668.614500558
572.950000000021,36.788984551,3670.453988830
573.000000000021,36.787422770,3672.293399013
573.050000000021,36.785860989,3674.132731107
573.061111111100,36.785513927,3674.541460966
573.100000000021,36.783646226,3675.971972415
573.150000000021,36.781244897,3677.811094693
573.200000000021,36.778843570,3679.650096904
573.250000000021,36.776442243,3681.488979050
573.300000000021,36.774040917,3683.327741129
573.350000000021,36.771639593,3685.166383141
573.400000000021,36.769238269,3687.004905088
573.450000000021,36.766836946,3688.843306968
573.500000000021,36.764435624,3690.681588783
573.550000000021,36.762034302,3692.519750531
573.600000000021,36.759632982,3694.357792213
573.650000000021,36.757231663,3696.195713829
573.700000000021,36.754830344,3698.033515379
573.750000000021,36.752429027,3699.871196863
573.800000000021,36.750027710,3701.708758282
573.850000000021,36.747626395,3703.546199634
573.900000000021,36.745225080,3705.383520921
573.950000000021,36.742823766,3707.220722143
574.000000000000,36.740422453,3709.057803297
574.000000000021,36.740422453,3709.057803298
574.050000000021,36.738173524,3710.894768197
574.100000000021,36.735924595,3712.731620650
574.105555555600,36.735674714,3712.935708427
574.150000000022,36.733633336,3714.568359716
574.200000000021,36.731336786,3716.404983969
574.225000000000,36.730188511,3717.323253035
574.250000000021,36.729060060,3718.241493643
574.300000000022,36.726803157,3720.077890223
574.308333333300,36.726427007,3720.383945347
574.350000000022,36.724566348,3721.914174377
574.391666666700,36.722705688,3723.444325878
574.400000000022,36.722336750,3723.750346888
574.450000000021,36.720123122,3725.586408385
574.475000000000,36.719016307,3726.504397627
574.500000000022,36.717915127,3727.422359271
574.550000000022,36.715712768,3729.258199968
574.558333333300,36.715345708,3729.564162710
574.600000000022,36.713511401,3731.093930568
574.641666666700,36.711677095,3732.623621995
574.650000000022,36.711311742,3732.929551115
574.700000000022,36.709119621,3734.765061899
574.725000000000,36.708023561,3735.682776188
574.750000000022,36.706936877,3736.600463194
574.800000000022,36.704763509,3738.435755704
574.808333333300,36.704401282,3738.741627222
574.850000000022,36.702607129,3740.270939899
574.891666666700,36.700812976,3741.800177819
574.900000000022,36.700457257,3742.106016444
574.950000000022,36.698322944,3743.940985949
574.975000000000,36.697255788,3744.858430683
575.000000000022,36.696193785,3745.775848803
575.050000000022,36.694069781,3747.610605392
575.058333333300,36.693715780,3747.916387830
575.100000000022,36.691951215,3749.445255894
575.141666666700,36.690186651,3750.974050434
575.150000000022,36.689834441,3751.279800521
575.200000000022,36.687721181,3753.114239412
575.225000000000,36.686664551,3754.031419233
575.250000000022,36.685599008,3754.948572528
575.300000000022,36.683467924,3756.782799201
575.308333333300,36.683112744,3757.088493285
575.350000000022,36.681320401,3758.616918978
575.391666666700,36.679528059,3760.145269988
575.400000000022,36.679167337,3760.450931218
575.450000000022,36.677003007,3762.284835477
575.475000000000,36.675920842,3763.201747024
575.500000000022,36.674845759,3764.118631607
575.550000000022,36.672695592,3765.952320141
575.558333333300,36.672337231,3766.257924443
575.600000000022,36.670542186,3767.785901099
575.641666666700,36.668747141,3769.313802961
575.650000000022,36.668385372,3769.619374346
575.700000000022,36.666214760,3771.452739349
575.725000000000,36.665129455,3772.369381151
575.750000000022,36.664037789,3773.285995742
575.800000000022,36.661854458,3775.119143048
575.808333333300,36.661490569,3775.424656984
575.850000000022,36.659648910,3776.952180725
575.891666666700,36.657807250,3778.479627729
575.900000000022,36.657437221,3778.785107914
575.950000000022,36.655217043,3780.617924270
575.975000000000,36.654106954,3781.534290819
576.000000000022,36.652980256,3782.450629410
576.050000000022,36.650726862,3784.283222088
576.058333333300,36.650351296,3784.588643245
576.100000000022,36.648451078,3786.115701630
576.141666666700,36.646550860,3787.642680838
576.150000000022,36.647534673,3787.948072860
576.164044805955,36.649192769,3788.462792016
576.194444444400,36.640057527,3789.576707471
576.200000000022,36.644696377,3789.780276234
576.250000000022,36.662033763,3791.612944487
576.300000000022,36.636060466,3793.445396843
576.302777777800,36.633365619,3793.547159935
576.350000000022,36.643237252,3795.277301947
576.386111111100,36.625759534,3796.600214388
576.400000000022,36.631909137,3797.108948199
576.450000000022,36.628234690,3798.940451795
576.469444444400,36.616029115,3799.652548802
576.500000000022,36.624197283,3800.771496707
576.550000000022,36.606381998,3802.602261189
576.552777777800,36.604271930,3802.703942653
576.600000000022,36.609188797,3804.432593809
576.636111111100,36.590622537,3805.754257068
576.650000000022,36.594957452,3806.262490264
576.700000000022,36.587616725,3808.092054618
576.719444444400,36.575197156,3808.803359751
576.750000000022,36.579970010,3809.921008140
576.800000000022,36.560213297,3811.749512723
576.802777777800,36.558126940,3811.851065973
576.850000000022,36.558715900,3813.577435874
576.886111111100,36.539540605,3814.897265504
576.900000000022,36.542252035,3815.404777954
576.950000000022,36.531933431,3817.231632591
576.969444444400,36.519567576,3817.941855515
577.000000000022,36.521348160,3819.057758396
577.050000000022,36.500309481,3820.883299837
577.052777777800,36.498283467,3820.984686772
577.100000000022,36.495046826,3822.708140404
577.136111111100,36.475646494,3824.025666810
577.150000000022,36.476832658,3824.532281250
577.200000000022,36.463889601,3826.355799306
577.219444444400,36.451714814,3827.064701013
577.250000000022,36.450612315,3828.178486569
577.300000000022,36.428469984,3830.000463627
577.302777777800,36.426514204,3830.101651105
577.350000000022,36.419476962,3831.821625896
577.386111111100,36.399870277,3833.136419665
577.400000000022,36.392047166,3833.641919092
577.450000000022,36.332783628,3835.460039862
577.469444444400,36.298332682,3836.166175713
577.500000000022,36.241149599,3837.274417806
577.550000000022,36.124588358,3839.083561255
577.552777777800,36.117584069,3839.183897605
577.600000000022,36.042819123,3840.887684903
577.636111111100,35.980442324,3842.188104900
577.650000000022,35.970083778,3842.687761332
577.700000000022,35.927851160,3844.485209706
577.719444444400,35.909755080,3845.183630875
577.750000000022,35.899863972,3846.280722280
577.800000000022,35.875629068,3848.075109606
577.802777777800,35.873944806,3848.174761792
577.850000000022,35.863831078,3849.868570389
577.886111111100,35.847185872,3851.163352638
577.900000000022,35.845405465,3851.661217857
577.950000000022,35.830358965,3853.453111968
577.969444444400,35.820991055,3854.149722313
578.000000000022,35.814861836,3855.244158957
578.050000000022,35.795332833,3857.034413823
578.052777777800,35.793916715,3857.133843337
578.100000000022,35.781908660,3858.823828102
578.136111111100,35.766604512,3860.115676256
578.150000000022,35.763579843,3860.612413648
578.200000000022,35.746942229,3862.400176700
578.219444444400,35.738176326,3863.095170906
578.250000000022,35.730065269,3864.187046822
578.300000000022,35.710912508,3865.973071266
578.302777777800,35.709649020,3866.072266490
578.350000000022,35.695358703,3867.758218062
578.386111111100,35.681007842,3869.046958012
578.400000000022,35.677028458,3869.542499932
578.450000000022,35.659822006,3871.325921193
578.469444444400,35.652047213,3872.019231031
578.500000000022,35.642284505,3873.108449990
578.550000000022,35.624039481,3874.890108090
578.552777777800,35.622957834,3874.989062252
578.600000000022,35.606425481,3876.670867136
578.636111111100,35.593055131,3877.956413313
578.650000000022,35.588191570,3878.450727527
578.700000000022,35.570661868,3880.229698863
578.719444444400,35.563970187,3880.921285561
578.750000000022,35.552636522,3882.007789277
578.800000000022,35.535425895,3883.784990838
578.802777777800,35.534532930,3883.883699114
578.850000000022,35.516628016,3885.561295970
578.886111111100,35.504901122,3886.843629133
578.900000000022,35.499103233,3887.336712498
578.950000000022,35.481068515,3889.111216792
578.969444444400,35.475388748,3889.801071235
579.000000000022,35.462655894,3890.884846919
579.050000000022,35.446759670,3892.657582309
579.052777777800,35.446070904,3892.756044573
579.100000000022,35.426924679,3894.429434747
579.136111111100,35.416941002,3895.708560098
579.150000000023,35.408302007,3896.200402065
579.200000000022,35.374468679,3897.969971332
579.219444444400,35.353772136,3898.657607004
579.250000000022,35.293578894,3899.736941536
579.300000000023,35.195247741,3901.499162202
579.302777777800,35.190303433,3901.596919912
579.350000000023,35.114418078,3903.256892503
579.386111111100,35.077127093,3904.524239845
579.400000000023,35.063604227,3905.011328258
579.450000000022,35.034589883,3906.763783111
579.469444444400,35.031879919,3907.444984899
579.500000000023,35.018181913,3908.515194179
579.550000000023,35.014546908,3910.266012399
579.552777777800,35.014895055,3910.363275513
579.600000000023,35.000949022,3912.016427387
579.636111111100,35.000314149,3913.280339082
579.650000000023,34.993835327,3913.766409566
579.700000000023,34.981909327,3915.515803182
579.719444444400,34.982223432,3916.196010026
579.750000000023,34.968972747,3917.264708859
579.800000000023,34.963020896,3919.013008700
579.802777777800,34.963277385,3919.110128559
579.850000000023,34.945158059,3920.760744396
579.886111111100,34.944021500,3922.022632359
579.900000000023,34.936551575,3922.507914117
579.950000000023,34.923912774,3924.254425726
579.969444444400,34.925156574,3924.933513898
580.000000000023,34.910661568,3926.000450011
580.050000000023,34.906273555,3927.745873389
580.052777777800,34.906747958,3927.842835919
580.100000000023,34.887932381,3929.490765871
580.136111111100,34.888953049,3930.750626301
580.150000000023,34.952302456,3931.235635021
580.200000000023,35.116117500,3932.987345520
580.219444444400,34.884229493,3933.667904447
580.250000000023,35.339237099,3934.740762967
580.300000000023,34.893518334,3936.496581853
580.302777777800,34.829514731,3936.593419398
580.350000000023,35.287021675,3938.248948730
580.386111111100,34.686717610,3939.512363466
580.400000000023,35.047212894,3939.996626874
580.450000000023,34.979082110,3941.747284249
580.469444444400,34.426733420,3942.422063008
580.500000000023,35.156179580,3943.485135293
580.550000000023,34.092632017,3945.216355583
580.552777777800,33.962956547,3945.310877233
580.600000000023,34.716777898,3946.932482075
580.636111111100,33.081846729,3948.156623907
580.650000000023,33.793237502,3948.621034215
580.700000000023,32.682511229,3950.282927933
580.719444444400,31.075749355,3950.902799909
580.750000000023,30.722053710,3951.846933014
580.783333333300,27.887548244,3952.823759711
580.800000000023,27.180956208,3953.282663917
580.850000000000,21.151963884,3954.490986918
580.850000000023,21.151963882,3954.490986919
580.900000000023,15.159120884,3955.398764038
580.922222222200,11.974265709,3955.700246111
580.950000000023,7.444492110,3955.969951081
581.000000000000,2.543338727,3956.219646852
581.000000000023,2.543338725,3956.219646852
581.050000000023,0.328026903,3956.291430992
581.086111111100,0.037696455,3956.298034331
581.100000000023,0.014545700,3956.298397123
581.150000000023,0.000024144,3956.298761370
581.164044805955,0.000001005,3956.298761546
