time_h,cycle,phase,dt_s,applied_boundary_head_cm,drywell_net_flux_to_well_m3_s,well_to_soil_flux_m3_s,soil_to_well_flux_m3_s,step_well_to_soil_m3,step_soil_to_well_m3,step_net_to_soil_m3,step_well_storage_change_m3,step_external_supply_m3,cumulative_wetting_well_to_soil_m3,cumulative_wetting_soil_to_well_m3,cumulative_wetting_net_to_soil_m3,cumulative_drainage_well_to_soil_m3,cumulative_drainage_soil_to_well_m3,cumulative_drainage_net_to_soil_m3,cumulative_total_well_to_soil_m3,cumulative_total_soil_to_well_m3,cumulative_total_net_to_soil_m3,cumulative_external_supply_m3,reservoir_state_head_cm,reservoir_state_storage_m3
1440.0003,3,drainage,1.08,566.490026509417,-1.44223767681124e-05,0.000120488101451936,0.000106065724683824,0.000130127149568091,0.00011455098265853,1.55761669095614e-05,0,0,0,0,0,0.000130127149568091,0.00011455098265853,1.55761669095614e-05,0.000130127149568091,0.00011455098265853,1.55761669095614e-05,0,566.490026509417,6.62219264978921
1440.00075,3,drainage,1.62,567.060527786613,-2.95646253652176e-05,0.000128443515413688,9.88788900484699e-05,0.000208078494970174,0.000160183801878521,4.78946930916526e-05,0,0,0,0,0,0.000338205644538265,0.000274734784537051,6.3470860001214e-05,0.000338205644538265,0.000274734784537051,6.3470860001214e-05,0,567.060527786613,6.62886173342309
1440.001425,3,drainage,2.43,567.916279701688,-4.80462537154429e-05,0.000141246306347916,9.32000526324734e-05,0.000343228524425437,0.00022647612789691,0.000116752396528526,0,0,0,0,0,0.000681434168963702,0.000501210912433961,0.00018022325652974,0.000681434168963702,0.000501210912433961,0.00018022325652974,0,567.916279701688,6.63886535886548
1440.0024375,3,drainage,3.645,569.199907574588,-6.6242871059937e-05,0.000153371634853499,8.71287637935616e-05,0.000559039609041003,0.000317584344027532,0.00024145526501347,0,0,0,0,0,0.0012404737780047,0.000818795256461494,0.000421678521543211,0.0012404737780047,0.000818795256461494,0.000421678521543211,0,569.199907574588,6.65387079703243
1440.00395625,3,drainage,5.4675,571.125349384226,-8.9513844176096e-05,0.000169745595834609,8.02317516585131e-05,0.000928084045225725,0.00043866710219292,0.000489416943032805,0,0,0,0,0,0.00216855782323043,0.00125746235865441,0.000911095464576015,0.00216855782323043,0.00125746235865441,0.000911095464576015,0,571.125349384226,6.67637895428623
1440.006234375,3,drainage,8.20125,574.013512098539,-0.00012801132200802,0.000200286770591156,7.22754485831355e-05,0.00164260187731072,0.00059274902269244,0.00104985285461828,0,0,0,0,0,0.00381115970054115,0.00185021138134685,0.00196094831919429,0.00381115970054115,0.00185021138134685,0.00196094831919429,0,574.013512098539,6.71014119016525
1440.00946171875,3,drainage,11.6184375,578.105075943913,-0.000177738632755931,0.000240788956124396,6.30503233684648e-05,0.00279759143742153,0.000732546241411297,0.00206504519601024,0,0,0,0,0,0.00660875113796268,0.00258275762275815,0.00402599351520453,0.00660875113796268,0.00258275762275815,0.00402599351520453,0,578.105075943913,6.75797102432831
1440.01376484375,3,drainage,15.49125,583.560494404314,-0.000263325524627611,0.000316130476446955,5.28049518193439e-05,0.0048972562432589,0.000818014709871411,0.00407924153338749,0,0,0,0,0,0.0115060073812216,0.00340077233262956,0.00810523504859202,0.0115060073812216,0.00340077233262956,0.00810523504859202,0,583.560494404314,6.8217441365446
1440.01914375,3,drainage,19.3640625,590.379767479744,-0.000288592019239886,0.000331263919598853,4.26719003589674e-05,0.00641461524310717,0.000826301345544818,0.00558831389756236,0,0,0,0,0,0.0179206226243288,0.00422707367817438,0.0136935489461544,0.0179206226243288,0.00422707367817438,0.0136935489461544,0,590.379767479744,6.90146052681412
1440.02452265625,3,drainage,19.3640625,597.199040555462,-0.000406677752614535,0.000440447640776639,3.37698881621036e-05,0.00852885564397638,0.000653922224988984,0.0078749334189874,0,0,0,0,0,0.0264494782683051,0.00488099590316336,0.0215684823651418,0.0264494782683051,0.00488099590316336,0.0215684823651418,0,597.199040555462,6.98117691708701
1440.03124628906,3,drainage,24.205078125,605.723131899894,-0.000529880568472883,0.000554001025003779,2.41204565308953e-05,0.0134096380915465,0.000583837534740987,0.0128258005568056,0,0,0,0,0,0.0398591163598517,0.00546483343790435,0.0343942829219473,0.0398591163598517,0.00546483343790435,0.0343942829219473,0,605.723131899894,7.08082240492561
1440.03460810547,3,drainage,12.1025390625,609.985177571965,-0.000506216642041242,0.000525992816060214,1.97761740189718e-05,0.00636584860296312,0.000239341918571404,0.00612650668439171,0,0,0,0,0,0.0462249649628148,0.00570417535647575,0.040520789606339,0.0462249649628148,0.00570417535647575,0.040520789606339,0,609.985177571965,7.13064514884322
1440.03796992187,3,drainage,12.1025390625,614.247223244325,-0.000623137084608162,0.000638988021621204,1.58509370130414e-05,0.00773337749214021,0.000191836584377561,0.00754154090776266,0,0,0,0,0,0.053958342454955,0.00589601194085332,0.0480623305141017,0.053958342454955,0.00589601194085332,0.0480623305141017,0,614.247223244325,7.18046789276419
1440.04245234375,3,drainage,16.13671875,619.929950807376,-0.00069132639327528,0.000702900222845473,1.15738295701933e-05,0.0113425032053697,0.000186763632634643,0.0111557395727351,0,0,0,0,0,0.0653008456603247,0.00608277557348796,0.0592180700868368,0.0653008456603247,0.00608277557348796,0.0592180700868368,0,619.929950807376,7.24689821799104
1440.04730830078,3,drainage,17.4814453125,626.086239000464,-0.000760362040381086,0.000767915408332718,7.55336795163184e-06,0.0134242712153945,0.000132043788771642,0.0132922274266229,0,0,0,0,0,0.0787251168757193,0.0062148193622596,0.0725102975134597,0.0787251168757193,0.0062148193622596,0.0725102975134597,0,626.086239000464,7.31886440365094
1440.05297358398,3,drainage,20.39501953125,633.268575225878,-0.000842023060987551,0.000845803301460374,3.78024047282298e-06,0.0172501748528801,7.70980782760465e-05,0.017173076774604,0,0,0,0,0,0.0959752917285993,0.00629191744053565,0.0896833742880637,0.0959752917285993,0.00629191744053565,0.0896833742880637,0,633.268575225878,7.40282495358916
1440.05958308105,3,drainage,23.794189453125,641.647967488765,-0.00100470028467342,0.00100602757201118,1.32728733776507e-06,0.0239376106435014,3.15817263735161e-05,0.0239060289171279,0,0,0,0,0,0.119912902372101,0.00632349916690916,0.113589403205192,0.119912902372101,0.00632349916690916,0.113589403205192,0,641.647967488765,7.50077892851597
1440.06466730957,3,drainage,18.30322265625,648.093653844942,-0.0009786167826792,0.000978982945758162,3.66163078961807e-07,0.0179185428328832,6.70196436273601e-06,0.0179118408685204,0,0,0,0,0,0.137831445204984,0.0063302011312719,0.131501244073712,0.137831445204984,0.0063302011312719,0.131501244073712,0,648.093653844942,7.57612813999942
1440.06890416667,3,drainage,15.252685546875,653.465059141517,-0.00110494422997832,0.00110494422997832,0,0.0168533668866933,0,0.0168533668866933,0,0,0,0,0,0.154684812091677,0.0063302011312719,0.148354610960405,0.154684812091677,0.0063302011312719,0.148354610960405,0,653.465059141517,7.63891914956616
1440.07137566664,3,drainage,8.89739990234376,656.598378897996,-0.00120558612368626,0.00120558612368626,0,0.0107265818591531,0,0.0107265818591531,0,0,0,0,0,0.16541139395083,0.0063302011312719,0.159081192819558,0.16541139395083,0.0063302011312719,0.159081192819558,0,656.598378897996,7.67554723848178
1440.07281737496,3,drainage,5.19014994303386,658.426148756255,-0.00116879164244259,0.00116879164244259,0,0.00606620387644185,0,0.00606620387644185,0,0,0,0,0,0.171477597827272,0.0063302011312719,0.165147396696,0.171477597827272,0.0063302011312719,0.165147396696,0,658.426148756255,7.69691362368621
1440.07461951035,3,drainage,6.48768742879232,660.710861078429,-0.001206922294422,0.001206922294422,0,0.00783013459705079,0,0.00783013459705079,0,0,0,0,0,0.179307732424323,0.0063302011312719,0.172977531293051,0.179307732424323,0.0063302011312719,0.172977531293051,0,660.710861078429,7.72362160518415
1440.07702235755,3,drainage,8.65024990505643,663.757144174854,-0.00123625416690549,0.00123625416690549,0,0.0106939074898998,0,0.0106939074898998,0,0,0,0,0,0.190001639914223,0.0063302011312719,0.183671438782951,0.190001639914223