index,target_6h_time_h,actual_existing_time_h,source_pvd,source_vtu,packaged_vtu
0,954.000000,955.000000000,floodmar_C3continuous_955_to1030_5min.pvd,floodmar_C3continuous_955_to1030_5min-00000.vtu,floodmar_samevolume_6h_000955.000h_0000.vtu
1,960.000000,960.000000000,floodmar_C3continuous_955_to1030_5min.pvd,floodmar_C3continuous_955_to1030_5min-00060.vtu,floodmar_samevolume_6h_000960.000h_0001.vtu
2,966.000000,966.011111111,floodmar_C3continuous_955_to1030_5min.pvd,floodmar_C3continuous_955_to1030_5min-00132.vtu,floodmar_samevolume_6h_000966.011h_0002.vtu
3,972.000000,971.991666667,floodmar_C3continuous_955_to1030_5min.pvd,floodmar_C3continuous_955_to1030_5min-00203.vtu,floodmar_samevolume_6h_000971.992h_0003.vtu
4,978.000000,977.997222222,floodmar_C3continuous_955_to1030_5min.pvd,floodmar_C3continuous_955_to1030_5min-00275.vtu,floodmar_samevolume_6h_000977.997h_0004.vtu
5,984.000000,983.997222222,floodmar_C3continuous_955_to1030_5min.pvd,floodmar_C3continuous_955_to1030_5min-00347.vtu,floodmar_samevolume_6h_000983.997h_0005.vtu
6,990.000000,989.997222222,floodmar_C3continuous_955_to1030_5min.pvd,floodmar_C3continuous_955_to1030_5min-00419.vtu,floodmar_samevolume_6h_000989.997h_0006.vtu
7,996.000000,995.997222222,floodmar_C3continuous_955_to1030_5min.pvd,floodmar_C3continuous_955_to1030_5min-00491.vtu,floodmar_samevolume_6h_000995.997h_0007.vtu
8,1002.000000,1001.997222222,floodmar_C3continuous_955_to1030_5min.pvd,floodmar_C3continuous_955_to1030_5min-00563.vtu,floodmar_samevolume_6h_001001.997h_0008.vtu
9,1008.000000,1007.997222222,floodmar_C3continuous_955_to1030_5min.pvd,floodmar_C3continuous_955_to1030_5min-00635.vtu,floodmar_samevolume_6h_001007.997h_0009.vtu
10,1014.000000,1013.997222222,floodmar_C3continuous_955_to1030_5min.pvd,floodmar_C3continuous_955_to1030_5min-00707.vtu,floodmar_samevolume_6h_001013.997h_0010.vtu
11,1020.000000,1019.997222222,floodmar_C3continuous_955_to1030_5min.pvd,floodmar_C3continuous_955_to1030_5min-00779.vtu,floodmar_samevolume_6h_001019.997h_0011.vtu
12,1026.000000,1025.997222222,floodmar_C3continuous_955_to1030_5min.pvd,floodmar_C3continuous_955_to1030_5min-00851.vtu,floodmar_samevolume_6h_001025.997h_0012.vtu
13,1032.000000,1032.025000000,floodmar_C3auto_i08_t1060p953978_5min.pvd,floodmar_C3auto_i08_t1060p953978_5min-00002.vtu,floodmar_samevolume_6h_001032.025h_0013.vtu
14,1038.000000,1038.025000000,floodmar_C3auto_i08_t1060p953978_5min.pvd,floodmar_C3auto_i08_t1060p953978_5min-00008.vtu,floodmar_samevolume_6h_001038.025h_0014.vtu
15,1044.000000,1044.025000000,floodmar_C3auto_i08_t1060p953978_5min.pvd,floodmar_C3auto_i08_t1060p953978_5min-00014.vtu,floodmar_samevolume_6h_001044.025h_0015.vtu
16,1050.000000,1050.025000000,floodmar_C3auto_i08_t1060p953978_5min.pvd,floodmar_C3auto_i08_t1060p953978_5min-00020.vtu,floodmar_samevolume_6h_001050.025h_0016.vtu
17,1056.000000,1056.025000000,floodmar_C3auto_i08_t1060p953978_5min.pvd,floodmar_C3auto_i08_t1060p953978_5min-00026.vtu,floodmar_samevolume_6h_001056.025h_0017.vtu
18,1062.000000,1062.000000000,floodmar_C3auto_i08_t1060p953978_5min.pvd,floodmar_C3auto_i08_t1060p953978_5min-00032.vtu,floodmar_samevolume_6h_001062.000h_0018.vtu
