time_h,hours_since_rewetting,bottom_export_cumulative_kg,storage_below_10m_kg,delta_storage_below_10m_kg,respiration_below_10m_cum_kg,net_downward_across_10m_cum_kg,storage_below_15m_kg,delta_storage_below_15m_kg,respiration_below_15m_cum_kg,net_downward_across_15m_cum_kg,storage_below_20m_kg,delta_storage_below_20m_kg,respiration_below_20m_cum_kg,net_downward_across_20m_cum_kg,storage_10_15m_kg,delta_storage_10_15m_kg,respiration_10_15m_cum_kg,storage_15_20m_kg,delta_storage_15_20m_kg,respiration_15_20m_cum_kg,storage_20_30m_kg,delta_storage_20_30m_kg,respiration_20_30m_cum_kg,transport_convergence_10_15m_cum_kg,transport_convergence_15_20m_cum_kg,transport_convergence_20_30m_cum_kg
480.0,0.0,0.0,68.24377782443746,0.0,0.0,0.0,0.11020713550635033,0.0,0.0,0.0,0.0033951005938706786,0.0,0.0,0.0,68.13357068893112,0.0,0.0,0.10681203491247963,0.0,0.0,0.0033951005938706786,0.0,0.0,0.0,0.0,-5.252411160735979e-05
486.0,6.0,3.813092166075383e-06,71.98624167581723,3.7424638513797674,1.3991250535605888,5.1415927180325225,0.19608567110736894,0.0858785356010186,0.010364770477103368,0.09624711917028804,0.0032469949928836932,-0.00014810560098698538,0.0001556585250692341,1.1366016248324117e-05,71.79015600470984,3.6565853157787274,1.3887602830834855,0.1928386761144852,0.08602664120200558,0.010209111952034132,0.0032469949928836932,-0.00014810560098698538,0.0001556585250692341,5.045345598862235,0.09623575315403972,-4.115809535903567e-05
492.0,12.0,7.4422816173215045e-06,72.48755892742173,4.243781102984272,2.8340058203513774,7.077794365617267,0.3533807678704034,0.24317363236405307,0.02485778065704263,0.268038855302713,0.003105620128875021,-0.0002894804649956578,0.00030384369122912373,2.1805507850787423e-05,72.13417815955133,4.00060747062021,2.809148039694335,0.3502751477415285,0.24346311282904887,0.024553936965813507,0.003105620128875021,-0.0002894804649956578,0.00030384369122912373,6.809755510314554,0.2680170497948622,-3.0718603756572365e-05
498.0,18.0,1.0898353698781065e-05,66.65193526359415,-1.591842560843304,4.215996626709189,2.6241649642195837,0.5030603508148815,0.39285321530853123,0.04392393548506263,0.43678804914729263,0.002974859429398163,-0.0004202411644725155,0.00044508076841572036,3.573795764198595e-05,66.14887491277928,-1.9846957761518382,4.172072691224127,0.5000854913854833,0.39327345647300366,0.04347885471664691,0.002974859429398163,-0.0004202411644725155,0.00044508076841572036,2.1873769150722913,0.43675231118965063,-1.678615396537384e-05
504.0,24.0,1.419556393385174e-05,57.52672140751063,-10.71705641692683,5.47152229219081,-5.245519929172086,0.5860319252270275,0.4758247897206772,0.0660634397756676,0.5419024250602787,0.002857158801728767,-0.0005379417921419116,0.0005800061648971007,5.6259936689040837e-05,56.9406894822836,-11.192881206647513,5.405458852415143,0.583174766425299,0.4763627315128193,0.0654834336107705,0.002857158801728767,-0.0005379417921419116,0.0005800061648971007,-5.787422354232365,0.5418461651235897,3.735825081681048e-06
510.0,30.0,1.7358313269480464e-05,47.76122248844392,-20.48255533599354,6.577652576296689,-13.904885401383579,0.5356386758762729,0.4254315403699226,0.08871916430127558,0.5141680629844676,0.0027620977795470535,-0.0006330028143236252,0.0007097366501461317,9.409214909198699e-05,47.22558381256765,-20.907986876363466,6.488933411995413,0.5328765780967258,0.4260645431842462,0.08800942765112944,0.0027620977795470535,-0.0006330028143236252,0.0007097366501461317,-14.419053464368046,0.5140739708353756,4.15680374846272e-05
516.0,36.0,2.041382084172465e-05,37.32185939529268,-30.92191842914478,7.5250463376808945,-23.396851677643046,0.21681910253445566,0.10661196702810533,0.10839746149171495,0.215029842340662,0.0026753134721411937,-0.0007197871217294849,0.0008358080754134788,0.0001364347745257185,37.10504029275822,-31.028530396172897,7.416648876189179,0.21414378906231446,0.10733175414983483,0.10756165341630147,0.0026753134721411937,-0.0007197871217294849,0.0008358080754134788,-23.611881519983708,0.21489340756613629,8.39106629183587e-05
522.0,42.0,2.3380371625276504e-05,27.67181075098151,-40.57196707345595,8.321984617502965,-32.249959075581366,0.17072426615873673,0.0605171306523864,0.12609034935406413,0.1866308603780758,0.0025873280640283337,-0.0008077725298423449,0.0009594590038721157,0.0001750668456550473,27.501086484822775,-40.63248420410834,8.195894268148901,0.1681369380947084,0.06132490318222876,0.12513089035019204,0.0025873280640283337,-0.0008077725298423449,0.0009594590038721157,-32.43658993595944,0.18645579353242075,0.0001225427340476875
528.0,48.0,2.62750860418336e-05,19.904013928537978,-48.33976389589948,8.997953019707905,-39.34178460110553,0.21366932289691445,0.10346218739056412,0.14667586457112683,0.2501643270477328,0.0025039459984377414,-0.0008911545954329372,0.0010815930097465977,0.00021671350035549404,19.690344605641062,-48.44322608329006,8.851277155136778,0.21116537689847673,0.10435334198599709,0.14559427156138027,0.0025039459984377414,-0.0008911545954329372,0.0010815930097465977,-39.591948928153265,0.2499476135473773,0.00016418938874813424
534.0,54.0,2.9119512218645896e-05,14.082105239078455,-54.161672585359,9.585957828596078,-44.5756856372507,0.26733879017801687,0.15713165467166654,0.1725051595068725,0.3296659336907577,0.002429272912731829,-0.0009658276811388496,0.0012031890858878297,0.00026648091696762605,13.81476644890044,-54.31880424003067,9.413452669089205,0.26490951726528505,0.1580974823528054,0.1713019704209847,0.002429272912731829,-0.0009658276811388496,0.0012031890858878297,-44.905351570941455,0.32939945277379007,0.00021395680536026628
540.0,60.0,3.1943078354667876e-05,9.853749743988871,-58.39002808044859,10.113510367500124,-48.276485769870106,0.3166280668784533,0.20642093137210296,0.20390275294042703,0.41035562739088466,0.002366842948116367,-0.0010282576457543114,0.0013255624948787684,0.0003292479274791248,9.537121677110418,-58.596449011820695,9.909607614559697,0.3142612239303369,0.20744918901785725,0.20257719044554828,0.002366842948116367,-0.0010282576457543114,0.0013255624948787684,-48.68684139726099,0.41002637946340553,0.00027672381587176504
546.0,66.0,3.479049905919623e-05,6.750580002376513,-61.49319782206095,10.599705639408937,-50.89345739215295,0.3534190859964451,0.24321195049009478,0.2399569483326417,0.4832036893217957,0.002322272774125981,-0.0010728278197446976,0.0014504238808500083,0.00041238656016450695,6.3971609163800665,-61.73640977255105,10.359748691076295,0.35109681322231917,0.24428477830983952,0.2385065244517917,0.002322272774125981,-0.0010728278197446976,0.0014504238808500083,-51.37666108147475,0.4827913027616312,0.0003598624485571472
552.0,72.0,3.7735358566766445e-05,4.421765156824209,-63.82201266761325,11.053702172246032,-52.76827276000865,0.37556704894264603,0.2653599134362957,0.2792020039303742,0.5445996527252367,0.002304259032507636,-0.0010908415613630428,0.0015800609094298083,0.0005269547066335319,4.046198107881564,-64.08737258104955,10.774500168315658,0.3732627899101384,0.26645075499765875,0.2776219430209444,0.002304259032507636,-0.0010908415613630428,0.0015800609094298083,-53.31287241273389,0.5440726980186031,0.00047443059502617213
558.0,78.0,4.088900028942425e-05,3.967365502366515,-64.27641232207094,11.487295499799897,-52.78907593327075,0.38646234594770384,0.2762552104413535,0.3202392146045866,0.5965353140462295,0.002324139174829153,-0.0010709614190415255,0.0017176177627595214,0.0006875453440074201,3.5809031564188114,-64.5526675325123,11.167056285195311,0.3841382067728747,0.27732617186039504,0.3185215968418271,0.002324139174829153,-0.0010709614190415255,0.0017176177627595214,-53.38561124731698,0.5958477687022221,0.0006350212324000603
564.0,84.0,4.437168401158198e-05,3.8437063032798218,-64.40007152115764,11.908988204589853,-52.491038944883776,0.38954995108884166,0.2793428155824913,0.3620387059296148,0.6414258931961178,0.002395226314916501,-0.0009998742789541775,0.0018672907842605287,0.0009117881893179331,3.45415635219098,-64.67941433674014,11.54694949866024,0.38715472477392515,0.2803426898614455,0.36017141514535433,0.002395226314916501,-0.0009998742789541775,0.0018672907842605287,-53.13246483807989,0.6405141050067998,0.0008592640777105733
570.0,90.0,4.825193182402113e-05,3.6499996178661163,-64.59377820657134,12.31354959462927,-52.28018036001025,0.3874418295361315,0.2772346940297812,0.40389753238089904,0.6811804783425043,0.0025317230424037503,-0.0008633775514669284,0.002034616347091548,0.001219490727448641,3.2625577883299846,-64.87101290060113,11.909652062248371,0.3849101064937277,0.27809807158124805,0.4018629160338076,0.0025317230424037503,-0.0008633775514669284,0.002034616347091548,-52.96136083835275,0.6799609876150556,0.0011669666158412811
576.0,96.0,5.252411160735979e-05,3.4063188226985996,-64.83745900173886,12.694497769687993,-52.14290870793926,0.38220065392992875,0.27199351842357844,0.4453652057562951,0.717411248291481,0.0027480625959012198,-0.0006470379979694589,0.0022267040397888614,0.0016321901534267623,3.0241181687686707,-65.10945252016245,12.249132563931699,0.37945259133402753,0.2726405564215479,0.44313850171650637,0.0027480625959012198,-0.0006470379979694589,0.0022267040397888614,-52.86031995623075,0.7157790581380542,0.0015796660418194025
