time_h,drainage_elapsed_h,total_O2_kg,positive_increment_vs_102h_kg,O2_below_10m_kg,positive_increment_below_10m_kg,O2_below_15m_kg,positive_increment_below_15m_kg,O2_below_16m_kg,positive_increment_below_16m_kg,O2_below_20m_kg,positive_increment_below_20m_kg,z50_positive_increment_m,z90_positive_increment_m,z95_positive_increment_m,z99_positive_increment_m
102.0,0.0,66.35649276745102,0.0,3.691517905519563,0.0,1.073007454225382,0.0,0.7656790285343158,0.0,0.12127757192602687,0.0,nan,nan,nan,nan
108.0,6.0,89.39223877210298,25.2695085793237,3.320583727297176,0.012982241597243281,0.9907596323967944,0.012957643193637902,0.7196194264489966,0.012957643193637902,0.12470139619125543,0.010278450505386706,0.4833335876464844,4.733332951863606,5.666666666666668,6.333333333333332
114.0,12.0,111.09039568648627,47.53739764124943,2.970283306465407,0.021466693539979428,0.9097529290455564,0.02109964366050822,0.6714090182098722,0.02109964366050822,0.12712918897267633,0.017262554150973487,0.5666669209798165,3.333333333333332,5.733332951863606,6.866666158040363
120.0,18.0,131.7000735113511,68.60449230685056,2.6669975942417063,0.026956216842769037,0.8328305884333518,0.02548761304691864,0.6231818557011551,0.02548761304691864,0.1282738525313245,0.02144053073413198,0.7333335876464844,2.9333330790201835,5.266667048136394,7.0666669209798165
126.0,24.0,151.06459240391868,88.37421039771255,2.4084666470382987,0.031144937429797265,0.7610524426422094,0.027327353053590686,0.5762081078556908,0.027327353053590686,0.1280491753023923,0.023570132719592032,0.8666661580403634,2.9333330790201835,4.53333346048991,7.133333841959637
132.0,30.0,169.44029940732216,107.20403755597782,2.181516534602292,0.03400980499006945,0.6935533317172378,0.02732032553207353,0.5305130918706701,0.02732032553207353,0.12605444881721017,0.024067389820010478,1.0666669209798165,3.0666669209798165,4.266667048136394,7.133333841959637
138.0,36.0,186.13198220544862,124.32866634166204,1.9852763051451006,0.03422009493262902,0.6326737532076112,0.025418898633541107,0.4882000329389772,0.025418898633541107,0.11898495027282496,0.02269726496026115,1.2333335876464844,3.1333338419596366,4.133333841959637,7.133333841959637
144.0,42.0,201.77856449740995,140.38092513421478,1.80459585711565,0.03405483508263675,0.5658358885514652,0.023205211714707373,0.4333259345666487,0.02318807877968964,0.10688778564454911,0.021052802743140513,1.333332697550457,3.2666670481363944,4.133333841959637,7.133333841959637
150.0,48.0,215.8655122461704,154.9230199237833,1.5803874120513544,0.03004471510437695,0.47342081648821566,0.02010270007064367,0.36377184436039933,0.02010270007064367,0.09271687147685174,0.018496256038536586,1.46666653951009,3.333333333333332,4.266667048136394,7.133333841959637
156.0,54.0,227.7915356624543,167.40287949940011,1.3104832081112368,0.02686001383919063,0.3941094546040763,0.01750327541612865,0.3040183333788947,0.01750327541612865,0.07847105824245884,0.01636316585998741,1.5666669209798165,3.53333346048991,4.333333333333332,6.9333330790201835
162.0,60.0,237.72490121908962,177.84938586698428,1.116072987619836,0.023739435813526527,0.3272054484006669,0.015311242121268491,0.25113060763922546,0.015311242121268491,0.06640704884112836,0.014552163154913441,1.666667302449543,3.666666666666668,4.333333333333332,6.53333346048991
168.0,66.0,245.91786529962565,186.5542698750992,0.9430911942052356,0.019932741791115025,0.2725713234246333,0.01260345001514472,0.20874861470312717,0.01260345001514472,0.056947427937032294,0.012149496115828584,1.7666664123535156,3.7333329518636056,4.46666653951009,6.133333841959637
174.0,72.0,252.65726423014854,193.79080272606924,0.8141829354885732,0.01658543428997566,0.23361565341696044,0.010416506754446886,0.17859041045091345,0.010416506754446886,0.0492218560720854,0.010177550752631813,1.8666661580403634,3.8666661580403634,4.46666653951009,6.0666669209798165
180.0,78.0,258.543035335242,200.18999110234284,0.7196136519020851,0.013683465324142444,0.20531245343493162,0.0086761791686487,0.1561029107018799,0.0086761791686487,0.04318232688122992,0.008574374936292874,1.9333330790201835,3.9333330790201835,4.53333346048991,6.0666669209798165
186.0,84.0,264.0574808080032,206.40092044859364,0.6435101139448309,0.011227057417727991,0.18242621627735836,0.007314189231914252,0.13727743555179361,0.007314189231914252,0.03859068308530944,0.007288379442229583,2.0666669209798165,4.0666669209798165,4.733332951863606,6.133333841959637
192.0,90.0,269.4731930186563,212.76430371388273,0.5789936863568461,0.009114863703099557,0.16351829112483596,0.006210253643270509,0.12193377792687596,0.006210253643270509,0.035049341479097135,0.006210253643270509,2.1333338419596366,4.266667048136394,4.866666158040363,6.266667048136394
198.0,96.0,275.1653653076198,219.52115924202488,0.5216064693376872,0.007295889419860837,0.1478928401566236,0.005297215850998506,0.10941755207180848,0.005297215850998506,0.032189079595019744,0.005297215850998507,2.1333338419596366,4.333333333333332,4.9333330790201835,6.46666653951009
204.0,102.0,281.25170753348715,226.6657335896695,0.47180162570556894,0.0058112064420418,0.13538314298419662,0.0045745938004151405,0.0994508979568029,0.0045745938004151405,0.029889657307773237,0.0045745938004151405,2.2666670481363944,4.46666653951009,5.133333841959637,6.53333346048991
210.0,108.0,288.04557969857257,234.46740434508058,0.4280070569880322,0.00466737350427258,0.12503759083463328,0.003993535534015479,0.09127548165378434,0.003993535534015479,0.027964792095181663,0.003993535534015479,2.333333333333332,4.666666666666668,5.333333333333332,6.733332951863606
216.0,114.0,295.63420113857563,242.7881482230556,0.3893542180057917,0.0038119554996465382,0.11634534046748482,0.0035358568712133987,0.08446700718654862,0.0035358568712133987,0.026312670048223755,0.0035358568712133983,2.46666653951009,4.733332951863606,5.46666653951009,6.866666158040363
222.0,120.0,304.02699612118556,251.65954024893898,0.35499168789854163,0.0032118033675019066,0.1088691515592769,0.003168286559223582,0.07870369082546133,0.003168286559223582,0.024865086603297483,0.003168286559223582,2.46666653951009,4.9333330790201835,5.666666666666668,7.0666669209798165
228.0,126.0,313.17269005764956,261.0865277240846,0.3242501252341222,0.0028696697420149716,0.10228924588772959,0.0028696697420149716,0.07372844422238467,0.0028696697420149716,0.023572129903845003,0.002869669742014971,2.53333346048991,5.0666669209798165,5.733332951863606,7.133333841959637
234.0,132.0,322.9961049802555,271.04923654961635,0.2966189125085518,0.002618957157831367,0.09636993033517653,0.002618957157831367,0.06935293082828509,0.002618957157831367,0.022398324274654567,0.0026189571578313676,2.666666666666668,5.133333841959637,5.9333330790201835,7.266667048136394
240.0,138.0,333.4230646792081,281.51249534735825,0.27179929765381267,0.002403767905920139,0.0909348279325429,0.002403767905920139,0.06543599755603642,0.002403767905920139,0.02131905753830534,0.002403767905920139,2.7333329518636056,5.333333333333332,6.0666669209798165,7.46666653951009
246.0,144.0,344.35499462515446,292.39976860660937,0.24957036741975913,0.002219252464856868,0.0858655331183817,0.002219252464856868,0.061870450875020216,0.002219252464856868,0.020314774610017756,0.002219252464856868,2.8666661580403634,5.46666653951009,6.266667048136394,7.53333346048991
252.0,150.0,355.69450345661863,303.63935149821975,0.229857917970112,0.0020584978057811313,0.08107369995854478,0.0020584978057811313,0.05857135937024886,0.0020584978057811313,0.019370426160319542,0.0020584978057811313,2.8666661580403634,5.666666666666668,6.46666653951009,7.733332951863606
258.0,156.0,367.3483299661036,315.1548841587918,0.2127184674509824,0.001916743711472694,0.07650464741344716,0.001916743711472694,0.05547886603608693,0.001916743711472694,0.018474997891641174,0.001916743711472694,2.9333330790201835,5.733332951863606,6.53333346048991,7.866666158040363
264.0,162.0,379.2293710971095,326.86976359407953,0.19837372222659003,0.0017881734216754217,0.0721251137236424,0.0017881734216754217,0.052550768830628564,0.0017881734216754217,0.017621183783023516,0.0017881734216754212,3.0666669209798165,5.9333330790201835,6.733332951863606,7.9333330790201835
270.0,168.0,391.2917036474185,338.7475232891332,0.19177367885713503,0.001669217950913212,0.06792220338721525,0.001669217950913212,0.04976236493465127,0.001669217950913212,0.016805395964904404,0.0016692179509132123,3.1333338419596366,6.0666669209798165,6.866666158040363,8.166666666666668
276.0,174.0,403.492521340179,350.74859742636033,0.2190441430501848,0.01334934501720456,0.06388955651183548,0.0015592029726543396,0.047096912189607515,0.0015592029726543396,0.016025470935736835,0.0015592029726543396,3.1333338419596366,6.266667048136394,6.9333330790201835,8.333333333333332
282.0,180.0,415.79551461253357,362.84571983504514,0.2991355007716185,0.05489435882488546,0.060026437043026674,0.0014562546537238825,0.04454337925192531,0.0014562546537238825,0.015280090431599756,0.001456254653723882,3.2666670481363944,6.333333333333332,7.133333841959637,8.416666666666668
288.0,186.0,428.1855139755794,375.020984644353,0.4476919643286664,0.15230563367666078,0.056335724094889794,0.001358553090338866,0.04209647701547686,0.001358553090338866,0.014568777124241044,0.001358553090338866,3.333333333333332,6.46666653951009,7.266667048136394,8.583333333333332
294.0,192.0,440.6350871515567,387.2439197462516,0.6677746923317648,0.31396236459965926,0.05282071901323453,0.001263982000053453,0.039752753765590565,0.001263982000053453,0.013890560563717014,0.0012639820000534532,3.333333333333332,6.666666666666668,7.46666653951009,8.833333333333332
300.0,198.0,453.1239065300267,399.5068767246154,0.9702834731845811,0.5622081542966604,0.04948389551822438,0.0011731437798900124,0.03750968521287991,0.0011731437798900124,0.013244574202272121,0.0011731437798900121,3.46666653951009,6.733332951863606,7.53333346048991,8.916666666666668
306.0,204.0,465.63961394458977,411.79209159822346,1.3597052429228076,0.8948362174182857,0.04632838666040477,0.0010826517805360937,0.03536689033543203,0.0010826517805360937,0.012630024160464406,0.0010826517805360937,3.53333346048991,6.866666158040363,7.666666666666668,9.083333333333332
312.0,210.0,478.1549740300876,424.06862903743723,1.8386356019223853,1.3103731216926324,0.04335419817431704,0.000994249059208048,0.03332289117855186,0.000994249059208048,0.012045584603021669,0.0009942490592080478,3.53333346048991,6.9333330790201835,7.733332951863606,9.333333333333332
318.0,216.0,490.65654675313385,436.33815282511506,2.416239381539724,1.8331457468279022,0.04056176857624081,0.00091006797565406,0.031378053303474,0.00091006797565406,0.011490251866352365,0.0009100679756540601,3.666666666666668,7.0666669209798165,7.866666158040363,9.416666666666668
324.0,222.0,503.12611028031137,448.56941966376934,3.101398159542939,2.457878583007189,0.03795031873895616,0.0008304886340783447,0.029532251626038637,0.0008304886340783447,0.010962711743524882,0.0008304886340783446,3.7333329518636056,7.266667048136394,8.083333333333332,9.583333333333332
330.0,228.0,515.5474357409971,460.75080387898066,3.906805898027708,3.2018213740687003,0.03551962146584012,0.0007520865525994897,0.027786038492324812,0.0007520865525994897,0.010461847639840316,0.0007520865525994899,3.7333329518636056,7.333333333333332,8.166666666666668,9.666666666666668
336.0,234.0,527.9278320367509,472.8951556592355,4.845580184252655,4.083180676365607,0.03327115151720132,0.0006748344468871597,0.02614161774312304,0.0006748344468871597,0.009987179697515072,0.0006748344468871597,3.8666661580403634,7.46666653951009,8.333333333333332,9.916666666666668
342.0,240.0,540.2474974656196,484.9749503067211,5.924326836583997,5.098767619597158,0.03120317896634074,0.000600911964212472,0.02459836077844011,0.000600911964212472,0.009537216172058046,0.000600911964212472,3.9333330790201835,7.53333346048991,8.416666666666668,10.083333333333332
348.0,246.0,552.498198878656,496.99417154286834,7.150681520492605,6.269278968010657,0.02931306603343821,0.0005295242688552746,0.02315507038475874,0.0005295242688552746,0.00911041147524684,0.0005295242688552746,3.9333330790201835,7.666666666666668,8.583333333333332,10.166666666666668
354.0,252.0,564.6624752758133,508.925674376331,8.530930882221016,7.5889179904451005,0.027599169441675703,0.00046117833428752,0.021810604096548614,0.00046117833428752,0.008705078837722969,0.00046117833428752,4.0666669209798165,7.733332951863606,8.666666666666668,10.333333333333332
360.0,258.0,576.7264466488095,520.75954380604,10.066461785915175,9.062458718549129,0.026059312652446587,0.0003967628532787047,0.020563040967349684,0.0003967628532787047,0.008319614471703776,0.0003967628532787047,4.0666669209798165,7.866666158040363,8.833333333333332,10.583333333333332
366.0,264.0,588.681690470715,532.494102141456,11.767201708963242,10.707918472381023,0.02469620031607145,0.0003368705290937183,0.01941235371850929,0.0003368705290937183,0.007952787553411802,0.00033687052909371835,4.133333841959637,7.9333330790201835,8.916666666666668,10.666666666666668
372.0,270.0,600.5062475162281,544.0933610869942,13.623804783334798,12.500764949980773,0.02351145750956076,0.00028216682270292383,0.018357162113246294,0.00028216682270292383,0.007603042370700142,0.00028216682270292383,4.133333841959637,8.083333333333332,9.083333333333332,10.833333333333332
378.0,276.0,612.2033656626277,555.5758922354721,15.647356230163412,14.467942825223924,0.022512962462637717,0.00023384501570048854,0.01739920124795584,0.00023384501570048854,0.007269594094581511,0.00023384501570048854,4.266667048136394,8.166666666666668,9.166666666666668,10.916666666666668
384.0,282.0,623.7506682604959,566.9040407091131,17.822273852704505,16.580513852021397,0.021706699658795934,0.00019169843942436971,0.016538813335562286,0.00019169843942436971,0.00695111265807897,0.0001916984394243697,4.333333333333332,8.166666666666668,9.333333333333332,11.083333333333332
390.0,288.0,635.1558182587698,578.0990080637818,20.15594625181103,18.85694688121949,0.02110413300188078,0.00015487433444445325,0.015778936139806042,0.00015487433444445325,0.006647049503776582,0.00015487433444445325,4.333333333333332,8.333333333333332,9.416666666666668,11.166666666666668
396.0,294.0,646.4024324841935,589.1344254719884,22.634764451323036,21.274456410972043,0.020716721463046563,0.00012231608332862023,0.015121465267187068,0.00012231608332862023,0.006356375338467432,0.00012231608332862023,4.46666653951009,8.416666666666668,9.583333333333332,11.416666666666668
402.0,300.0,657.4949266594393,600.0213165325762,25.2566539314033,23.839168845275452,0.020563265815200377,9.40664557611836e-05,0.014570459858637027,9.40664557611836e-05,0.006078526086859845,9.40664557611836e-05,4.46666653951009,8.583333333333332,9.666666666666668,11.583333333333332
408.0,306.0,668.4242967929267,610.746099259596,28.014344225923086,26.53777570517581,0.02066294261649402,7.027900795960893e-05,0.014129216210130486,7.027900795960893e-05,0.005812788736051162,7.027900795960893e-05,4.46666653951009,8.666666666666668,9.833333333333332,11.666666666666668
414.0,312.0,679.1897494098926,621.311025533706,30.895818250664977,29.36085745810795,0.021046834374817587,5.0001596152412535e-05,0.013802493696126655,5.0001596152412535e-05,0.0055585339036403475,5.000159615241254e-05,4.53333346048991,8.833333333333332,9.916666666666668,11.833333333333332
420.0,318.0,689.78799372653,631.7130351534901,33.89887463541429,32.30775151683855,0.021748975707774655,3.35218144889367e-05,0.013597014444838075,3.35218144889367e-05,0.005315278505192828,3.352181448893669e-05,4.53333346048991,8.833333333333332,10.083333333333332,11.916666666666668
426.0,324.0,700.2158076040976,641.943122489096,37.00634312924774,35.35516781477684,0.02282124818488157,2.0639142471156685e-05,0.013519638562776149,2.0639142471156685e-05,0.0050824225473884155,2.063914247115668e-05,4.666666666666668,8.916666666666668,10.166666666666668,12.083333333333332
432.0,330.0,710.4720273727735,652.0090960426872,40.21696300035524,38.51121908783381,0.024329230573425814,1.1047424300068822e-05,0.013580506977095952,1.1047424300068822e-05,0.004859598864318719,1.1047424300068824e-05,4.666666666666668,9.083333333333332,10.333333333333332,12.166666666666668
438.0,336.0,720.5537249339826,661.8980725574804,43.51296437195416,41.74855783987451,0.026354770217011644,5.05963077472481e-06,0.013789330356616107,5.05963077472481e-06,0.004646296684898571,5.059630774724809e-06,4.733332951863606,9.166666666666668,10.416666666666668,12.333333333333332
444.0,342.0,730.4593913497596,671.6168817103741,46.89184542628841,45.0719278076937,0.029035141144495645,2.226633250964459e-06,0.014164080759400262,2.226633250964459e-06,0.004442210208574569,2.226633250964459e-06,4.733332951863606,9.333333333333332,10.416666666666668,12.583333333333332
450.0,348.0,740.1874153366548,681.1605573913087,50.337043348465514,48.461514229715576,0.03251359329229217,1.7000647399095746e-06,0.014720614278702629,1.7000647399095746e-06,0.004246906745624324,1.7000647399095746e-06,4.733332951863606,9.333333333333332,10.583333333333332,12.666666666666668
456.0,354.0,749.7388409531326,690.5286533207208,53.84638931475391,51.91421057523604,0.03708317013078141,1.641452004268234e-06,0.015482709749369973,1.641452004268234e-06,0.004060146623809139,1.641452004268234e-06,4.866666158040363,9.416666666666668,10.666666666666668,12.833333333333332
462.0,360.0,759.109547800087,699.7216010073593,57.403024532891216,55.4172786950369,0.04322476216745219,1.5729873422532074e-06,0.016476943921830925,1.5729873422532074e-06,0.0038815758205441074,1.5729873422532074e-06,4.866666158040363,9.583333333333332,10.833333333333332,12.916666666666668
468.0,366.0,768.3045005395009,708.7393770315292,61.006289721892465,58.96572409049833,0.05202881985460046,1.4969326843260952e-06,0.017742773427554523,1.4969326843260952e-06,0.0037109870216351817,1.4969326843260952e-06,4.866666158040363,9.666666666666668,10.916666666666668,13.083333333333332
474.0,372.0,777.3187641624551,717.5791058446705,64.63983367399611,62.5460231958682,0.06974912549659401,0.00034764646032013765,0.019323913394987395,1.4123042603220061e-06,0.003548053294439545,1.4123042603220064e-06,4.9333330790201835,9.666666666666668,11.083333333333332,13.166666666666668
480.0,378.0,786.0158735135802,726.1087149936338,68.24377782443746,66.09922799897987,0.11020713550635033,0.01781851070067045,0.02124540868465853,1.321265018598873e-06,0.0033951005938706786,1.321265018598873e-06,4.9333330790201835,9.833333333333332,11.083333333333332,13.166666666666668
