time_s,time_h,gross_injection_rate_m3_s,gross_injection_rate_m3_h,cumulative_gross_injection_m3
0.000000000,0.000000000,0.000000000000e+00,0.000000000,0.000000000
3644.450000000,1.012347222,1.348192503300e-02,48.534930119,24.567100843
7336.570000000,2.037936111,1.108915240003e-02,39.920948640,69.926784049
10883.100000000,3.023083333,1.027477137950e-02,36.989176966,107.810682350
14483.100000000,4.023083333,9.772244436906e-03,35.180079973,143.895310820
18083.100000000,5.023083333,9.428499910288e-03,33.942599677,178.456650645
21683.100000000,6.023083333,9.169517165230e-03,33.010261795,211.933081381
25283.100000000,7.023083333,8.974171081194e-03,32.307015892,244.591720224
28883.100000000,8.023083333,8.798554095798e-03,31.674794745,276.582625543
32483.100000000,9.023083333,8.653285475138e-03,31.151827710,307.995936770
36083.100000000,10.023083333,8.527102547628e-03,30.697569171,338.920635211
39683.100000000,11.023083333,8.406908393735e-03,30.264870217,369.401854906
43283.100000000,12.023083333,8.302288467667e-03,29.888238484,399.478409256
46883.100000000,13.023083333,8.216510790488e-03,29.579438846,429.212247921
50483.100000000,14.023083333,8.129862322536e-03,29.267504361,458.635719525
54083.100000000,15.023083333,8.052719656268e-03,28.989790763,487.764367086
57683.100000000,16.023083333,7.965410482707e-03,28.675477738,516.597001337
61283.100000000,17.023083333,7.895839690172e-03,28.425022885,545.147251648
64883.100000000,18.023083333,7.819187343423e-03,28.149074436,573.434300308
68483.100000000,19.023083333,7.758479631799e-03,27.930526674,601.474100864
72083.100000000,20.023083333,7.702252185715e-03,27.728107869,629.303418135
75683.100000000,21.023083333,7.648430888403e-03,27.534351198,656.934647668
79283.100000000,22.023083333,7.591058441958e-03,27.327810391,684.365728463
82883.100000000,23.023083333,7.543709944088e-03,27.157355799,711.608311558
86483.100000000,24.023083333,7.510091089811e-03,27.036327923,738.705153419
90083.100000000,25.023083333,7.456809820791e-03,26.844515355,765.645575058
93683.100000000,26.023083333,7.409796969784e-03,26.675269091,792.405467281
97283.100000000,27.023083333,7.372174104150e-03,26.539826775,819.013015214
100883.000000000,28.023055556,7.351210498464e-03,26.464357794,845.514371330
104483.000000000,29.023055556,7.323037985504e-03,26.362936748,871.928018601
108083.000000000,30.023055556,7.295655881143e-03,26.264361172,898.241667561
111683.000000000,31.023055556,7.264915152746e-03,26.153694550,924.450695422
115283.000000000,32.023055556,7.215469143533e-03,25.975688917,950.515387155
118883.000000000,33.023055556,7.186792686687e-03,25.872453672,976.439458450
122483.000000000,34.023055556,7.167300658485e-03,25.802282371,1002.276826471
126083.000000000,35.023055556,7.140652355754e-03,25.706348481,1028.031141896
129683.000000000,36.023055556,7.120726371050e-03,25.634614936,1053.701623605
133283.000000000,37.023055556,7.101987081372e-03,25.567153493,1079.302507819
136883.000000000,38.023055556,7.084762666123e-03,25.505145598,1104.838657365
140483.000000000,39.023055556,7.057189479468e-03,25.405882126,1130.294171227
144083.000000000,40.023055556,7.036822003277e-03,25.332559212,1155.663391896
147683.000000000,41.023055556,7.024005488852e-03,25.286419760,1180.972881381
151283.000000000,42.023055556,7.012832448834e-03,25.246196816,1206.239189669
154883.000000000,43.023055556,7.000197944710e-03,25.200712601,1231.462644378
158483.000000000,44.023055556,6.985405117167e-03,25.147458422,1256.636729889
162083.000000000,45.023055556,6.972752880129e-03,25.101910368,1281.761414284
165683.000000000,46.023055556,6.959375589304e-03,25.053752121,1306.839245529
169283.000000000,47.023055556,6.937636785201e-03,24.975492427,1331.853867803
172883.000000000,48.023055556,6.923704368085e-03,24.925335725,1356.804281879
176483.000000000,49.023055556,6.911892693731e-03,24.882813697,1381.708356590
180083.000000000,50.023055556,6.900101143193e-03,24.840364115,1406.569945497
183683.000000000,51.023055556,6.886420216152e-03,24.791112778,1431.385683944
187283.000000000,52.023055556,6.871873476573e-03,24.738744516,1456.150612591
190883.000000000,53.023055556,6.860324347076e-03,24.697167649,1480.868568673
194483.000000000,54.023055556,6.849640436140e-03,24.658705570,1505.546505283
198083.000000000,55.023055556,6.837272743265e-03,24.614181876,1530.182949006
201683.000000000,56.023055556,6.825247271688e-03,24.570890178,1554.775485033
205283.000000000,57.023055556,6.813353102326e-03,24.528071168,1579.324965706
208883.000000000,58.023055556,6.800237718226e-03,24.480855786,1603.829429183
212483.000000000,59.023055556,6.773785074492e-03,24.385626268,1628.262670210
216083.000000000,60.023055556,6.751999250987e-03,24.307197304,1652.609081996
219683.000000000,61.023055556,6.737865876517e-03,24.256317155,1676.890839225
223283.000000000,62.023055556,6.723178509613e-03,24.203442635,1701.120719120
226883.000000000,63.023055556,6.702754480152e-03,24.129916129,1725.287398502
230483.000000000,64.023055556,6.684666093971e-03,24.064797938,1749.384755535
234083.000000000,65.023055556,6.668708776918e-03,24.007351597,1773.420830303
237683.000000000,66.023055556,6.655682209068e-03,23.960455953,1797.404734078
241283.000000000,67.023055556,6.642266823592e-03,23.912160565,1821.341042336
244883.000000000,68.023055556,6.611505858897e-03,23.801421092,1845.197833165
248483.000000000,69.023055556,6.590899586077e-03,23.727238510,1868.962162966
252083.000000000,70.023055556,6.570997493642e-03,23.655590977,1892.653577709
255683.000000000,71.023055556,6.554992879057e-03,23.597974365,1916.280360380
259283.000000000,72.023055556,6.522189997936e-03,23.479883993,1939.819289559
262883.000000000,73.023055556,6.500316863317e-03,23.401140708,1963.259801909
266483.000000000,74.023055556,6.486059806173e-03,23.349815302,1986.635279914
270083.000000000,75.023055556,6.472528864835e-03,23.301103913,2009.960739522
273683.000000000,76.023055556,6.454463302272e-03,23.236067888,2033.229325423
277283.000000000,77.023055556,6.420452433752e-03,23.113628762,2056.404173748
280883.000000000,78.023055556,6.390627719647e-03,23.006259791,2079.464118024
284483.000000000,79.023055556,6.353808743719e-03,22.873711477,2102.404103658
288083.000000000,80.023055556,6.326254408855e-03,22.774515872,2125.228217332
291683.000000000,81.023055556,6.291819390881e-03,22.650549807,2147.940750172
295283.000000000,82.023055556,6.263714361262e-03,22.549371701,2170.540710926
298883.000000000,83.023055556,6.235752182563e-03,22.448707857,2193.039750705
302483.000000000,84.023055556,6.196852713134e-03,22.308669767,2215.418439517
306083.000000000,85.023055556,6.169660453044e-03,22.210777631,2237.678163216
309683.000000000,86.023055556,6.130688217117e-03,22.070477582,2259.818790822
313283.000000000,87.023055556,6.095857261740e-03,21.945086142,2281.826572684
316883.000000000,88.023055556,6.059700929703e-03,21.814923347,2303.706577429
320483.000000000,89.023055556,6.027249323296e-03,21.698097564,2325.463087884
324083.000000000,90.023055556,6.001598352805e-03,21.605754070,2347.115013701
327683.000000000,91.023055556,5.951860030180e-03,21.426696109,2368.631238791
331283.000000000,92.023055556,5.917384583481e-03,21.302584501,2389.995879095
334883.000000000,93.023055556,5.885272010335e-03,21.186979237,2411.240660964
338483.000000000,94.023055556,5.856748775746e-03,21.084295593,2432.376298379
342083.000000000,95.023055556,5.822619037080e-03,20.961428533,2453.399160442
345600.000000000,96.000000000,5.791371578025e-03,20.848937681,2473.822362939
349200.000000000,97.000000000,5.746099081542e-03,20.685956694,2494.589810126
352800.000000000,98.000000000,5.721443118738e-03,20.597195227,2515.231386087
356400.000000000,99.000000000,5.692977295178e-03,20.494718263,2535.777342832
360000.000000000,100.000000000,5.655785308933e-03,20.360827112,2556.205115519
363600.000000000,101.000000000,5.615433230360e-03,20.215559629,2576.493308890
367200.000000000,102.000000000,5.575498185083e-03,20.071793466,2596.636985438
370800.000000000,103.000000000,5.542283576724e-03,19.952220876,2616.648992609
374400.000000000,104.000000000,5.501941431883e-03,19.806989155,2636.528597624
378000.000000000,105.000000000,5.472476540731e-03,19.700915547,2656.282549975
381600.000000000,106.000000000,5.439864789532e-03,19.583513242,2675.924764369
385200.000000000,107.000000000,5.410048092020e-03,19.476173131,2695.454607556
388800.000000000,108.000000000,5.378104299456e-03,19.361175478,2714.873281861
392400.000000000,109.000000000,5.341779970737e-03,19.230407895,2734.169073547
396000.000000000,110.000000000,5.309364236037e-03,19.113711250,2753.341133119
399600.000000000,111.000000000,5.276232080029e-03,18.994435488,2772.395206488
403200.000000000,112.000000000,5.242952839536e-03,18.874630222,2791.329739344
406800.000000000,113.000000000,5.203824705509e-03,18.733768940,2810.133938925
410400.000000000,114.000000000,5.160808767750e-03,18.578911564,2828.790279177
414000.000000000,115.000000000,5.128283178045e-03,18.461819441,2847.310644679
417600.000000000,116.000000000,5.101298718284e-03,18.364675386,2865.723892092
421200.000000000,117.000000000,5.074844127181e-03,18.269438858,2884.040949214
424800.000000000,118.000000000,5.047141194285e-03,18.169708299,2902.260522793
428400.000000000,119.000000000,5.016627755518e-03,18.059859920,2920.375306902
432000.000000000,120.000000000,4.978983100108e-03,17.924339160,2938.367406443
435600.000000000,121.000000000,4.932955364402e-03,17.758639312,2956.208895679
439200.000000000,122.000000000,4.893745648479e-03,17.617484335,2973.896957502
442800.000000000,123.000000000,4.859218225934e-03,17.493185613,2991.452292476
446400.000000000,124.000000000,4.829574279357e-03,17.386467406,3008.892118985
450000.000000000,125.000000000,4.801265860902e-03,17.284557099,3026.227631238
453600.000000000,126.000000000,4.768840510753e-03,17.167825839,3043.453822707
457200.000000000,127.000000000,4.736451650435e-03,17.051225942,3060.563348597
460800.000000000,128.000000000,4.703703182463e-03,16.933331457,3077.555627296
464400.000000000,129.000000000,4.650775847468e-03,16.742793051,3094.393689550
468000.000000000,130.000000000,4.603470780548e-03,16.572494810,3111.051333480
471600.000000000,131.000000000,4.568904528281e-03,16.448056302,3127.561609036
475200.000000000,132.000000000,4.538094721934e-03,16.337140999,3143.954207687
478800.000000000,133.000000000,4.510177191244e-03,16.236637888,3160.241097130
482400.000000000,134.000000000,4.482161521048e-03,16.135781476,3176.427306813
486000.000000000,135.000000000,4.453791020867e-03,16.033647675,3192.512021388
489600.000000000,136.000000000,4.424930177064e-03,15.929748637,3208.493719544
493200.000000000,137.000000000,4.393981435655e-03,15.818333168,3224.367760447
496800.000000000,138.000000000,4.355554941738e-03,15.679997790,3240.116925926
500400.000000000,139.000000000,4.319373486848e-03,15.549744553,3255.731797098
504000.000000000,140.000000000,4.284642826281e-03,15.424714175,3271.219026462
507600.000000000,141.000000000,4.255863607551e-03,15.321108987,3286.591938042
511200.000000000,142.000000000,4.228930405990e-03,15.224149462,3301.864567267
514800.000000000,143.000000000,4.202812772878e-03,15.130125982,3317.041704989
518400.000000000,144.000000000,4.175238016078e-03,15.030856858,3332.122196409
522000.000000000,145.000000000,4.146634111935e-03,14.927882803,3347.101566239
525600.000000000,146.000000000,4.117400719401e-03,14.822642590,3361.976828936
529200.000000000,147.000000000,4.088546795811e-03,14.718768465,3376.747534463
532800.000000000,148.000000000,4.060110247534e-03,14.616396891,3391.415117141
536400.000000000,149.000000000,4.028402137110e-03,14.502247694,3405.974439434
540000.000000000,150.000000000,3.997922052519e-03,14.392519389,3420.421822975
543600.000000000,151.000000000,3.969553304782e-03,14.290391897,3434.763278618
547200.000000000,152.000000000,3.941147744046e-03,14.188131879,3449.002540506
550800.000000000,153.000000000,3.913969354188e-03,14.090289675,3463.141751283
554400.000000000,154.000000000,3.886967620586e-03,13.993083434,3477.183437837
558000.000000000,155.000000000,3.861176731501e-03,13.900236233,3491.130097671
561600.000000000,156.000000000,3.835639425801e-03,13.808301933,3504.984366754
565200.000000000,157.000000000,3.808037781714e-03,13.708936014,3518.742985728
568800.000000000,158.000000000,3.780552721048e-03,13.609989796,3532.402448633
572400.000000000,159.000000000,3.754977429360e-03,13.517918746,3545.966402903
576000.000000000,160.000000000,3.730657026267e-03,13.430365295,3559.440544924
579600.000000000,161.000000000,3.707095491385e-03,13.345543769,3572.828499455
583200.000000000,162.000000000,3.684176840543e-03,13.263036626,3586.132789653
586800.000000000,163.000000000,3.662734784090e-03,13.185845223,3599.357230577
590400.000000000,164.000000000,3.641891730458e-03,13.110810230,3612.505558303
594000.000000000,165.000000000,3.617733820206e-03,13.023841753,3625.572884295
597600.000000000,166.000000000,3.587968905476e-03,12.916688060,3638.543149201
601200.000000000,167.000000000,3.563448575740e-03,12.828414873,3651.415700667
604800.000000000,168.000000000,3.541096179626e-03,12.747946247,3664.203881227
608400.000000000,169.000000000,3.520243211926e-03,12.672875563,3676.914292131
612000.000000000,170.000000000,3.500355105450e-03,12.601278380,3689.551369103
615600.000000000,171.000000000,3.480498545653e-03,12.529794764,3702.116905675
619200.000000000,172.000000000,3.460265992438e-03,12.456957573,3714.610281843
622800.000000000,173.000000000,3.440467903051e-03,12.385684451,3727.031602855
626400.000000000,174.000000000,3.421112757280e-03,12.316005926,3739.382448044
630000.000000000,175.000000000,3.402399311412e-03,12.248637521,3751.664769767
633600.000000000,176.000000000,3.383014641722e-03,12.178852710,3763.878514883
637200.000000000,177.000000000,3.362820045591e-03,12.106152164,3776.021017320
640800.000000000,178.000000000,3.343204032433e-03,12.035534517,3788.091860661
644400.000000000,179.000000000,3.324628188578e-03,11.968661479,3800.093958658
648000.000000000,180.000000000,3.306707157442e-03,11.904145767,3812.030362281
651600.000000000,181.000000000,3.289392993350e-03,11.841814776,3823.903342553
655200.000000000,182.000000000,3.271446071421e-03,11.777205857,3835.712852869
658800.000000000,183.000000000,3.253992338010e-03,11.714372417,3847.458642006
662400.000000000,184.000000000,3.236871314351e-03,11.652736732,3859.142196580
666000.000000000,185.000000000,3.220101171262e-03,11.592364217,3870.764747055
669600.000000000,186.000000000,3.203331155557e-03,11.531992160,3882.326925243
673200.000000000,187.000000000,3.186698877328e-03,11.472115958,3893.828979302
676800.000000000,188.000000000,3.169692389278e-03,11.410892601,3905.270483582
680400.000000000,189.000000000,3.152118974817e-03,11.347628309,3916.649744037
684000.000000000,190.000000000,3.135090531557e-03,11.286325914,3927.966721149
687600.000000000,191.000000000,3.118924559642e-03,11.228128415,3939.223948313
691200.000000000,192.000000000,3.102989657016e-03,11.170762765,3950.423393903
694800.000000000,193.000000000,3.085226137988e-03,11.106814097,3961.562182334
698400.000000000,194.000000000,3.067222331902e-03,11.042000395,3972.636589580
702000.000000000,195.000000000,3.050505443121e-03,10.981819595,3983.648499575
705600.000000000,196.000000000,3.033960835522e-03,10.922259008,3994.600538876
709200.000000000,197.000000000,3.017512641357e-03,10.863045509,4005.493191135
712800.000000000,198.000000000,3.001219347640e-03,10.804389652,4016.326908715
716400.000000000,199.000000000,2.985164744750e-03,10.746593081,4027.102400081
720000.000000000,200.000000000,2.969176671922e-03,10.689036019,4037.820214631
723600.000000000,201.000000000,2.953939968359e-03,10.634183886,4048.481824584
727200.000000000,202.000000000,2.938859280250e-03,10.579893409,4059.088863231
730867.000000000,203.018611111,2.924040958206e-03,10.526547450,4069.838490818
734587.000000000,204.051944444,2.909141987679e-03,10.472911156,4080.688211098
738024.000000000,205.006666667,2.895165922206e-03,10.422597320,4090.662914241
741635.000000000,206.009722222,2.880729249352e-03,10.370625298,4101.091292973
745289.000000000,207.024722222,2.865793906019e-03,10.316858062,4111.590190778
748832.000000000,208.008888889,2.849363123559e-03,10.257707245,4121.714591456
752400.000000000,209.000000000,2.833119394605e-03,10.199229821,4131.852140268
756062.000000000,210.017222222,2.817110467728e-03,10.141597684,4142.197711146
759774.000000000,211.048333333,2.801150787515e-03,10.084142835,4152.625204036
763272.000000000,212.020000000,2.785821187834e-03,10.028956276,4162.396818021
766872.000000000,213.020000000,2.769191619413e-03,9.969089830,4172.395841074
770472.000000000,214.020000000,2.751874661080e-03,9.906748780,4182.333760379
774072.000000000,215.020000000,2.734878354240e-03,9.845562075,4192.209915806
777672.000000000,216.020000000,2.717521372500e-03,9.783076941,4202.024235315
781272.000000000,217.020000000,2.699423950126e-03,9.717926220,4211.774736895
784872.000000000,218.020000000,2.683231009601e-03,9.659631635,4221.463515823
788472.000000000,219.020000000,2.665951464792e-03,9.597425273,4231.092044277
792072.000000000,220.020000000,2.649967756622e-03,9.539883924,4240.660698875
795672.000000000,221.020000000,2.634131039003e-03,9.482871740,4250.172076707
799272.000000000,222.020000000,2.617689548476e-03,9.423682375,4259.625353765
802872.000000000,223.020000000,2.600338866581e-03,9.361219920,4269.017804912
806472.000000000,224.020000000,2.583463719068e-03,9.300469389,4278.348649566
810072.000000000,225.020000000,2.565521685895e-03,9.235878069,4287.616823295
813672.000000000,226.020000000,2.548327672905e-03,9.173979622,4296.821752141
817272.000000000,227.020000000,2.531584950622e-03,9.113705822,4305.965594863
820872.000000000,228.020000000,2.514595068368e-03,9.052542246,4315.048718897
824472.000000000,229.020000000,2.498951046010e-03,8.996223766,4324.073101903
828072.000000000,230.020000000,2.483742202800e-03,8.941471930,4333.041949751
831672.000000000,231.020000000,2.467941663908e-03,8.884589990,4341.954980711
835272.000000000,232.020000000,2.453200591239e-03,8.831522128,4350.813036770
838872.000000000,233.020000000,2.439855923487e-03,8.783481325,4359.620538497
842472.000000000,234.020000000,2.427555976382e-03,8.739201515,4368.381879917
846072.000000000,235.020000000,2.415852742692e-03,8.697069874,4377.100015611
849672.000000000,236.020000000,2.404482441410e-03,8.656136789,4385.776618942
853272.000000000,237.020000000,2.393611222817e-03,8.617000402,4394.413187538
856872.000000000,238.020000000,2.384463548101e-03,8.584068773,4403.013722126
860472.000000000,239.020000000,2.374387598021e-03,8.547795353,4411.579654189
864000.000000000,240.000000000,2.365430448805e-03,8.515549616,4419.940693223
