time_h,reservoir_head_cm,reservoir_storage_m3,reservoir_net_flux_m3_s
95.0605148416656,1200,14.0278395168091,0
95.1605148416656,1200,14.0278395168091,0
95.2605148416656,1200,14.0278395168091,0
95.3605148416656,1200,14.0278395168091,0
95.4605148416656,1200,14.0278395168091,0
95.5605148416656,1200,14.0278395168091,0
95.6605148416656,1200,14.0278395168091,0
95.7605148416656,1200,14.0278395168091,0
95.8605148416656,1200,14.0278395168091,0
95.9605148416656,1200,14.0278395168091,0
96.0605148416656,1200,14.0278395168091,0
96.1605148416656,1200,14.0278395168091,0
96.2605148416656,1200,14.0278395168091,0
96.3605148416656,1200,14.0278395168091,0
96.4605148416656,1200,14.0278395168091,0
96.5605148416656,1200,14.0278395168091,0
96.6605148416656,1200,14.0278395168091,0
96.7605148416656,1200,14.0278395168091,0
96.8605148416656,1200,14.0278395168091,0
96.9605148416656,1200,14.0278395168091,0
97.0605148416656,1200,14.0278395168091,0
97.1605148416656,1200,14.0278395168091,0
97.2605148416656,1200,14.0278395168091,0
97.3605148416656,1200,14.0278395168091,0
97.4605148416656,1200,14.0278395168091,0
97.5605148416656,1200,14.0278395168091,0
97.6605148416656,1200,14.0278395168091,0
97.7605148416656,1200,14.0278395168091,0
97.8605148416656,1200,14.0278395168091,0
97.9605148416656,1200,14.0278395168091,0
98.0605148416656,1200,14.0278395168091,0
98.1605148416656,1200,14.0278395168091,0
98.2605148416656,1200,14.0278395168091,0
98.3605148416656,1200,14.0278395168091,0
98.4605148416656,1200,14.0278395168091,0
98.5605148416656,1200,14.0278395168091,0
98.6605148416656,1200,14.0278395168091,0
98.7605148416656,1200,14.0278395168091,0
98.8605148416656,1200,14.0278395168091,0
98.9605148416656,1200,14.0278395168091,0
99.0605148416656,1200,14.0278395168091,0
99.1605148416656,1200,14.0278395168091,0
99.2605148416656,1200,14.0278395168091,0
99.3605148416656,1200,14.0278395168091,0
99.4605148416656,1200,14.0278395168091,0
99.5605148416656,1200,14.0278395168091,0
99.6605148416656,1200,14.0278395168091,0
99.7605148416656,1200,14.0278395168091,0
99.8605148416656,1200,14.0278395168091,0
99.9605148416656,1200,14.0278395168091,0
100.060514841666,1200,14.0278395168091,0
100.160514841666,1200,14.0278395168091,0
100.260514841666,1200,14.0278395168091,0
100.360514841666,1200,14.0278395168091,0
100.460514841666,1200,14.0278395168091,0
100.560514841666,1200,14.0278395168091,0
100.660514841666,1200,14.0278395168091,0
100.760514841666,1200,14.0278395168091,0
100.860514841666,1200,14.0278395168091,0
100.960514841666,1200,14.0278395168091,0
101.060514841666,1200,14.0278395168091,0
101.160514841666,1200,14.0278395168091,0
101.260514841666,1200,14.0278395168091,0
101.360514841666,1200,14.0278395168091,0
101.460514841666,1200,14.0278395168091,0
101.560514841666,1200,14.0278395168091,0
101.660514841666,1200,14.0278395168091,0
101.760514841666,1200,14.0278395168091,0
101.860514841666,1200,14.0278395168091,0
101.960514841666,1200,14.0278395168091,0
102.060514841666,1200,14.0278395168091,0
102.160514841666,1200,14.0278395168091,0
102.260514841666,1200,14.0278395168091,0
102.360514841666,1200,14.0278395168091,0
102.460514841666,1200,14.0278395168091,0
102.560514841666,1200,14.0278395168091,0
102.660514841666,1200,14.0278395168091,0
102.760514841666,1200,14.0278395168091,0
102.860514841666,1200,14.0278395168091,0
102.960514841666,1200,14.0278395168091,0
103.060514841666,1200,14.0278395168091,0
103.160514841666,1200,14.0278395168091,0
103.260514841666,1200,14.0278395168091,0
103.360514841666,1200,14.0278395168091,0
103.460514841666,1200,14.0278395168091,0
103.560514841666,1200,14.0278395168091,0
103.660514841666,1200,14.0278395168091,0
103.760514841666,1200,14.0278395168091,0
103.860514841666,1200,14.0278395168091,0
103.960514841666,1200,14.0278395168091,0
104.060514841666,1200,14.0278395168091,0
104.160514841666,1200,14.0278395168091,0
104.260514841666,1200,14.0278395168091,0
104.360514841666,1200,14.0278395168091,0
104.460514841666,1200,14.0278395168091,0
104.560514841666,1200,14.0278395168091,0
104.660514841666,1200,14.0278395168091,0
104.760514841666,1200,14.0278395168091,0
104.860514841666,1200,14.0278395168091,0
104.960514841666,1200,14.0278395168091,0
105.060514841666,1200,14.0278395168091,0
105.160514841666,1200,14.0278395168091,0
105.260514841666,1200,14.0278395168091,0
105.360514841666,1200,14.0278395168091,0
105.460514841666,1200,14.0278395168091,0
105.560514841666,1200,14.0278395168091,0
105.660514841666,1200,14.0278395168091,0
105.760514841666,1200,14.0278395168091,0
105.860514841666,1200,14.0278395168091,0
105.960514841666,1200,14.0278395168091,0
106.060514841666,1200,14.0278395168091,0
106.160514841666,1200,14.0278395168091,0
106.260514841666,1200,14.0278395168091,0
106.360514841666,1200,14.0278395168091,0
106.460514841666,1200,14.0278395168091,0
106.560514841666,1200,14.0278395168091,0
106.660514841666,1200,14.0278395168091,0
106.760514841666,1200,14.0278395168091,0
106.860514841666,1200,14.0278395168091,0
106.960514841666,1200,14.0278395168091,0
107.060514841666,1200,14.0278395168091,0
107.160514841666,1200,14.0278395168091,0
107.260514841666,1200,14.0278395168091,0
107.360514841666,1200,14.0278395168091,0
107.460514841666,1200,14.0278395168091,0
107.560514841666,1200,14.0278395168091,0
107.660514841666,1200,14.0278395168091,0
107.760514841666,1200,14.0278395168091,0
107.860514841666,1200,14.0278395168091,0
107.960514841666,1200,14.0278395168091,0
108.060514841666,1200,14.0278395168091,0
108.160514841666,1200,14.0278395168091,0
108.260514841666,1200,14.0278395168091,0
108.360514841666,1200,14.0278395168091,0
108.460514841666,1200,14.0278395168091,0
108.560514841666,1200,14.0278395168091,0
108.660514841666,1200,14.0278395168091,0
108.760514841666,1200,14.0278395168091,0
108.860514841666,1200,14.0278395168091,0
108.960514841666,1200,14.0278395168091,0
109.060514841666,1200,14.0278395168091,0
109.160514841666,1200,14.0278395168091,0
109.260514841666,1200,14.0278395168091,0
109.360514841666,1200,14.0278395168091,0
109.460514841666,1200,14.0278395168091,0
109.560514841666,1200,14.0278395168091,0
109.660514841666,1200,14.0278395168091,0
109.760514841666,1200,14.0278395168091,0
109.860514841666,1200,14.0278395168091,0
109.960514841666,1200,14.0278395168091,0
110.060514841666,1200,14.0278395168091,0
110.160514841666,1200,14.0278395168091,0
110.260514841666,1200,14.0278395168091,0
110.360514841666,1200,14.0278395168091,0
110.460514841666,1200,14.0278395168091,0
110.560514841666,1200,14.0278395168091,0
110.660514841666,1200,14.0278395168091,0
110.760514841666,1200,14.0278395168091,0
110.860514841666,1200,14.0278395168091,0
110.960514841666,1200,14.0278395168091,0
111.060514841666,1200,14.0278395168091,0
111.160514841666,1200,14.0278395168091,0
111.260514841666,1200,14.0278395168091,0
111.360514841666,1200,14.0278395168091,0
111.460514841666,1200,14.0278395168091,0
111.560514841666,1200,14.0278395168091,0
111.660514841666,1200,14.0278395168091,0
111.760514841666,1200,14.0278395168091,0
111.860514841666,1200,14.0278395168091,0
111.960514841666,1200,14.0278395168091,0
112.060514841666,1200,14.0278395168091,0
112.160514841666,1200,14.0278395168091,0
112.260514841666,1200,14.0278395168091,0
112.360514841666,1200,14.0278395168091,0
112.460514841666,1200,14.0278395168091,0
112.560514841666,1200,14.0278395168091,0
112.660514841666,1200,14.0278395168091,0
112.760514841666,1200,14.0278395168091,0
112.860514841666,1200,14.0278395168091,0
112.960514841666,1200,14.0278395168091,0
113.060514841666,1200,14.0278395168091,0
113.160514841666,1200,14.0278395168091,0
113.260514841666,1200,14.0278395168091,0
113.360514841666,1200,14.0278395168091,0
113.460514841666,1200,14.0278395168091,0
113.560514841666,1200,14.0278395168091,0
113.660514841666,1200,14.0278395168091,0
113.760514841666,1200,14.0278395168091,0
113.860514841666,1200,14.0278395168091,0
113.960514841666,1200,14.0278395168091,0
114.060514841666,1200,14.0278395168091,0
114.160514841666,1200,14.0278395168091,0
114.260514841666,1200,14.0278395168091,0
114.360514841666,1200,14.0278395168091,0
114.460514841666,1200,14.0278395168091,0
114.560514841666,1200,14.0278395168091,0
114.660514841666,1200,14.0278395168091,0
114.760514841666,1200,14.0278395168091,0
114.860514841666,1200,14.0278395168091,0
114.960514841666,1200,14.0278395168091,0
115.060514841666,1200,14.0278395168091,0
115.160514841666,1200,14.0278395168091,0
115.260514841666,1200,14.0278395168091,0
115.360514841666,1200,14.0278395168091,0
115.460514841666,1200,14.0278395168091,0
115.560514841666,1200,14.0278395168091,0
115.660514841666,1200,14.0278395168091,0
115.760514841666,1200,14.0278395168091,0
115.860514841666,1200,14.0278395168091,0
115.960514841666,1200,14.0278395168091,0
116.060514841666,1200,14.0278395168091,0
116.160514841666,1200,14.0278395168091,0
116.260514841666,1200,14.0278395168091,0
116.360514841666,1200,14.0278395168091,0
116.460514841666,1200,14.0278395168091,0
116.560514841666,1200,14.0278395168091,0
116.660514841666,1200,14.0278395168091,0
116.760514841666,1200,14.0278395168091,0
116.860514841666,1200,14.0278395168091,0
116.960514841666,1200,14.0278395168091,0
117.060514841666,1200,14.0278395168091,0
117.160514841666,1200,14.0278395168091,0
117.260514841666,1200,14.0278395168091,0
117.360514841666,1200,14.0278395168091,0
117.460514841666,1200,14.0278395168091,0
117.560514841666,1200,14.0278395168091,0
117.660514841666,1200,14.0278395168091,0
117.760514841666,1200,14.0278395168091,0
117.860514841666,1200,14.0278395168091,0
117.960514841666,1200,14.0278395168091,0
118.060514841666,1200,14.0278395168091,0
118.160514841666,1200,14.0278395168091,0
118.260514841666,1200,14.0278395168091,0
118.360514841666,1200,14.0278395168091,0
118.460514841666,1200,14.0278395168091,0
118.560514841666,1200,14.0278395168091,0
118.660514841666,1200,14.0278395168091,0
118.760514841666,1200,14.0278395168091,0
118.860514841666,1200,14.0278395168091,0
118.960514841666,1200,14.0278395168091,0
119.060514841666,1200,14.0278395168091,0
119.160514841666,1200,14.0278395168091,0
119.260514841666,1200,14.0278395168091,0
119.360514841666,1200,14.0278395168091,0
119.460514841666,1200,14.0278395168091,0
119.560514841666,1200,14.0278395168091,0
119.660514841666,1200,14.0278395168091,0
119.760514841666,1200,14.0278395168091,0
119.860514841666,1200,14.0278395168091,0
119.960514841666,1200,14.0278395168091,0
120.060514841666,1200,14.0278395168091,0
120.160514841666,1200,14.0278395168091,0
120.260514841666,1200,14.0278395168091,0
120.360514841666,1200,14.0278395168091,0
120.460514841666,1200,14.0278395168091,0
120.560514841666,1200,14.0278395168091,0
120.660514841666,1200,14.0278395168091,0
120.760514841666,1200,14.0278395168091,0
120.860514841666,1200,14.0278395168091,0
120.960514841666,1200,14.0278395168091,0
121.060514841666,1200,14.0278395168091,0
121.160514841666,1200,14.0278395168091,0
121.260514841666,1200,14.0278395168091,0
121.360514841666,1200,14.0278395168091,0
121.460514841666,1200,14.0278395168091,0
121.560514841666,1200,14.0278395168091,0
121.660514841666,1200,14.0278395168091,0
121.760514841666,1200,14.0278395168091,0
121.860514841666,1200,14.0278395168091,0
121.960514841666,1200,14.0278395168091,0
122.060514841666,1200,14.0278395168091,0
122.160514841666,1200,14.0278395168091,0
122.260514841666,1200,14.0278395168091,0
122.360514841666,1200,14.0278395168091,0
122.460514841666,1200,14.0278395168091,0
122.560514841666,1200,14.0278395168091,0
122.660514841666,1200,14.0278395168091,0
122.760514841666,1200,14.0278395168091,0
122.860514841666,1200,14.0278395168091,0
122.960514841666,1200,14.0278395168091,0
123.060514841666,1200,14.0278395168091,0
123.160514841666,1200,14.0278395168091,0
123.260514841666,1200,14.0278395168091,0
123.360514841666,1200,14.0278395168091,0
123.460514841666,1200,14.0278395168091,0
123.560514841666,1200,14.0278395168091,0
123.660514841666,1200,14.0278395168091,0
123.760514841666,1200,14.0278395168091,0
123.860514841666,1200,14.0278395168091,0
123.960514841666,1200,14.0278395168091,0
124.060514841666,1200,14.0278395168091,0
124.160514841666,1200,14.0278395168091,0
124.260514841666,1200,14.0278395168091,0
124.360514841666,1200,14.0278395168091,0
124.460514841666,1200,14.0278395168091,0
124.560514841666,1200,14.0278395168091,0
124.660514841666,1200,14.0278395168091,0
124.760514841666,1200,14.0278395168091,0
124.860514841666,1200,14.0278395168091,0
124.960514841666,1200,14.0278395168091,0
125.060514841666,1200,14.0278395168091,0
125.160514841666,1200,14.0278395168091,0
125.260514841666,1200,14.0278395168091,0
125.360514841666,1200,14.0278395168091,0
125.460514841666,1200,14.0278395168091,0
125.560514841666,1200,14.0278395168091,0
125.660514841666,1200,14.0278395168091,0
125.760514841666,1200,14.0278395168091,0
125.860514841666,1200,14.0278395168091,0
125.960514841666,1200,14.0278395168091,0
126.060514841666,1200,14.0278395168091,0
126.160514841666,1200,14.0278395168091,0
126.260514841666,1200,14.0278395168091,0
126.360514841666,1200,14.0278395168091,0
126.460514841666,1200,14.0278395168091,0
126.560514841666,1200,14.0278395168091,0
126.660514841666,1200,14.0278395168091,0
126.760514841666,1200,14.0278395168091,0
126.860514841666,1200,14.0278395168091,0
126.960514841666,1200,14.0278395168091,0
127.060514841666,1200,14.0278395168091,0
127.160514841666,1200,14.0278395168091,0
127.260514841666,1200,14.0278395168091,0
127.360514841666,1200,14.0278395168091,0
127.460514841666,1200,14.0278395168091,0
127.560514841666,1200,14.0278395168091,0
127.660514841666,1200,14.0278395168091,0
127.760514841666,1200,14.0278395168091,0
127.860514841666,1200,14.0278395168091,0
127.960514841666,1200,14.0278395168091,0
128.060514841666,1200,14.0278395168091,0
128.160514841666,1200,14.0278395168091,0
128.260514841666,1200,14.0278395168091,0
128.360514841666,1200,14.0278395168091,0
128.460514841666,1200,14.0278395168091,0
128.560514841666,1200,14.0278395168091,0
128.660514841666,1200,14.0278395168091,0
128.760514841666,1200,14.0278395168091,0
128.860514841666,1200,14.0278395168091,0
128.960514841666,1200,14.0278395168091,0
129.060514841666,1200,14.0278395168091,0
129.160514841666,1200,14.0278395168091,0
129.260514841666,1200,14.0278395168091,0
129.360514841666,1200,14.0278395168091,0
129.460514841666,1200,14.0278395168091,0
129.560514841666,1200,14.0278395168091,0
129.660514841666,1200,14.0278395168091,0
129.760514841666,1200,14.0278395168091,0
129.860514841666,1200,14.0278395168091,0
129.960514841666,1200,14.0278395168091,0
130.060514841666,1200,14.0278395168091,0
130.160514841666,1200,14.0278395168091,0
130.260514841666,1200,14.0278395168091,0
130.360514841666,1200,14.0278395168091,0
130.460514841666,1200,14.0278395168091,0
130.560514841666,1200,14.0278395168091,0
130.660514841666,1200,14.0278395168091,0
130.760514841666,1200,14.0278395168091,0
130.860514841666,1200,14.0278395168091,0
130.960514841666,1200,14.0278395168091,0
131.060514841666,1200,14.0278395168091,0
131.160514841666,1200,14.0278395168091,0
131.260514841666,1200,14.0278395168091,0
131.360514841666,1200,14.0278395168091,0
131.460514841666,1200,14.0278395168091,0
131.560514841666,1200,14.0278395168091,0
131.660514841666,1200,14.0278395168091,0
131.760514841666,1200,14.0278395168091,0
131.860514841666,1200,14.0278395168091,0
131.960514841666,1200,14.0278395168091,0
132.060514841666,1200,14.0278395168091,0
132.160514841666,1200,14.0278395168091,0
132.260514841666,1200,14.0278395168091,0
132.360514841666,1200,14.0278395168091,0
132.460514841666,1200,14.0278395168091,0
132.560514841666,1200,14.0278395168091,0
132.660514841666,1200,14.0278395168091,0
132.760514841666,1200,14.0278395168091,0
132.860514841666,1200,14.0278395168091,0
132.960514841666,1200,14.0278395168091,0
133.060514841666,1200,14.0278395168091,0
133.160514841666,1200,14.0278395168091,0
133.260514841666,1200,14.0278395168091,0
133.360514841666,1200,14.0278395168091,0
133.460514841666,1200,14.0278395168091,0
133.560514841666,1200,14.0278395168091,0
133.660514841666,1200,14.0278395168091,0
133.760514841666,1200,14.0278395168091,0
133.860514841666,1200,14.0278395168091,0
133.960514841666,1200,14.0278395168091,0
134.060514841666,1200,14.0278395168091,0
134.160514841666,1200,14.0278395168091,0
134.260514841666,1200,14.0278395168091,0
134.360514841666,1200,14.0278395168091,0
134.460514841666,1200,14.0278395168091,0
134.560514841666,1200,14.0278395168091,0
134.660514841666,1200,14.0278395168091,0
134.760514841666,1200,14.0278395168091,0
134.860514841666,1200,14.0278395168091,0
134.960514841666,1200,14.0278395168091,0
135.060514841666,1200,14.0278395168091,0
135.160514841666,1200,14.0278395168091,0
135.260514841666,1200,14.0278395168091,0
135.360514841666,1200,14.0278395168091,0
135.460514841666,1200,14.0278395168091,0
135.560514841666,1200,14.0278395168091,0
135.660514841666,1200,14.0278395168091,0
135.760514841666,1200,14.0278395168091,0
135.860514841666,1200,14.0278395168091,0
135.960514841666,1200,14.0278395168091,0
136.060514841666,1200,14.0278395168091,0
136.160514841666,1200,14.0278395168091,0
136.260514841666,1200,14.0278395168091,0
136.360514841666,1200,14.0278395168091,0
136.460514841666,1200,14.0278395168091,0
136.560514841666,1200,14.0278395168091,0
136.660514841666,1200,14.0278395168091,0
136.760514841666,1200,14.0278395168091,0
136.860514841666,1200,14.0278395168091,0
136.960514841666,1200,14.0278395168091,0
137.060514841666,1200,14.0278395168091,0
137.160514841666,1200,14.0278395168091,0
137.260514841666,1200,14.0278395168091,0
137.360514841666,1200,14.0278395168091,0
137.460514841666,1200,14.0278395168091,0
137.560514841666,1200,14.0278395168091,0
137.660514841666,1200,14.0278395168091,0
137.760514841666,1200,14.0278395168091,0
137.860514841666,1200,14.0278395168091,0
137.960514841666,1200,14.0278395168091,0
138.060514841666,1200,14.0278395168091,0
138.160514841666,1200,14.0278395168091,0
138.260514841666,1200,14.0278395168091,0
138.360514841666,1200,14.0278395168091,0
138.460514841666,1200,14.0278395168091,0
138.560514841666,1200,14.0278395168091,0
138.660514841666,1200,14.0278395168091,0
138.760514841666,1200,14.0278395168091,0
138.860514841666,1200,14.0278395168091,0
138.960514841666,1200,14.0278395168091,0
139.060514841666,1200,14.0278395168091,0
139.160514841666,1200,14.0278395168091,0
139.260514841666,1200,14.0278395168091,0
139.360514841666,1200,14.0278395168091,0
139.460514841666,1200,14.0278395168091,0
139.560514841666,1200,14.0278395168091,0
139.660514841666,1200,14.0278395168091,0
139.760514841666,1200,14.0278395168091,0
139.860514841666,1200,14.0278395168091,0
139.960514841666,1200,14.0278395168091,0
140.060514841666,1200,14.0278395168091,0
140.160514841666,1200,14.0278395168091,0
140.260514841666,1200,14.0278395168091,0
140.360514841666,1200,14.0278395168091,0
140.460514841666,1200,14.0278395168091,0
140.560514841666,1200,14.0278395168091,0
140.660514841666,1200,14.0278395168091,0
140.760514841666,1200,14.0278395168091,0
140.860514841666,1200,14.0278395168091,0
140.960514841666,1200,14.0278395168091,0
141.060514841666,1200,14.0278395168091,0
141.160514841666,1200,14.0278395168091,0
141.260514841666,1200,14.0278395168091,0
141.360514841666,1200,14.0278395168091,0
141.460514841666,1200,14.0278395168091,0
141.560514841666,1200,14.0278395168091,0
141.660514841666,1200,14.0278395168091,0
141.760514841666,1200,14.0278395168091,0
141.860514841666,1200,14.0278395168091,0
141.960514841666,1200,14.0278395168091,0
142.060514841666,1200,14.0278395168091,0
142.160514841666,1200,14.0278395168091,0
142.260514841666,1200,14.0278395168091,0
142.360514841666,1200,14.0278395168091,0
142.460514841666,1200,14.0278395168091,0
142.560514841666,1200,14.0278395168091,0
142.660514841666,1200,14.0278395168091,0
142.760514841666,1200,14.0278395168091,0
142.860514841666,1200,14.0278395168091,0
142.960514841666,1200,14.0278395168091,0
143.060514841666,1200,14.0278395168091,0
143.160514841666,1200,14.0278395168091,0
143.260514841666,1200,14.0278395168091,0
143.360514841666,1200,14.0278395168091,0
143.460514841666,1200,14.0278395168091,0
143.560514841666,1200,14.0278395168091,0
143.660514841666,1200,14.0278395168091,0
143.760514841666,1200,14.0278395168091,0
143.860514841666,1200,14.0278395168091,0
143.960514841666,1200,14.0278395168091,0
144.060514841666,1200,14.0278395168091,0
144.160514841666,1200,14.0278395168091,0
144.260514841666,1200,14.0278395168091,0
144.360514841666,1200,14.0278395168091,0
144.460514841666,1200,14.0278395168091,0
144.560514841666,1200,14.0278395168091,0
144.660514841666,1200,14.0278395168091,0
144.760514841666,1200,14.0278395168091,0
144.860514841666,1200,14.0278395168091,0
144.960514841666,1200,14.0278395168091,0
145.060514841666,1200,14.0278395168091,0
145.160514841666,1200,14.0278395168091,0
145.260514841666,1200,14.0278395168091,0
145.360514841666,1200,14.0278395168091,0
145.460514841666,1200,14.0278395168091,0
145.560514841666,1200,14.0278395168091,0
145.660514841666,1200,14.0278395168091,0
145.760514841666,1200,14.0278395168091,0
145.860514841666,1200,14.0278395168091,0
145.960514841666,1200,14.0278395168091,0
146.060514841666,1200,14.0278395168091,0
146.160514841666,1200,14.0278395168091,0
146.260514841666,1200,14.0278395168091,0
146.360514841666,1200,14.0278395168091,0
146.460514841666,1200,14.0278395168091,0
146.560514841666,1200,14.0278395168091,0
146.660514841666,1200,14.0278395168091,0
146.760514841666,1200,14.0278395168091,0
146.860514841666,1200,14.0278395168091,0
146.960514841666,1200,14.0278395168091,0
147.060514841666,1200,14.0278395168091,0
147.160514841666,1200,14.0278395168091,0
147.260514841666,1200,14.0278395168091,0
147.360514841666,1200,14.0278395168091,0
147.460514841666,1200,14.0278395168091,0
147.560514841666,1200,14.0278395168091,0
147.660514841666,1200,14.0278395168091,0
147.760514841666,1200,14.0278395168091,0
147.860514841666,1200,14.0278395168091,0
147.960514841666,1200,14.0278395168091,0
148.060514841666,1200,14.0278395168091,0
148.160514841666,1200,14.0278395168091,0
148.260514841666,1200,14.0278395168091,0
148.360514841666,1200,14.0278395168091,0
148.460514841666,1200,14.0278395168091,0
148.560514841666,1200,14.0278395168091,0
148.660514841666,1200,14.0278395168091,0
148.760514841666,1200,14.0278395168091,0
148.860514841666,1200,14.0278395168091,0
148.960514841666,1200,14.0278395168091,0
149.060514841666,1200,14.0278395168091,0
149.160514841666,1200,14.0278395168091,0
149.260514841666,1200,14.0278395168091,0
149.360514841666,1200,14.0278395168091,0
149.460514841666,1200,14.0278395168091,0
149.560514841666,1200,14.0278395168091,0
149.660514841666,1200,14.0278395168091,0
149.760514841666,1200,14.0278395168091,0
149.860514841666,1200,14.0278395168091,0
149.960514841666,1200,14.0278395168091,0
150.060514841666,1200,14.0278395168091,0
150.160514841666,1200,14.0278395168091,0
150.260514841666,1200,14.0278395168091,0
150.360514841666,1200,14.0278395168091,0
150.460514841666,1200,14.0278395168091,0
150.560514841666,1200,14.0278395168091,0
150.660514841666,1200,14.0278395168091,0
150.760514841666,1200,14.0278395168091,0
150.860514841666,1200,14.0278395168091,0
150.960514841666,1200,14.0278395168091,0
151.060514841666,1200,14.0278395168091,0
151.160514841666,1200,14.0278395168091,0
151.260514841666,1200,14.0278395168091,0
151.360514841666,1200,14.0278395168091,0
151.460514841666,1200,14.0278395168091,0
151.560514841666,1200,14.0278395168091,0
151.660514841666,1200,14.0278395168091,0
151.760514841666,1200,14.0278395168091,0
151.860514841666,1200,14.0278395168091,0
151.960514841666,1200,14.0278395168091,0
152.060514841666,1200,14.0278395168091,0
152.160514841666,1200,14.0278395168091,0
152.260514841666,1200,14.0278395168091,0
152.360514841666,1200,14.0278395168091,0
152.460514841666,1200,14.0278395168091,0
152.560514841666,1200,14.0278395168091,0
152.660514841666,1200,14.0278395168091,0
152.760514841666,1200,14.0278395168091,0
152.860514841666,1200,14.0278395168091,0
152.960514841666,1200,14.0278395168091,0
153.060514841666,1200,14.0278395168091,0
153.160514841666,1200,14.0278395168091,0
153.260514841666,1200,14.0278395168091,0
153.360514841666,1200,14.0278395168091,0
153.460514841666,1200,14.0278395168091,0
153.560514841666,1200,14.0278395168091,0
153.660514841666,1200,14.0278395168091,0
153.760514841666,1200,14.0278395168091,0
153.860514841666,1200,14.0278395168091,0
153.960514841666,1200,14.0278395168091,0
154.060514841666,1200,14.0278395168091,0
154.160514841666,1200,14.0278395168091,0
154.260514841666,1200,14.0278395168091,0
154.360514841666,1200,14.0278395168091,0
154.460514841666,1200,14.0278395168091,0
154.560514841666,1200,14.0278395168091,0
154.660514841666,1200,14.0278395168091,0
154.760514841666,1200,14.0278395168091,0
154.860514841666,1200,14.0278395168091,0
154.960514841666,1200,14.0278395168091,0
155.060514841666,1200,14.0278395168091,0
155.160514841666,1200,14.0278395168091,0
155.260514841666,1200,14.0278395168091,0
155.360514841666,1200,14.0278395168091,0
155.460514841666,1200,14.0278395168091,0
155.560514841666,1200,14.0278395168091,0
155.660514841666,1200,14.0278395168091,0
155.760514841666,1200,14.0278395168091,0
155.860514841666,1200,14.0278395168091,0
155.960514841666,1200,14.0278395168091,0
156.060514841666,1200,14.0278395168091,0
156.160514841666,1200,14.0278395168091,0
156.260514841666,1200,14.0278395168091,0
156.360514841666,1200,14.0278395168091,0
156.460514841666,1200,14.0278395168091,0
156.560514841666,1200,14.0278395168091,0
156.660514841666,1200,14.0278395168091,0
156.760514841666,1200,14.0278395168091,0
156.860514841666,1200,14.0278395168091,0
156.960514841666,1200,14.0278395168091,0
157.060514841666,1200,14.0278395168091,0
157.160514841666,1200,14.0278395168091,0
157.260514841666,1200,14.0278395168091,0
157.360514841666,1200,14.0278395168091,0
157.460514841666,1200,14.0278395168091,0
157.560514841666,1200,14.0278395168091,0
157.660514841666,1200,14.0278395168091,0
157.760514841666,1200,14.0278395168091,0
157.860514841666,1200,14.0278395168091,0
157.960514841666,1200,14.0278395168091,0
158.060514841666,1200,14.0278395168091,0
158.160514841666,1200,14.0278395168091,0
158.260514841666,1200,14.0278395168091,0
158.360514841666,1200,14.0278395168091,0
158.460514841666,1200,14.0278395168091,0
158.560514841666,1200,14.0278395168091,0
158.660514841666,1200,14.0278395168091,0
158.760514841666,1200,14.0278395168091,0
158.860514841666,1200,14.0278395168091,0
158.960514841666,1200,14.0278395168091,0
159.060514841666,1200,14.0278395168091,0
159.160514841666,1200,14.0278395168091,0
159.260514841666,1200,14.0278395168091,0
159.360514841666,1200,14.0278395168091,0
159.460514841666,1200,14.0278395168091,0
159.560514841666,1200,14.0278395168091,0
159.660514841666,1200,14.0278395168091,0
159.760514841666,1200,14.0278395168091,0
159.860514841666,1200,14.0278395168091,0
159.960514841666,1200,14.0278395168091,0
160.060514841666,1200,14.0278395168091,0
160.160514841666,1200,14.0278395168091,0
160.260514841666,1200,14.0278395168091,0
160.360514841666,1200,14.0278395168091,0
160.460514841666,1200,14.0278395168091,0
160.560514841666,1200,14.0278395168091,0
160.660514841666,1200,14.0278395168091,0
160.760514841666,1200,14.0278395168091,0
160.860514841666,1200,14.0278395168091,0
160.960514841666,1200,14.0278395168091,0
161.060514841666,1200,14.0278395168091,0
161.160514841666,1200,14.0278395168091,0
161.260514841666,1200,14.0278395168091,0
161.360514841666,1200,14.0278395168091,0
161.460514841666,1200,14.0278395168091,0
161.560514841666,1200,14.0278395168091,0
161.660514841666,1200,14.0278395168091,0
161.760514841666,1200,14.0278395168091,0
161.860514841666,1200,14.0278395168091,0
161.960514841666,1200,14.0278395168091,0
162.060514841666,1200,14.0278395168091,0
162.160514841666,1200,14.0278395168091,0
162.260514841666,1200,14.0278395168091,0
162.360514841666,1200,14.0278395168091,0
162.460514841666,1200,14.0278395168091,0
162.560514841666,1200,14.0278395168091,0
162.660514841666,1200,14.0278395168091,0
162.760514841666,1200,14.0278395168091,0
162.860514841666,1200,14.0278395168091,0
162.960514841666,1200,14.0278395168091,0
163.060514841666,1200,14.0278395168091,0
163.160514841666,1200,14.0278395168091,0
163.260514841666,1200,14.0278395168091,0
163.360514841666,1200,14.0278395168091,0
163.460514841666,1200,14.0278395168091,0
163.560514841666,1200,14.0278395168091,0
163.660514841666,1200,14.0278395168091,0
163.760514841666,1200,14.0278395168091,0
163.860514841666,1200,14.0278395168091,0
163.960514841666,1200,14.0278395168091,0
164.060514841666,1200,14.0278395168091,0
164.160514841666,1200,14.0278395168091,0
164.260514841666,1200,14.0278395168091,0
164.360514841666,1200,14.0278395168091,0
164.460514841666,1200,14.0278395168091,0
164.560514841666,1200,14.0278395168091,0
164.660514841666,1200,14.0278395168091,0
164.760514841666,1200,14.0278395168091,0
164.860514841666,1200,14.0278395168091,0
164.960514841666,1200,14.0278395168091,0
165.060514841666,1200,14.0278395168091,0
165.160514841666,1200,14.0278395168091,0
165.260514841666,1200,14.0278395168091,0
165.360514841666,1200,14.0278395168091,0
165.460514841666,1200,14.0278395168091,0
165.560514841666,1200,14.0278395168091,0
165.660514841666,1200,14.0278395168091,0
165.760514841666,1200,14.0278395168091,0
165.860514841666,1200,14.0278395168091,0
165.960514841666,1200,14.0278395168091,0
166.060514841666,1200,14.0278395168091,0
166.160514841666,1200,14.0278395168091,0
166.260514841666,1200,14.0278395168091,0
166.360514841666,1200,14.0278395168091,0
166.460514841666,1200,14.0278395168091,0
166.560514841666,1200,14.0278395168091,0
166.660514841666,1200,14.0278395168091,0
166.760514841666,1200,14.0278395168091,0
166.860514841666,1200,14.0278395168091,0
166.960514841666,1200,14.0278395168091,0
167.060514841666,1200,14.0278395168091,0
167.160514841666,1200,14.0278395168091,0
167.260514841666,1200,14.0278395168091,0
167.360514841666,1200,14.0278395168091,0
167.460514841666,1200,14.0278395168091,0
167.560514841666,1200,14.0278395168091,0
167.660514841666,1200,14.0278395168091,0
167.760514841666,1200,14.0278395168091,0
167.860514841666,1200,14.0278395168091,0
167.960514841666,1200,14.0278395168091,0
168.060514841666,1200,14.0278395168091,0
168.160514841666,1200,14.0278395168091,0
168.260514841666,1200,14.0278395168091,0
168.360514841666,1200,14.0278395168091,0
168.460514841666,1200,14.0278395168091,0
168.560514841666,1200,14.0278395168091,0
168.660514841666,1200,14.0278395168091,0
168.760514841666,1200,14.0278395168091,0
168.860514841666,1200,14.0278395168091,0
168.960514841666,1200,14.0278395168091,0
169.060514841666,1200,14.0278395168091,0
169.160514841666,1200,14.0278395168091,0
169.260514841666,1200,14.0278395168091,0
169.360514841666,1200,14.0278395168091,0
169.460514841666,1200,14.0278395168091,0
169.560514841666,1200,14.0278395168091,0
169.660514841666,1200,14.0278395168091,0
169.760514841666,1200,14.0278395168091,0
169.860514841666,1200,14.0278395168091,0
169.960514841666,1200,14.0278395168091,0
170.060514841666,1200,14.0278395168091,0
170.160514841666,1200,14.0278395168091,0
170.260514841666,1200,14.0278395168091,0
170.360514841666,1200,14.0278395168091,0
170.460514841666,1200,14.0278395168091,0
170.560514841666,1200,14.0278395168091,0
170.660514841666,1200,14.0278395168091,0
170.760514841666,1200,14.0278395168091,0
170.860514841666,1200,14.0278395168091,0
170.960514841666,1200,14.0278395168091,0
171.060514841666,1200,14.0278395168091,0
171.160514841666,1200,14.0278395168091,0
171.260514841666,1200,14.0278395168091,0
171.360514841666,1200,14.0278395168091,0
171.460514841666,1200,14.0278395168091,0
171.560514841666,1200,14.0278395168091,0
171.660514841666,1200,14.0278395168091,0
171.760514841666,1200,14.0278395168091,0
171.860514841666,1200,14.0278395168091,0
171.960514841666,1200,14.0278395168091,0
172.060514841666,1200,14.0278395168091,0
172.160514841666,1200,14.0278395168091,0
172.260514841666,1200,14.0278395168091,0
172.360514841666,1200,14.0278395168091,0
172.460514841666,1200,14.0278395168091,0
172.560514841666,1200,14.0278395168091,0
172.660514841666,1200,14.0278395168091,0
172.760514841666,1200,14.0278395168091,0
172.860514841666,1200,14.0278395168091,0
172.960514841666,1200,14.0278395168091,0
173.060514841666,1200,14.0278395168091,0
173.160514841666,1200,14.0278395168091,0
173.260514841666,1200,14.0278395168091,0
173.360514841666,1200,14.0278395168091,0
173.460514841666,1200,14.0278395168091,0
173.560514841666,1200,14.0278395168091,0
173.660514841666,1200,14.0278395168091,0
173.760514841666,1200,14.0278395168091,0
173.860514841666,1200,14.0278395168091,0
173.960514841666,1200,14.0278395168091,0
174.060514841666,1200,14.0278395168091,0
174.160514841666,1200,14.0278395168091,0
174.260514841666,1200,14.0278395168091,0
174.360514841666,1200,14.0278395168091,0
174.460514841666,1200,14.0278395168091,0
174.560514841666,1200,14.0278395168091,0
174.660514841666,1200,14.0278395168091,0
174.760514841666,1200,14.0278395168091,0
174.860514841666,1200,14.0278395168091,0
174.960514841666,1200,14.0278395168091,0
175.060514841666,1200,14.0278395168091,0
175.160514841666,1200,14.0278395168091,0
175.260514841666,1200,14.0278395168091,0
175.360514841666,1200,14.0278395168091,0
175.460514841666,1200,14.0278395168091,0
175.560514841666,1200,14.0278395168091,0
175.660514841666,1200,14.0278395168091,0
175.760514841666,1200,14.0278395168091,0
175.860514841666,1200,14.0278395168091,0
175.960514841666,1200,14.0278395168091,0
176.060514841666,1200,14.0278395168091,0
176.160514841666,1200,14.0278395168091,0
176.260514841666,1200,14.0278395168091,0
176.360514841666,1200,14.0278395168091,0
176.460514841666,1200,14.0278395168091,0
176.560514841666,1200,14.0278395168091,0
176.660514841666,1200,14.0278395168091,0
176.760514841666,1200,14.0278395168091,0
176.860514841666,1200,14.0278395168091,0
176.960514841666,1200,14.0278395168091,0
177.060514841666,1200,14.0278395168091,0
177.160514841666,1200,14.0278395168091,0
177.260514841666,1200,14.0278395168091,0
177.360514841666,1200,14.0278395168091,0
177.460514841666,1200,14.0278395168091,0
177.560514841666,1200,14.0278395168091,0
177.660514841666,1200,14.0278395168091,0
177.760514841666,1200,14.0278395168091,0
177.860514841666,1200,14.0278395168091,0
177.960514841666,1200,14.0278395168091,0
178.060514841666,1200,14.0278395168091,0
178.160514841666,1200,14.0278395168091,0
178.260514841666,1200,14.0278395168091,0
178.360514841666,1200,14.0278395168091,0
178.460514841666,1200,14.0278395168091,0
178.560514841666,1200,14.0278395168091,0
178.660514841666,1200,14.0278395168091,0
178.760514841666,1200,14.0278395168091,0
178.860514841666,1200,14.0278395168091,0
178.960514841666,1200,14.0278395168091,0
179.060514841666,1200,14.0278395168091,0
179.160514841666,1200,14.0278395168091,0
179.260514841666,1200,14.0278395168091,0
179.360514841666,1200,14.0278395168091,0
179.460514841666,1200,14.0278395168091,0
179.560514841666,1200,14.0278395168091,0
179.660514841666,1200,14.0278395168091,0
179.760514841666,1200,14.0278395168091,0
179.860514841666,1200,14.0278395168091,0
179.960514841666,1200,14.0278395168091,0
180.060514841666,1200,14.0278395168091,0
180.160514841666,1200,14.0278395168091,0
180.260514841666,1200,14.0278395168091,0
180.360514841666,1200,14.0278395168091,0
180.460514841666,1200,14.0278395168091,0
180.560514841666,1200,14.0278395168091,0
180.660514841666,1200,14.0278395168091,0
180.760514841666,1200,14.0278395168091,0
180.860514841666,1200,14.0278395168091,0
180.960514841666,1200,14.0278395168091,0
181.060514841666,1200,14.0278395168091,0
181.160514841666,1200,14.0278395168091,0
181.260514841666,1200,14.0278395168091,0
181.360514841666,1200,14.0278395168091,0
181.460514841666,1200,14.0278395168091,0
181.560514841666,1200,14.0278395168091,0
181.660514841666,1200,14.0278395168091,0
181.760514841666,1200,14.0278395168091,0
181.860514841666,1200,14.0278395168091,0
181.960514841666,1200,14.0278395168091,0
182.060514841666,1200,14.0278395168091,0
182.160514841666,1200,14.0278395168091,0
182.260514841666,1200,14.0278395168091,0
182.360514841666,1200,14.0278395168091,0
182.460514841666,1200,14.0278395168091,0
182.560514841666,1200,14.0278395168091,0
182.660514841666,1200,14.0278395168091,0
182.760514841666,1200,14.0278395168091,0
182.860514841666,1200,14.0278395168091,0
182.960514841666,1200,14.0278395168091,0
183.060514841666,1200,14.0278395168091,0
183.160514841666,1200,14.0278395168091,0
183.260514841666,1200,14.0278395168091,0
183.360514841666,1200,14.0278395168091,0
183.460514841666,1200,14.0278395168091,0
183.560514841666,1200,14.0278395168091,0
183.660514841666,1200,14.0278395168091,0
183.760514841666,1200,14.0278395168091,0
183.860514841666,1200,14.0278395168091,0
183.960514841666,1200,14.0278395168091,0
184.060514841666,1200,14.0278395168091,0
184.160514841666,1200,14.0278395168091,0
184.260514841666,1200,14.0278395168091,0
184.360514841666,1200,14.0278395168091,0
184.460514841666,1200,14.0278395168091,0
184.560514841666,1200,14.0278395168091,0
184.660514841666,1200,14.0278395168091,0
184.760514841666,1200,14.0278395168091,0
184.860514841666,1200,14.0278395168091,0
184.960514841666,1200,14.0278395168091,0
185.060514841666,1200,14.0278395168091,0
185.160514841666,1200,14.0278395168091,0
185.260514841666,1200,14.0278395168091,0
185.360514841666,1200,14.0278395168091,0
185.460514841666,1200,14.0278395168091,0
185.560514841666,1200,14.0278395168091,0
185.660514841666,1200,14.0278395168091,0
185.760514841666,1200,14.0278395168091,0
185.860514841666,1200,14.0278395168091,0
185.960514841666,1200,14.0278395168091,0
186.060514841666,1200,14.0278395168091,0
186.160514841666,1200,14.0278395168091,0
186.260514841666,1200,14.0278395168091,0
186.360514841666,1200,14.0278395168091,0
186.460514841666,1200,14.0278395168091,0
186.560514841666,1200,14.0278395168091,0
186.660514841666,1200,14.0278395168091,0
186.760514841666,1200,14.0278395168091,0
186.860514841666,1200,14.0278395168091,0
186.960514841666,1200,14.0278395168091,0
187.060514841666,1200,14.0278395168091,0
187.160514841666,1200,14.0278395168091,0
187.260514841666,1200,14.0278395168091,0
187.360514841666,1200,14.0278395168091,0
187.460514841666,1200,14.0278395168091,0
187.560514841666,1200,14.0278395168091,0
187.660514841666,1200,14.0278395168091,0
187.760514841666,1200,14.0278395168091,0
187.860514841666,1200,14.0278395168091,0
187.960514841666,1200,14.0278395168091,0
188.060514841666,1200,14.0278395168091,0
188.160514841666,1200,14.0278395168091,0
188.260514841666,1200,14.0278395168091,0
188.360514841666,1200,14.0278395168091,0
188.460514841666,1200,14.0278395168091,0
188.560514841666,1200,14.0278395168091,0
188.660514841666,1200,14.0278395168091,0
188.760514841666,1200,14.0278395168091,0
188.860514841666,1200,14.0278395168091,0
188.960514841666,1200,14.0278395168091,0
189.060514841666,1200,14.0278395168091,0
189.160514841666,1200,14.0278395168091,0
189.260514841666,1200,14.0278395168091,0
189.360514841666,1200,14.0278395168091,0
189.460514841666,1200,14.0278395168091,0
189.560514841666,1200,14.0278395168091,0
189.660514841666,1200,14.0278395168091,0
189.760514841666,1200,14.0278395168091,0
189.860514841666,1200,14.0278395168091,0
189.960514841666,1200,14.0278395168091,0
190.060514841666,1200,14.0278395168091,0
190.160514841666,1200,14.0278395168091,0
190.260514841666,1200,14.0278395168091,0
190.360514841666,1200,14.0278395168091,0
190.460514841666,1200,14.0278395168091,0
190.560514841666,1200,14.0278395168091,0
190.660514841666,1200,14.0278395168091,0
190.760514841666,1200,14.0278395168091,0
190.860514841666,1200,14.0278395168091,0
190.924184089832,1200,14.0278395168091,0
191.014382191401,1120.16821528395,13.0946166298615,-0.00287399152751527
191.114382191401,1096.71102504615,12.8204052130522,-0.000761698380025722
191.157239334258,1093.44670732814,12.7822457754855,-0.000247329687932482
191.177019554039,1092.22331489688,12.7679444815756,-0.000200836071883304
191.177892210794,1092.17525209138,12.7673826338071,-0.000178843312308857
191.177897023239,1092.17499025874,12.7673795730185,-0.000176670903380148
191.177898948217,1092.17488520906,12.7673783450018,-0.000177204997021101
191.177899670084,1092.17484579517,12.7673778842587,-0.000177296112718019
