combined_index,time_h,time_d,source_segment,source_file,combined_file,bytes
0,0.0,0.0,0to480_rerun,/mnt/d/flood_drywell_compare/DuMuX_floodmar_HYDROFIX2_CORRECTED_0to480h_RERUN/floodmar_HYDROFIX2_CORRECTED_0to480h-00000.vtu,floodmar_HYDROFIX2_CORRECTED_0to1440h-00000.vtu,12711732
1,6.07663888888889,0.2531932870370371,0to480_rerun,/mnt/d/flood_drywell_compare/DuMuX_floodmar_HYDROFIX2_CORRECTED_0to480h_RERUN/floodmar_HYDROFIX2_CORRECTED_0to480h-00001.vtu,floodmar_HYDROFIX2_CORRECTED_0to1440h-00001.vtu,12550900
2,12.07163888888889,0.5029849537037038,0to480_rerun,/mnt/d/flood_drywell_compare/DuMuX_floodmar_HYDROFIX2_CORRECTED_0to480h_RERUN/floodmar_HYDROFIX2_CORRECTED_0to480h-00002.vtu,floodmar_HYDROFIX2_CORRECTED_0to1440h-00002.vtu,12258124
3,18.071638888888888,0.7529849537037037,0to480_rerun,/mnt/d/flood_drywell_compare/DuMuX_floodmar_HYDROFIX2_CORRECTED_0to480h_RERUN/floodmar_HYDROFIX2_CORRECTED_0to480h-00003.vtu,floodmar_HYDROFIX2_CORRECTED_0to1440h-00003.vtu,11947323
4,24.071638888888888,1.0029849537037037,0to480_rerun,/mnt/d/flood_drywell_compare/DuMuX_floodmar_HYDROFIX2_CORRECTED_0to480h_RERUN/floodmar_HYDROFIX2_CORRECTED_0to480h-00004.vtu,floodmar_HYDROFIX2_CORRECTED_0to1440h-00004.vtu,11805401
5,30.071666666666665,1.2529861111111111,0to480_rerun,/mnt/d/flood_drywell_compare/DuMuX_floodmar_HYDROFIX2_CORRECTED_0to480h_RERUN/floodmar_HYDROFIX2_CORRECTED_0to480h-00005.vtu,floodmar_HYDROFIX2_CORRECTED_0to1440h-00005.vtu,11649810
6,36.071666666666665,1.5029861111111111,0to480_rerun,/mnt/d/flood_drywell_compare/DuMuX_floodmar_HYDROFIX2_CORRECTED_0to480h_RERUN/floodmar_HYDROFIX2_CORRECTED_0to480h-00006.vtu,floodmar_HYDROFIX2_CORRECTED_0to1440h-00006.vtu,11515094
7,42.071666666666665,1.7529861111111111,0to480_rerun,/mnt/d/flood_drywell_compare/DuMuX_floodmar_HYDROFIX2_CORRECTED_0to480h_RERUN/floodmar_HYDROFIX2_CORRECTED_0to480h-00007.vtu,floodmar_HYDROFIX2_CORRECTED_0to1440h-00007.vtu,11364000
8,48.071666666666665,2.002986111111111,0to480_rerun,/mnt/d/flood_drywell_compare/DuMuX_floodmar_HYDROFIX2_CORRECTED_0to480h_RERUN/floodmar_HYDROFIX2_CORRECTED_0to480h-00008.vtu,floodmar_HYDROFIX2_CORRECTED_0to1440h-00008.vtu,11271929
9,54.071666666666665,2.252986111111111,0to480_rerun,/mnt/d/flood_drywell_compare/DuMuX_floodmar_HYDROFIX2_CORRECTED_0to480h_RERUN/floodmar_HYDROFIX2_CORRECTED_0to480h-00009.vtu,floodmar_HYDROFIX2_CORRECTED_0to1440h-00009.vtu,11212259
10,60.071666666666665,2.502986111111111,0to480_rerun,/mnt/d/flood_drywell_compare/DuMuX_floodmar_HYDROFIX2_CORRECTED_0to480h_RERUN/floodmar_HYDROFIX2_CORRECTED_0to480h-00010.vtu,floodmar_HYDROFIX2_CORRECTED_0to1440h-00010.vtu,11157206
11,66.07166666666667,2.7529861111111114,0to480_rerun,/mnt/d/flood_drywell_compare/DuMuX_floodmar_HYDROFIX2_CORRECTED_0to480h_RERUN/floodmar_HYDROFIX2_CORRECTED_0to480h-00011.vtu,floodmar_HYDROFIX2_CORRECTED_0to1440h-00011.vtu,11101148
12,72.07166666666667,3.0029861111111114,0to480_rerun,/mnt/d/flood_drywell_compare/DuMuX_floodmar_HYDROFIX2_CORRECTED_0to480h_RERUN/floodmar_HYDROFIX2_CORRECTED_0to480h-00012.vtu,floodmar_HYDROFIX2_CORRECTED_0to1440h-00012.vtu,11039788
13,78.07166666666667,3.2529861111111114,0to480_rerun,/mnt/d/flood_drywell_compare/DuMuX_floodmar_HYDROFIX2_CORRECTED_0to480h_RERUN/floodmar_HYDROFIX2_CORRECTED_0to480h-00013.vtu,floodmar_HYDROFIX2_CORRECTED_0to1440h-00013.vtu,10954972
14,84.07166666666667,3.5029861111111114,0to480_rerun,/mnt/d/flood_drywell_compare/DuMuX_floodmar_HYDROFIX2_CORRECTED_0to480h_RERUN/floodmar_HYDROFIX2_CORRECTED_0to480h-00014.vtu,floodmar_HYDROFIX2_CORRECTED_0to1440h-00014.vtu,10880129
15,90.07166666666667,3.7529861111111114,0to480_rerun,/mnt/d/flood_drywell_compare/DuMuX_floodmar_HYDROFIX2_CORRECTED_0to480h_RERUN/floodmar_HYDROFIX2_CORRECTED_0to480h-00015.vtu,floodmar_HYDROFIX2_CORRECTED_0to1440h-00015.vtu,10821820
16,96.0,4.0,0to480_rerun,/mnt/d/flood_drywell_compare/DuMuX_floodmar_HYDROFIX2_CORRECTED_0to480h_RERUN/floodmar_HYDROFIX2_CORRECTED_0to480h-00016.vtu,floodmar_HYDROFIX2_CORRECTED_0to1440h-00016.vtu,10779036
17,102.00472222222223,4.25019675925926,0to480_rerun,/mnt/d/flood_drywell_compare/DuMuX_floodmar_HYDROFIX2_CORRECTED_0to480h_RERUN/floodmar_HYDROFIX2_CORRECTED_0to480h-00017.vtu,floodmar_HYDROFIX2_CORRECTED_0to1440h-00017.vtu,11050489
18,108.06027777777778,4.502511574074075,0to480_rerun,/mnt/d/flood_drywell_compare/DuMuX_floodmar_HYDROFIX2_CORRECTED_0to480h_RERUN/floodmar_HYDROFIX2_CORRECTED_0to480h-00018.vtu,floodmar_HYDROFIX2_CORRECTED_0to1440h-00018.vtu,11247235
19,114.06944444444444,4.752893518518518,0to480_rerun,/mnt/d/flood_drywell_compare/DuMuX_floodmar_HYDROFIX2_CORRECTED_0to480h_RERUN/floodmar_HYDROFIX2_CORRECTED_0to480h-00019.vtu,floodmar_HYDROFIX2_CORRECTED_0to1440h-00019.vtu,11332328
20,120.0425,5.0017708333333335,0to480_rerun,/mnt/d/flood_drywell_compare/DuMuX_floodmar_HYDROFIX2_CORRECTED_0to480h_RERUN/floodmar_HYDROFIX2_CORRECTED_0to480h-00020.vtu,floodmar_HYDROFIX2_CORRECTED_0to1440h-00020.vtu,11426798
21,126.0025,5.250104166666667,0to480_rerun,/mnt/d/flood_drywell_compare/DuMuX_floodmar_HYDROFIX2_CORRECTED_0to480h_RERUN/floodmar_HYDROFIX2_CORRECTED_0to480h-00021.vtu,floodmar_HYDROFIX2_CORRECTED_0to1440h-00021.vtu,11526986
22,132.01916666666668,5.500798611111112,0to480_rerun,/mnt/d/flood_drywell_compare/DuMuX_floodmar_HYDROFIX2_CORRECTED_0to480h_RERUN/floodmar_HYDROFIX2_CORRECTED_0to480h-00022.vtu,floodmar_HYDROFIX2_CORRECTED_0to1440h-00022.vtu,11632422
23,138.01944444444445,5.750810185185185,0to480_rerun,/mnt/d/flood_drywell_compare/DuMuX_floodmar_HYDROFIX2_CORRECTED_0to480h_RERUN/floodmar_HYDROFIX2_CORRECTED_0to480h-00023.vtu,floodmar_HYDROFIX2_CORRECTED_0to1440h-00023.vtu,11758176
24,144.01,6.000416666666666,0to480_rerun,/mnt/d/flood_drywell_compare/DuMuX_floodmar_HYDROFIX2_CORRECTED_0to480h_RERUN/floodmar_HYDROFIX2_CORRECTED_0to480h-00024.vtu,floodmar_HYDROFIX2_CORRECTED_0to1440h-00024.vtu,11918090
25,150.02,6.2508333333333335,0to480_rerun,/mnt/d/flood_drywell_compare/DuMuX_floodmar_HYDROFIX2_CORRECTED_0to480h_RERUN/floodmar_HYDROFIX2_CORRECTED_0to480h-00025.vtu,floodmar_HYDROFIX2_CORRECTED_0to1440h-00025.vtu,12120144
26,156.0677777777778,6.502824074074074,0to480_rerun,/mnt/d/flood_drywell_compare/DuMuX_floodmar_HYDROFIX2_CORRECTED_0to480h_RERUN/floodmar_HYDROFIX2_CORRECTED_0to480h-00026.vtu,floodmar_HYDROFIX2_CORRECTED_0to1440h-00026.vtu,12245838
27,162.0511111111111,6.752129629629629,0to480_rerun,/mnt/d/flood_drywell_compare/DuMuX_floodmar_HYDROFIX2_CORRECTED_0to480h_RERUN/floodmar_HYDROFIX2_CORRECTED_0to480h-00027.vtu,floodmar_HYDROFIX2_CORRECTED_0to1440h-00027.vtu,12326804
28,168.08916666666667,7.003715277777778,0to480_rerun,/mnt/d/flood_drywell_compare/DuMuX_floodmar_HYDROFIX2_CORRECTED_0to480h_RERUN/floodmar_HYDROFIX2_CORRECTED_0to480h-00028.vtu,floodmar_HYDROFIX2_CORRECTED_0to1440h-00028.vtu,12389338
29,174.08916666666667,7.253715277777778,0to480_rerun,/mnt/d/flood_drywell_compare/DuMuX_floodmar_HYDROFIX2_CORRECTED_0to480h_RERUN/floodmar_HYDROFIX2_CORRECTED_0to480h-00029.vtu,floodmar_HYDROFIX2_CORRECTED_0to1440h-00029.vtu,12429096
30,180.05833333333334,7.502430555555556,0to480_rerun,/mnt/d/flood_drywell_compare/DuMuX_floodmar_HYDROFIX2_CORRECTED_0to480h_RERUN/floodmar_HYDROFIX2_CORRECTED_0to480h-00030.vtu,floodmar_HYDROFIX2_CORRECTED_0to1440h-00030.vtu,12457104
31,186.0438888888889,7.751828703703704,0to480_rerun,/mnt/d/flood_drywell_compare/DuMuX_floodmar_HYDROFIX2_CORRECTED_0to480h_RERUN/floodmar_HYDROFIX2_CORRECTED_0to480h-00031.vtu,floodmar_HYDROFIX2_CORRECTED_0to1440h-00031.vtu,12475646
32,192.0438888888889,8.001828703703703,0to480_rerun,/mnt/d/flood_drywell_compare/DuMuX_floodmar_HYDROFIX2_CORRECTED_0to480h_RERUN/floodmar_HYDROFIX2_CORRECTED_0to480h-00032.vtu,floodmar_HYDROFIX2_CORRECTED_0to1440h-00032.vtu,12489322
33,198.0438888888889,8.251828703703703,0to480_rerun,/mnt/d/flood_drywell_compare/DuMuX_floodmar_HYDROFIX2_CORRECTED_0to480h_RERUN/floodmar_HYDROFIX2_CORRECTED_0to480h-00033.vtu,floodmar_HYDROFIX2_CORRECTED_0to1440h-00033.vtu,12502122
34,204.0438888888889,8.501828703703703,0to480_rerun,/mnt/d/flood_drywell_compare/DuMuX_floodmar_HYDROFIX2_CORRECTED_0to480h_RERUN/floodmar_HYDROFIX2_CORRECTED_0to480h-00034.vtu,floodmar_HYDROFIX2_CORRECTED_0to1440h-00034.vtu,12508631
35,210.0438888888889,8.751828703703703,0to480_rerun,/mnt/d/flood_drywell_compare/DuMuX_floodmar_HYDROFIX2_CORRECTED_0to480h_RERUN/floodmar_HYDROFIX2_CORRECTED_0to480h-00035.vtu,floodmar_HYDROFIX2_CORRECTED_0to1440h-00035.vtu,12515900
36,216.0438888888889,9.001828703703703,0to480_rerun,/mnt/d/flood_drywell_compare/DuMuX_floodmar_HYDROFIX2_CORRECTED_0to480h_RERUN/floodmar_HYDROFIX2_CORRECTED_0to480h-00036.vtu,floodmar_HYDROFIX2_CORRECTED_0to1440h-00036.vtu,12518016
37,222.0438888888889,9.251828703703703,0to480_rerun,/mnt/d/flood_drywell_compare/DuMuX_floodmar_HYDROFIX2_CORRECTED_0to480h_RERUN/floodmar_HYDROFIX2_CORRECTED_0to480h-00037.vtu,floodmar_HYDROFIX2_CORRECTED_0to1440h-00037.vtu,12521306
38,228.0438888888889,9.501828703703703,0to480_rerun,/mnt/d/flood_drywell_compare/DuMuX_floodmar_HYDROFIX2_CORRECTED_0to480h_RERUN/floodmar_HYDROFIX2_CORRECTED_0to480h-00038.vtu,floodmar_HYDROFIX2_CORRECTED_0to1440h-00038.vtu,12521527
39,234.0438888888889,9.751828703703703,0to480_rerun,/mnt/d/flood_drywell_compare/DuMuX_floodmar_HYDROFIX2_CORRECTED_0to480h_RERUN/floodmar_HYDROFIX2_CORRECTED_0to480h-00039.vtu,floodmar_HYDROFIX2_CORRECTED_0to1440h-00039.vtu,12523355
40,240.0438888888889,10.001828703703703,0to480_rerun,/mnt/d/flood_drywell_compare/DuMuX_floodmar_HYDROFIX2_CORRECTED_0to480h_RERUN/floodmar_HYDROFIX2_CORRECTED_0to480h-00040.vtu,floodmar_HYDROFIX2_CORRECTED_0to1440h-00040.vtu,12523015
41,246.0438888888889,10.251828703703703,0to480_rerun,/mnt/d/flood_drywell_compare/DuMuX_floodmar_HYDROFIX2_CORRECTED_0to480h_RERUN/floodmar_HYDROFIX2_CORRECTED_0to480h-00041.vtu,floodmar_HYDROFIX2_CORRECTED_0to1440h-00041.vtu,12522951
42,252.0438888888889,10.501828703703703,0to480_rerun,/mnt/d/flood_drywell_compare/DuMuX_floodmar_HYDROFIX2_CORRECTED_0to480h_RERUN/floodmar_HYDROFIX2_CORRECTED_0to480h-00042.vtu,floodmar_HYDROFIX2_CORRECTED_0to1440h-00042.vtu,12523075
43,258.0438888888889,10.751828703703703,0to480_rerun,/mnt/d/flood_drywell_compare/DuMuX_floodmar_HYDROFIX2_CORRECTED_0to480h_RERUN/floodmar_HYDROFIX2_CORRECTED_0to480h-00043.vtu,floodmar_HYDROFIX2_CORRECTED_0to1440h-00043.vtu,12522379
44,264.0438888888889,11.001828703703703,0to480_rerun,/mnt/d/flood_drywell_compare/DuMuX_floodmar_HYDROFIX2_CORRECTED_0to480h_RERUN/floodmar_HYDROFIX2_CORRECTED_0to480h-00044.vtu,floodmar_HYDROFIX2_CORRECTED_0to1440h-00044.vtu,12523872
45,270.0438888888889,11.251828703703703,0to480_rerun,/mnt/d/flood_drywell_compare/DuMuX_floodmar_HYDROFIX2_CORRECTED_0to480h_RERUN/floodmar_HYDROFIX2_CORRECTED_0to480h-00045.vtu,floodmar_HYDROFIX2_CORRECTED_0to1440h-00045.vtu,12525230
46,276.0438888888889,11.501828703703703,0to480_rerun,/mnt/d/flood_drywell_compare/DuMuX_floodmar_HYDROFIX2_CORRECTED_0to480h_RERUN/floodmar_HYDROFIX2_CORRECTED_0to480h-00046.vtu,floodmar_HYDROFIX2_CORRECTED_0to1440h-00046.vtu,12525707
47,282.0444444444444,11.751851851851852,0to480_rerun,/mnt/d/flood_drywell_compare/DuMuX_floodmar_HYDROFIX2_CORRECTED_0to480h_RERUN/floodmar_HYDROFIX2_CORRECTED_0to480h-00047.vtu,floodmar_HYDROFIX2_CORRECTED_0to1440h-00047.vtu,12528288
48,288.0444444444444,12.001851851851852,0to480_rerun,/mnt/d/flood_drywell_compare/DuMuX_floodmar_HYDROFIX2_CORRECTED_0to480h_RERUN/floodmar_HYDROFIX2_CORRECTED_0to480h-00048.vtu,floodmar_HYDROFIX2_CORRECTED_0to1440h-00048.vtu,12530041
49,294.0444444444444,12.251851851851852,0to480_rerun,/mnt/d/flood_drywell_compare/DuMuX_floodmar_HYDROFIX2_CORRECTED_0to480h_RERUN/floodmar_HYDROFIX2_CORRECTED_0to480h-00049.vtu,floodmar_HYDROFIX2_CORRECTED_0to1440h-00049.vtu,12532112
50,300.0444444444444,12.501851851851852,0to480_rerun,/mnt/d/flood_drywell_compare/DuMuX_floodmar_HYDROFIX2_CORRECTED_0to480h_RERUN/floodmar_HYDROFIX2_CORRECTED_0to480h-00050.vtu,floodmar_HYDROFIX2_CORRECTED_0to1440h-00050.vtu,12535174
51,306.0444444444444,12.751851851851852,0to480_rerun,/mnt/d/flood_drywell_compare/DuMuX_floodmar_HYDROFIX2_CORRECTED_0to480h_RERUN/floodmar_HYDROFIX2_CORRECTED_0to480h-00051.vtu,floodmar_HYDROFIX2_CORRECTED_0to1440h-00051.vtu,12538383
52,312.0444444444444,13.001851851851852,0to480_rerun,/mnt/d/flood_drywell_compare/DuMuX_floodmar_HYDROFIX2_CORRECTED_0to480h_RERUN/floodmar_HYDROFIX2_CORRECTED_0to480h-00052.vtu,floodmar_HYDROFIX2_CORRECTED_0to1440h-00052.vtu,12540151
53,318.0444444444444,13.251851851851852,0to480_rerun,/mnt/d/flood_drywell_compare/DuMuX_floodmar_HYDROFIX2_CORRECTED_0to480h_RERUN/floodmar_HYDROFIX2_CORRECTED_0to480h-00053.vtu,floodmar_HYDROFIX2_CORRECTED_0to1440h-00053.vtu,12542943
54,324.0444444444444,13.501851851851852,0to480_rerun,/mnt/d/flood_drywell_compare/DuMuX_floodmar_HYDROFIX2_CORRECTED_0to480h_RERUN/floodmar_HYDROFIX2_CORRECTED_0to480h-00054.vtu,floodmar_HYDROFIX2_CORRECTED_0to1440h-00054.vtu,12545371
55,330.0444444444444,13.751851851851852,0to480_rerun,/mnt/d/flood_drywell_compare/DuMuX_floodmar_HYDROFIX2_CORRECTED_0to480h_RERUN/floodmar_HYDROFIX2_CORRECTED_0to480h-00055.vtu,floodmar_HYDROFIX2_CORRECTED_0to1440h-00055.vtu,12548154
56,336.0444444444444,14.001851851851852,0to480_rerun,/mnt/d/flood_drywell_compare/DuMuX_floodmar_HYDROFIX2_CORRECTED_0to480h_RERUN/floodmar_HYDROFIX2_CORRECTED_0to480h-00056.vtu,floodmar_HYDROFIX2_CORRECTED_0to1440h-00056.vtu,12550176
57,342.0444444444444,14.251851851851852,0to480_rerun,/mnt/d/flood_drywell_compare/DuMuX_floodmar_HYDROFIX2_CORRECTED_0to480h_RERUN/floodmar_HYDROFIX2_CORRECTED_0to480h-00057.vtu,floodmar_HYDROFIX2_CORRECTED_0to1440h-00057.vtu,12552439
58,348.0444444444444,14.501851851851852,0to480_rerun,/mnt/d/flood_drywell_compare/DuMuX_floodmar_HYDROFIX2_CORRECTED_0to480h_RERUN/floodmar_HYDROFIX2_CORRECTED_0to480h-00058.vtu,floodmar_HYDROFIX2_CORRECTED_0to1440h-00058.vtu,12553968
59,354.0444444444444,14.751851851851852,0to480_rerun,/mnt/d/flood_drywell_compare/DuMuX_floodmar_HYDROFIX2_CORRECTED_0to480h_RERUN/floodmar_HYDROFIX2_CORRECTED_0to480h-00059.vtu,floodmar_HYDROFIX2_CORRECTED_0to1440h-00059.vtu,12555825
60,360.0444444444444,15.001851851851852,0to480_rerun,/mnt/d/flood_drywell_compare/DuMuX_floodmar_HYDROFIX2_CORRECTED_0to480h_RERUN/floodmar_HYDROFIX2_CORRECTED_0to480h-00060.vtu,floodmar_HYDROFIX2_CORRECTED_0to1440h-00060.vtu,12560009
61,366.0444444444444,15.251851851851852,0to480_rerun,/mnt/d/flood_drywell_compare/DuMuX_floodmar_HYDROFIX2_CORRECTED_0to480h_RERUN/floodmar_HYDROFIX2_CORRECTED_0to480h-00061.vtu,floodmar_HYDROFIX2_CORRECTED_0to1440h-00061.vtu,12561538
62,372.0444444444444,15.501851851851852,0to480_rerun,/mnt/d/flood_drywell_compare/DuMuX_floodmar_HYDROFIX2_CORRECTED_0to480h_RERUN/floodmar_HYDROFIX2_CORRECTED_0to480h-00062.vtu,floodmar_HYDROFIX2_CORRECTED_0to1440h-00062.vtu,12565177
63,378.0444444444444,15.751851851851852,0to480_rerun,/mnt/d/flood_drywell_compare/DuMuX_floodmar_HYDROFIX2_CORRECTED_0to480h_RERUN/floodmar_HYDROFIX2_CORRECTED_0to480h-00063.vtu,floodmar_HYDROFIX2_CORRECTED_0to1440h-00063.vtu,12567645
64,384.0444444444444,16.00185185185185,0to480_rerun,/mnt/d/flood_drywell_compare/DuMuX_floodmar_HYDROFIX2_CORRECTED_0to480h_RERUN/floodmar_HYDROFIX2_CORRECTED_0to480h-00064.vtu,floodmar_HYDROFIX2_CORRECTED_0to1440h-00064.vtu,12570352
65,390.0444444444444,16.25185185185185,0to480_rerun,/mnt/d/flood_drywell_compare/DuMuX_floodmar_HYDROFIX2_CORRECTED_0to480h_RERUN/floodmar_HYDROFIX2_CORRECTED_0to480h-00065.vtu,floodmar_HYDROFIX2_CORRECTED_0to1440h-00065.vtu,12573547
66,396.0444444444444,16.50185185185185,0to480_rerun,/mnt/d/flood_drywell_compare/DuMuX_floodmar_HYDROFIX2_CORRECTED_0to480h_RERUN/floodmar_HYDROFIX2_CORRECTED_0to480h-00066.vtu,floodmar_HYDROFIX2_CORRECTED_0to1440h-00066.vtu,12576580
67,402.0444444444444,16.75185185185185,0to480_rerun,/mnt/d/flood_drywell_compare/DuMuX_floodmar_HYDROFIX2_CORRECTED_0to480h_RERUN/floodmar_HYDROFIX2_CORRECTED_0to480h-00067.vtu,floodmar_HYDROFIX2_CORRECTED_0to1440h-00067.vtu,12581456
68,408.0444444444444,17.00185185185185,0to480_rerun,/mnt/d/flood_drywell_compare/DuMuX_floodmar_HYDROFIX2_CORRECTED_0to480h_RERUN/floodmar_HYDROFIX2_CORRECTED_0to480h-00068.vtu,floodmar_HYDROFIX2_CORRECTED_0to1440h-00068.vtu,12583755
69,414.0444444444444,17.25185185185185,0to480_rerun,/mnt/d/flood_drywell_compare/DuMuX_floodmar_HYDROFIX2_CORRECTED_0to480h_RERUN/floodmar_HYDROFIX2_CORRECTED_0to480h-00069.vtu,floodmar_HYDROFIX2_CORRECTED_0to1440h-00069.vtu,12587213
70,420.0444444444444,17.50185185185185,0to480_rerun,/mnt/d/flood_drywell_compare/DuMuX_floodmar_HYDROFIX2_CORRECTED_0to480h_RERUN/floodmar_HYDROFIX2_CORRECTED_0to480h-00070.vtu,floodmar_HYDROFIX2_CORRECTED_0to1440h-00070.vtu,12590859
71,426.0444444444444,17.75185185185185,0to480_rerun,/mnt/d/flood_drywell_compare/DuMuX_floodmar_HYDROFIX2_CORRECTED_0to480h_RERUN/floodmar_HYDROFIX2_CORRECTED_0to480h-00071.vtu,floodmar_HYDROFIX2_CORRECTED_0to1440h-00071.vtu,12595764
72,432.0444444444444,18.00185185185185,0to480_rerun,/mnt/d/flood_drywell_compare/DuMuX_floodmar_HYDROFIX2_CORRECTED_0to480h_RERUN/floodmar_HYDROFIX2_CORRECTED_0to480h-00072.vtu,floodmar_HYDROFIX2_CORRECTED_0to1440h-00072.vtu,12598800
73,438.0444444444444,18.25185185185185,0to480_rerun,/mnt/d/flood_drywell_compare/DuMuX_floodmar_HYDROFIX2_CORRECTED_0to480h_RERUN/floodmar_HYDROFIX2_CORRECTED_0to480h-00073.vtu,floodmar_HYDROFIX2_CORRECTED_0to1440h-00073.vtu,12604022
74,444.0444444444444,18.50185185185185,0to480_rerun,/mnt/d/flood_drywell_compare/DuMuX_floodmar_HYDROFIX2_CORRECTED_0to480h_RERUN/floodmar_HYDROFIX2_CORRECTED_0to480h-00074.vtu,floodmar_HYDROFIX2_CORRECTED_0to1440h-00074.vtu,12608314
75,450.0444444444444,18.75185185185185,0to480_rerun,/mnt/d/flood_drywell_compare/DuMuX_floodmar_HYDROFIX2_CORRECTED_0to480h_RERUN/floodmar_HYDROFIX2_CORRECTED_0to480h-00075.vtu,floodmar_HYDROFIX2_CORRECTED_0to1440h-00075.vtu,12612208
76,456.0444444444444,19.00185185185185,0to480_rerun,/mnt/d/flood_drywell_compare/DuMuX_floodmar_HYDROFIX2_CORRECTED_0to480h_RERUN/floodmar_HYDROFIX2_CORRECTED_0to480h-00076.vtu,floodmar_HYDROFIX2_CORRECTED_0to1440h-00076.vtu,12616768
77,462.0444444444444,19.25185185185185,0to480_rerun,/mnt/d/flood_drywell_compare/DuMuX_floodmar_HYDROFIX2_CORRECTED_0to480h_RERUN/floodmar_HYDROFIX2_CORRECTED_0to480h-00077.vtu,floodmar_HYDROFIX2_CORRECTED_0to1440h-00077.vtu,12621368
78,468.0444444444444,19.50185185185185,0to480_rerun,/mnt/d/flood_drywell_compare/DuMuX_floodmar_HYDROFIX2_CORRECTED_0to480h_RERUN/floodmar_HYDROFIX2_CORRECTED_0to480h-00078.vtu,floodmar_HYDROFIX2_CORRECTED_0to1440h-00078.vtu,12625533
79,474.0444444444444,19.75185185185185,0to480_rerun,/mnt/d/flood_drywell_compare/DuMuX_floodmar_HYDROFIX2_CORRECTED_0to480h_RERUN/floodmar_HYDROFIX2_CORRECTED_0to480h-00079.vtu,floodmar_HYDROFIX2_CORRECTED_0to1440h-00079.vtu,12629678
80,480.0,20.0,480to1440_continuation,/mnt/d/flood_drywell_compare/DuMuX_floodmar_HYDROFIX2_CORRECTED_full60d/floodmar_HYDROFIX2_CORRECTED_480to1440h-00000.vtu,floodmar_HYDROFIX2_CORRECTED_0to1440h-00080.vtu,12634691
81,486.02222222222224,20.250925925925927,480to1440_continuation,/mnt/d/flood_drywell_compare/DuMuX_floodmar_HYDROFIX2_CORRECTED_full60d/floodmar_HYDROFIX2_CORRECTED_480to1440h-00001.vtu,floodmar_HYDROFIX2_CORRECTED_0to1440h-00081.vtu,12449009
82,492.0111111111111,20.500462962962963,480to1440_continuation,/mnt/d/flood_drywell_compare/DuMuX_floodmar_HYDROFIX2_CORRECTED_full60d/floodmar_HYDROFIX2_CORRECTED_480to1440h-00002.vtu,floodmar_HYDROFIX2_CORRECTED_0to1440h-00082.vtu,12262191
83,498.0111111111111,20.750462962962963,480to1440_continuation,/mnt/d/flood_drywell_compare/DuMuX_floodmar_HYDROFIX2_CORRECTED_full60d/floodmar_HYDROFIX2_CORRECTED_480to1440h-00003.vtu,floodmar_HYDROFIX2_CORRECTED_0to1440h-00083.vtu,11903621
84,504.0111111111111,21.000462962962963,480to1440_continuation,/mnt/d/flood_drywell_compare/DuMuX_floodmar_HYDROFIX2_CORRECTED_full60d/floodmar_HYDROFIX2_CORRECTED_480to1440h-00004.vtu,floodmar_HYDROFIX2_CORRECTED_0to1440h-00084.vtu,11799895
85,510.0111111111111,21.250462962962963,480to1440_continuation,/mnt/d/flood_drywell_compare/DuMuX_floodmar_HYDROFIX2_CORRECTED_full60d/floodmar_HYDROFIX2_CORRECTED_480to1440h-00005.vtu,floodmar_HYDROFIX2_CORRECTED_0to1440h-00085.vtu,11690611
86,516.0111111111111,21.50046296296296,480to1440_continuation,/mnt/d/flood_drywell_compare/DuMuX_floodmar_HYDROFIX2_CORRECTED_full60d/floodmar_HYDROFIX2_CORRECTED_480to1440h-00006.vtu,floodmar_HYDROFIX2_CORRECTED_0to1440h-00086.vtu,11571714
87,522.0111111111111,21.75046296296296,480to1440_continuation,/mnt/d/flood_drywell_compare/DuMuX_floodmar_HYDROFIX2_CORRECTED_full60d/floodmar_HYDROFIX2_CORRECTED_480to1440h-00007.vtu,floodmar_HYDROFIX2_CORRECTED_0to1440h-00087.vtu,11436788
88,528.0111111111111,22.00046296296296,480to1440_continuation,/mnt/d/flood_drywell_compare/DuMuX_floodmar_HYDROFIX2_CORRECTED_full60d/floodmar_HYDROFIX2_CORRECTED_480to1440h-00008.vtu,floodmar_HYDROFIX2_CORRECTED_0to1440h-00088.vtu,11277015
89,534.0111111111111,22.25046296296296,480to1440_continuation,/mnt/d/flood_drywell_compare/DuMuX_floodmar_HYDROFIX2_CORRECTED_full60d/floodmar_HYDROFIX2_CORRECTED_480to1440h-00009.vtu,floodmar_HYDROFIX2_CORRECTED_0to1440h-00089.vtu,11161643
90,540.0111111111111,22.50046296296296,480to1440_continuation,/mnt/d/flood_drywell_compare/DuMuX_floodmar_HYDROFIX2_CORRECTED_full60d/floodmar_HYDROFIX2_CORRECTED_480to1440h-00010.vtu,floodmar_HYDROFIX2_CORRECTED_0to1440h-00090.vtu,11134652
91,546.0111111111111,22.75046296296296,480to1440_continuation,/mnt/d/flood_drywell_compare/DuMuX_floodmar_HYDROFIX2_CORRECTED_full60d/floodmar_HYDROFIX2_CORRECTED_480to1440h-00011.vtu,floodmar_HYDROFIX2_CORRECTED_0to1440h-00091.vtu,11117529
92,552.0111111111111,23.00046296296296,480to1440_continuation,/mnt/d/flood_drywell_compare/DuMuX_floodmar_HYDROFIX2_CORRECTED_full60d/floodmar_HYDROFIX2_CORRECTED_480to1440h-00012.vtu,floodmar_HYDROFIX2_CORRECTED_0to1440h-00092.vtu,11103218
93,558.0111111111111,23.25046296296296,480to1440_continuation,/mnt/d/flood_drywell_compare/DuMuX_floodmar_HYDROFIX2_CORRECTED_full60d/floodmar_HYDROFIX2_CORRECTED_480to1440h-00013.vtu,floodmar_HYDROFIX2_CORRECTED_0to1440h-00093.vtu,11088448
94,564.0111111111111,23.50046296296296,480to1440_continuation,/mnt/d/flood_drywell_compare/DuMuX_floodmar_HYDROFIX2_CORRECTED_full60d/floodmar_HYDROFIX2_CORRECTED_480to1440h-00014.vtu,floodmar_HYDROFIX2_CORRECTED_0to1440h-00094.vtu,11070544
95,570.0111111111111,23.75046296296296,480to1440_continuation,/mnt/d/flood_drywell_compare/DuMuX_floodmar_HYDROFIX2_CORRECTED_full60d/floodmar_HYDROFIX2_CORRECTED_480to1440h-00015.vtu,floodmar_HYDROFIX2_CORRECTED_0to1440h-00095.vtu,11049851
96,576.0111111111111,24.00046296296296,480to1440_continuation,/mnt/d/flood_drywell_compare/DuMuX_floodmar_HYDROFIX2_CORRECTED_full60d/floodmar_HYDROFIX2_CORRECTED_480to1440h-00016.vtu,floodmar_HYDROFIX2_CORRECTED_0to1440h-00096.vtu,11022386
97,582.0083333333333,24.25034722222222,480to1440_continuation,/mnt/d/flood_drywell_compare/DuMuX_floodmar_HYDROFIX2_CORRECTED_full60d/floodmar_HYDROFIX2_CORRECTED_480to1440h-00017.vtu,floodmar_HYDROFIX2_CORRECTED_0to1440h-00097.vtu,11279270
98,588.0138888888889,24.500578703703706,480to1440_continuation,/mnt/d/flood_drywell_compare/DuMuX_floodmar_HYDROFIX2_CORRECTED_full60d/floodmar_HYDROFIX2_CORRECTED_480to1440h-00018.vtu,floodmar_HYDROFIX2_CORRECTED_0to1440h-00098.vtu,11473973
99,594.0138888888889,24.750578703703706,480to1440_continuation,/mnt/d/flood_drywell_compare/DuMuX_floodmar_HYDROFIX2_CORRECTED_full60d/floodmar_HYDROFIX2_CORRECTED_480to1440h-00019.vtu,floodmar_HYDROFIX2_CORRECTED_0to1440h-00099.vtu,11537551
100,600.0805555555555,25.00335648148148,480to1440_continuation,/mnt/d/flood_drywell_compare/DuMuX_floodmar_HYDROFIX2_CORRECTED_full60d/floodmar_HYDROFIX2_CORRECTED_480to1440h-00020.vtu,floodmar_HYDROFIX2_CORRECTED_0to1440h-00100.vtu,11595744
101,606.0305555555556,25.251273148148147,480to1440_continuation,/mnt/d/flood_drywell_compare/DuMuX_floodmar_HYDROFIX2_CORRECTED_full60d/floodmar_HYDROFIX2_CORRECTED_480to1440h-00021.vtu,floodmar_HYDROFIX2_CORRECTED_0to1440h-00101.vtu,11654795
102,612.0527777777778,25.502199074074074,480to1440_continuation,/mnt/d/flood_drywell_compare/DuMuX_floodmar_HYDROFIX2_CORRECTED_full60d/floodmar_HYDROFIX2_CORRECTED_480to1440h-00022.vtu,floodmar_HYDROFIX2_CORRECTED_0to1440h-00102.vtu,11715432
103,618.0083333333333,25.75034722222222,480to1440_continuation,/mnt/d/flood_drywell_compare/DuMuX_floodmar_HYDROFIX2_CORRECTED_full60d/floodmar_HYDROFIX2_CORRECTED_480to1440h-00023.vtu,floodmar_HYDROFIX2_CORRECTED_0to1440h-00103.vtu,11779399
104,624.0305555555556,26.001273148148147,480to1440_continuation,/mnt/d/flood_drywell_compare/DuMuX_floodmar_HYDROFIX2_CORRECTED_full60d/floodmar_HYDROFIX2_CORRECTED_480to1440h-00024.vtu,floodmar_HYDROFIX2_CORRECTED_0to1440h-00104.vtu,11844259
105,630.0611111111111,26.2525462962963,480to1440_continuation,/mnt/d/flood_drywell_compare/DuMuX_floodmar_HYDROFIX2_CORRECTED_full60d/floodmar_HYDROFIX2_CORRECTED_480to1440h-00025.vtu,floodmar_HYDROFIX2_CORRECTED_0to1440h-00105.vtu,11909065
106,636.025,26.501041666666666,480to1440_continuation,/mnt/d/flood_drywell_compare/DuMuX_floodmar_HYDROFIX2_CORRECTED_full60d/floodmar_HYDROFIX2_CORRECTED_480to1440h-00026.vtu,floodmar_HYDROFIX2_CORRECTED_0to1440h-00106.vtu,11952913
107,642.0722222222222,26.753009259259258,480to1440_continuation,/mnt/d/flood_drywell_compare/DuMuX_floodmar_HYDROFIX2_CORRECTED_full60d/floodmar_HYDROFIX2_CORRECTED_480to1440h-00027.vtu,floodmar_HYDROFIX2_CORRECTED_0to1440h-00107.vtu,11990705
108,648.0611111111111,27.0025462962963,480to1440_continuation,/mnt/d/flood_drywell_compare/DuMuX_floodmar_HYDROFIX2_CORRECTED_full60d/floodmar_HYDROFIX2_CORRECTED_480to1440h-00028.vtu,floodmar_HYDROFIX2_CORRECTED_0to1440h-00108.vtu,12025450
109,654.0611111111111,27.2525462962963,480to1440_continuation,/mnt/d/flood_drywell_compare/DuMuX_floodmar_HYDROFIX2_CORRECTED_full60d/floodmar_HYDROFIX2_CORRECTED_480to1440h-00029.vtu,floodmar_HYDROFIX2_CORRECTED_0to1440h-00109.vtu,12058686
110,660.0611111111111,27.5025462962963,480to1440_continuation,/mnt/d/flood_drywell_compare/DuMuX_floodmar_HYDROFIX2_CORRECTED_full60d/floodmar_HYDROFIX2_CORRECTED_480to1440h-00030.vtu,floodmar_HYDROFIX2_CORRECTED_0to1440h-00110.vtu,12089775
111,666.0611111111111,27.7525462962963,480to1440_continuation,/mnt/d/flood_drywell_compare/DuMuX_floodmar_HYDROFIX2_CORRECTED_full60d/floodmar_HYDROFIX2_CORRECTED_480to1440h-00031.vtu,floodmar_HYDROFIX2_CORRECTED_0to1440h-00111.vtu,12120443
112,672.0611111111111,28.0025462962963,480to1440_continuation,/mnt/d/flood_drywell_compare/DuMuX_floodmar_HYDROFIX2_CORRECTED_full60d/floodmar_HYDROFIX2_CORRECTED_480to1440h-00032.vtu,floodmar_HYDROFIX2_CORRECTED_0to1440h-00112.vtu,12148753
113,678.0611111111111,28.2525462962963,480to1440_continuation,/mnt/d/flood_drywell_compare/DuMuX_floodmar_HYDROFIX2_CORRECTED_full60d/floodmar_HYDROFIX2_CORRECTED_480to1440h-00033.vtu,floodmar_HYDROFIX2_CORRECTED_0to1440h-00113.vtu,12174365
114,684.0611111111111,28.5025462962963,480to1440_continuation,/mnt/d/flood_drywell_compare/DuMuX_floodmar_HYDROFIX2_CORRECTED_full60d/floodmar_HYDROFIX2_CORRECTED_480to1440h-00034.vtu,floodmar_HYDROFIX2_CORRECTED_0to1440h-00114.vtu,12198521
115,690.0611111111111,28.7525462962963,480to1440_continuation,/mnt/d/flood_drywell_compare/DuMuX_floodmar_HYDROFIX2_CORRECTED_full60d/floodmar_HYDROFIX2_CORRECTED_480to1440h-00035.vtu,floodmar_HYDROFIX2_CORRECTED_0to1440h-00115.vtu,12221817
116,696.0611111111111,29.0025462962963,480to1440_continuation,/mnt/d/flood_drywell_compare/DuMuX_floodmar_HYDROFIX2_CORRECTED_full60d/floodmar_HYDROFIX2_CORRECTED_480to1440h-00036.vtu,floodmar_HYDROFIX2_CORRECTED_0to1440h-00116.vtu,12241178
117,702.0611111111111,29.2525462962963,480to1440_continuation,/mnt/d/flood_drywell_compare/DuMuX_floodmar_HYDROFIX2_CORRECTED_full60d/floodmar_HYDROFIX2_CORRECTED_480to1440h-00037.vtu,floodmar_HYDROFIX2_CORRECTED_0to1440h-00117.vtu,12262874
118,708.0611111111111,29.5025462962963,480to1440_continuation,/mnt/d/flood_drywell_compare/DuMuX_floodmar_HYDROFIX2_CORRECTED_full60d/floodmar_HYDROFIX2_CORRECTED_480to1440h-00038.vtu,floodmar_HYDROFIX2_CORRECTED_0to1440h-00118.vtu,12281330
119,714.0611111111111,29.7525462962963,480to1440_continuation,/mnt/d/flood_drywell_compare/DuMuX_floodmar_HYDROFIX2_CORRECTED_full60d/floodmar_HYDROFIX2_CORRECTED_480to1440h-00039.vtu,floodmar_HYDROFIX2_CORRECTED_0to1440h-00119.vtu,12299851
120,720.0611111111111,30.0025462962963,480to1440_continuation,/mnt/d/flood_drywell_compare/DuMuX_floodmar_HYDROFIX2_CORRECTED_full60d/floodmar_HYDROFIX2_CORRECTED_480to1440h-00040.vtu,floodmar_HYDROFIX2_CORRECTED_0to1440h-00120.vtu,12318416
121,726.0611111111111,30.2525462962963,480to1440_continuation,/mnt/d/flood_drywell_compare/DuMuX_floodmar_HYDROFIX2_CORRECTED_full60d/floodmar_HYDROFIX2_CORRECTED_480to1440h-00041.vtu,floodmar_HYDROFIX2_CORRECTED_0to1440h-00121.vtu,12336042
122,732.0611111111111,30.5025462962963,480to1440_continuation,/mnt/d/flood_drywell_compare/DuMuX_floodmar_HYDROFIX2_CORRECTED_full60d/floodmar_HYDROFIX2_CORRECTED_480to1440h-00042.vtu,floodmar_HYDROFIX2_CORRECTED_0to1440h-00122.vtu,12353601
123,738.0611111111111,30.7525462962963,480to1440_continuation,/mnt/d/flood_drywell_compare/DuMuX_floodmar_HYDROFIX2_CORRECTED_full60d/floodmar_HYDROFIX2_CORRECTED_480to1440h-00043.vtu,floodmar_HYDROFIX2_CORRECTED_0to1440h-00123.vtu,12367793
124,744.0611111111111,31.0025462962963,480to1440_continuation,/mnt/d/flood_drywell_compare/DuMuX_floodmar_HYDROFIX2_CORRECTED_full60d/floodmar_HYDROFIX2_CORRECTED_480to1440h-00044.vtu,floodmar_HYDROFIX2_CORRECTED_0to1440h-00124.vtu,12382105
125,750.0611111111111,31.2525462962963,480to1440_continuation,/mnt/d/flood_drywell_compare/DuMuX_floodmar_HYDROFIX2_CORRECTED_full60d/floodmar_HYDROFIX2_CORRECTED_480to1440h-00045.vtu,floodmar_HYDROFIX2_CORRECTED_0to1440h-00125.vtu,12398075
126,756.0611111111111,31.5025462962963,480to1440_continuation,/mnt/d/flood_drywell_compare/DuMuX_floodmar_HYDROFIX2_CORRECTED_full60d/floodmar_HYDROFIX2_CORRECTED_480to1440h-00046.vtu,floodmar_HYDROFIX2_CORRECTED_0to1440h-00126.vtu,12410304
127,762.0611111111111,31.7525462962963,480to1440_continuation,/mnt/d/flood_drywell_compare/DuMuX_floodmar_HYDROFIX2_CORRECTED_full60d/floodmar_HYDROFIX2_CORRECTED_480to1440h-00047.vtu,floodmar_HYDROFIX2_CORRECTED_0to1440h-00127.vtu,12423206
128,768.0611111111111,32.002546296296295,480to1440_continuation,/mnt/d/flood_drywell_compare/DuMuX_floodmar_HYDROFIX2_CORRECTED_full60d/floodmar_HYDROFIX2_CORRECTED_480to1440h-00048.vtu,floodmar_HYDROFIX2_CORRECTED_0to1440h-00128.vtu,12436076
129,774.0611111111111,32.252546296296295,480to1440_continuation,/mnt/d/flood_drywell_compare/DuMuX_floodmar_HYDROFIX2_CORRECTED_full60d/floodmar_HYDROFIX2_CORRECTED_480to1440h-00049.vtu,floodmar_HYDROFIX2_CORRECTED_0to1440h-00129.vtu,12445825
130,780.0611111111111,32.502546296296295,480to1440_continuation,/mnt/d/flood_drywell_compare/DuMuX_floodmar_HYDROFIX2_CORRECTED_full60d/floodmar_HYDROFIX2_CORRECTED_480to1440h-00050.vtu,floodmar_HYDROFIX2_CORRECTED_0to1440h-00130.vtu,12459362
131,786.0611111111111,32.752546296296295,480to1440_continuation,/mnt/d/flood_drywell_compare/DuMuX_floodmar_HYDROFIX2_CORRECTED_full60d/floodmar_HYDROFIX2_CORRECTED_480to1440h-00051.vtu,floodmar_HYDROFIX2_CORRECTED_0to1440h-00131.vtu,12473051
132,792.0611111111111,33.002546296296295,480to1440_continuation,/mnt/d/flood_drywell_compare/DuMuX_floodmar_HYDROFIX2_CORRECTED_full60d/floodmar_HYDROFIX2_CORRECTED_480to1440h-00052.vtu,floodmar_HYDROFIX2_CORRECTED_0to1440h-00132.vtu,12484282
133,798.0611111111111,33.252546296296295,480to1440_continuation,/mnt/d/flood_drywell_compare/DuMuX_floodmar_HYDROFIX2_CORRECTED_full60d/floodmar_HYDROFIX2_CORRECTED_480to1440h-00053.vtu,floodmar_HYDROFIX2_CORRECTED_0to1440h-00133.vtu,12494871
134,804.0611111111111,33.502546296296295,480to1440_continuation,/mnt/d/flood_drywell_compare/DuMuX_floodmar_HYDROFIX2_CORRECTED_full60d/floodmar_HYDROFIX2_CORRECTED_480to1440h-00054.vtu,floodmar_HYDROFIX2_CORRECTED_0to1440h-00134.vtu,12505572
135,810.0611111111111,33.752546296296295,480to1440_continuation,/mnt/d/flood_drywell_compare/DuMuX_floodmar_HYDROFIX2_CORRECTED_full60d/floodmar_HYDROFIX2_CORRECTED_480to1440h-00055.vtu,floodmar_HYDROFIX2_CORRECTED_0to1440h-00135.vtu,12515854
136,816.0611111111111,34.002546296296295,480to1440_continuation,/mnt/d/flood_drywell_compare/DuMuX_floodmar_HYDROFIX2_CORRECTED_full60d/floodmar_HYDROFIX2_CORRECTED_480to1440h-00056.vtu,floodmar_HYDROFIX2_CORRECTED_0to1440h-00136.vtu,12525682
137,822.0611111111111,34.252546296296295,480to1440_continuation,/mnt/d/flood_drywell_compare/DuMuX_floodmar_HYDROFIX2_CORRECTED_full60d/floodmar_HYDROFIX2_CORRECTED_480to1440h-00057.vtu,floodmar_HYDROFIX2_CORRECTED_0to1440h-00137.vtu,12535302
138,828.0611111111111,34.502546296296295,480to1440_continuation,/mnt/d/flood_drywell_compare/DuMuX_floodmar_HYDROFIX2_CORRECTED_full60d/floodmar_HYDROFIX2_CORRECTED_480to1440h-00058.vtu,floodmar_HYDROFIX2_CORRECTED_0to1440h-00138.vtu,12544910
139,834.0611111111111,34.752546296296295,480to1440_continuation,/mnt/d/flood_drywell_compare/DuMuX_floodmar_HYDROFIX2_CORRECTED_full60d/floodmar_HYDROFIX2_CORRECTED_480to1440h-00059.vtu,floodmar_HYDROFIX2_CORRECTED_0to1440h-00139.vtu,12553886
140,840.0611111111111,35.002546296296295,480to1440_continuation,/mnt/d/flood_drywell_compare/DuMuX_floodmar_HYDROFIX2_CORRECTED_full60d/floodmar_HYDROFIX2_CORRECTED_480to1440h-00060.vtu,floodmar_HYDROFIX2_CORRECTED_0to1440h-00140.vtu,12561615
141,846.0611111111111,35.252546296296295,480to1440_continuation,/mnt/d/flood_drywell_compare/DuMuX_floodmar_HYDROFIX2_CORRECTED_full60d/floodmar_HYDROFIX2_CORRECTED_480to1440h-00061.vtu,floodmar_HYDROFIX2_CORRECTED_0to1440h-00141.vtu,12570592
142,852.0611111111111,35.502546296296295,480to1440_continuation,/mnt/d/flood_drywell_compare/DuMuX_floodmar_HYDROFIX2_CORRECTED_full60d/floodmar_HYDROFIX2_CORRECTED_480to1440h-00062.vtu,floodmar_HYDROFIX2_CORRECTED_0to1440h-00142.vtu,12577769
143,858.0611111111111,35.752546296296295,480to1440_continuation,/mnt/d/flood_drywell_compare/DuMuX_floodmar_HYDROFIX2_CORRECTED_full60d/floodmar_HYDROFIX2_CORRECTED_480to1440h-00063.vtu,floodmar_HYDROFIX2_CORRECTED_0to1440h-00143.vtu,12586313
144,864.0611111111111,36.002546296296295,480to1440_continuation,/mnt/d/flood_drywell_compare/DuMuX_floodmar_HYDROFIX2_CORRECTED_full60d/floodmar_HYDROFIX2_CORRECTED_480to1440h-00064.vtu,floodmar_HYDROFIX2_CORRECTED_0to1440h-00144.vtu,12594001
145,870.0611111111111,36.252546296296295,480to1440_continuation,/mnt/d/flood_drywell_compare/DuMuX_floodmar_HYDROFIX2_CORRECTED_full60d/floodmar_HYDROFIX2_CORRECTED_480to1440h-00065.vtu,floodmar_HYDROFIX2_CORRECTED_0to1440h-00145.vtu,12601250
146,876.0611111111111,36.502546296296295,480to1440_continuation,/mnt/d/flood_drywell_compare/DuMuX_floodmar_HYDROFIX2_CORRECTED_full60d/floodmar_HYDROFIX2_CORRECTED_480to1440h-00066.vtu,floodmar_HYDROFIX2_CORRECTED_0to1440h-00146.vtu,12608984
147,882.0611111111111,36.752546296296295,480to1440_continuation,/mnt/d/flood_drywell_compare/DuMuX_floodmar_HYDROFIX2_CORRECTED_full60d/floodmar_HYDROFIX2_CORRECTED_480to1440h-00067.vtu,floodmar_HYDROFIX2_CORRECTED_0to1440h-00147.vtu,12615357
148,888.0611111111111,37.002546296296295,480to1440_continuation,/mnt/d/flood_drywell_compare/DuMuX_floodmar_HYDROFIX2_CORRECTED_full60d/floodmar_HYDROFIX2_CORRECTED_480to1440h-00068.vtu,floodmar_HYDROFIX2_CORRECTED_0to1440h-00148.vtu,12621931
149,894.0611111111111,37.252546296296295,480to1440_continuation,/mnt/d/flood_drywell_compare/DuMuX_floodmar_HYDROFIX2_CORRECTED_full60d/floodmar_HYDROFIX2_CORRECTED_480to1440h-00069.vtu,floodmar_HYDROFIX2_CORRECTED_0to1440h-00149.vtu,12628770
150,900.0611111111111,37.502546296296295,480to1440_continuation,/mnt/d/flood_drywell_compare/DuMuX_floodmar_HYDROFIX2_CORRECTED_full60d/floodmar_HYDROFIX2_CORRECTED_480to1440h-00070.vtu,floodmar_HYDROFIX2_CORRECTED_0to1440h-00150.vtu,12634520
151,906.0611111111111,37.752546296296295,480to1440_continuation,/mnt/d/flood_drywell_compare/DuMuX_floodmar_HYDROFIX2_CORRECTED_full60d/floodmar_HYDROFIX2_CORRECTED_480to1440h-00071.vtu,floodmar_HYDROFIX2_CORRECTED_0to1440h-00151.vtu,12640206
152,912.0611111111111,38.002546296296295,480to1440_continuation,/mnt/d/flood_drywell_compare/DuMuX_floodmar_HYDROFIX2_CORRECTED_full60d/floodmar_HYDROFIX2_CORRECTED_480to1440h-00072.vtu,floodmar_HYDROFIX2_CORRECTED_0to1440h-00152.vtu,12646317
153,918.0611111111111,38.252546296296295,480to1440_continuation,/mnt/d/flood_drywell_compare/DuMuX_floodmar_HYDROFIX2_CORRECTED_full60d/floodmar_HYDROFIX2_CORRECTED_480to1440h-00073.vtu,floodmar_HYDROFIX2_CORRECTED_0to1440h-00153.vtu,12652181
154,924.0611111111111,38.502546296296295,480to1440_continuation,/mnt/d/flood_drywell_compare/DuMuX_floodmar_HYDROFIX2_CORRECTED_full60d/floodmar_HYDROFIX2_CORRECTED_480to1440h-00074.vtu,floodmar_HYDROFIX2_CORRECTED_0to1440h-00154.vtu,12657796
155,930.0611111111111,38.752546296296295,480to1440_continuation,/mnt/d/flood_drywell_compare/DuMuX_floodmar_HYDROFIX2_CORRECTED_full60d/floodmar_HYDROFIX2_CORRECTED_480to1440h-00075.vtu,floodmar_HYDROFIX2_CORRECTED_0to1440h-00155.vtu,12663447
156,936.0611111111111,39.002546296296295,480to1440_continuation,/mnt/d/flood_drywell_compare/DuMuX_floodmar_HYDROFIX2_CORRECTED_full60d/floodmar_HYDROFIX2_CORRECTED_480to1440h-00076.vtu,floodmar_HYDROFIX2_CORRECTED_0to1440h-00156.vtu,12669033
157,942.0611111111111,39.252546296296295,480to1440_continuation,/mnt/d/flood_drywell_compare/DuMuX_floodmar_HYDROFIX2_CORRECTED_full60d/floodmar_HYDROFIX2_CORRECTED_480to1440h-00077.vtu,floodmar_HYDROFIX2_CORRECTED_0to1440h-00157.vtu,12674781
158,948.0611111111111,39.502546296296295,480to1440_continuation,/mnt/d/flood_drywell_compare/DuMuX_floodmar_HYDROFIX2_CORRECTED_full60d/floodmar_HYDROFIX2_CORRECTED_480to1440h-00078.vtu,floodmar_HYDROFIX2_CORRECTED_0to1440h-00158.vtu,12679843
159,954.0611111111111,39.752546296296295,480to1440_continuation,/mnt/d/flood_drywell_compare/DuMuX_floodmar_HYDROFIX2_CORRECTED_full60d/floodmar_HYDROFIX2_CORRECTED_480to1440h-00079.vtu,floodmar_HYDROFIX2_CORRECTED_0to1440h-00159.vtu,12686153
160,960.0,40.0,480to1440_continuation,/mnt/d/flood_drywell_compare/DuMuX_floodmar_HYDROFIX2_CORRECTED_full60d/floodmar_HYDROFIX2_CORRECTED_480to1440h-00080.vtu,floodmar_HYDROFIX2_CORRECTED_0to1440h-00160.vtu,12690956
161,966.0361111111112,40.25150462962963,480to1440_continuation,/mnt/d/flood_drywell_compare/DuMuX_floodmar_HYDROFIX2_CORRECTED_full60d/floodmar_HYDROFIX2_CORRECTED_480to1440h-00081.vtu,floodmar_HYDROFIX2_CORRECTED_0to1440h-00161.vtu,12500724
162,972.0083333333333,40.500347222222224,480to1440_continuation,/mnt/d/flood_drywell_compare/DuMuX_floodmar_HYDROFIX2_CORRECTED_full60d/floodmar_HYDROFIX2_CORRECTED_480to1440h-00082.vtu,floodmar_HYDROFIX2_CORRECTED_0to1440h-00162.vtu,12309224
163,978.0444444444445,40.75185185185185,480to1440_continuation,/mnt/d/flood_drywell_compare/DuMuX_floodmar_HYDROFIX2_CORRECTED_full60d/floodmar_HYDROFIX2_CORRECTED_480to1440h-00083.vtu,floodmar_HYDROFIX2_CORRECTED_0to1440h-00163.vtu,11957394
164,984.0444444444445,41.00185185185185,480to1440_continuation,/mnt/d/flood_drywell_compare/DuMuX_floodmar_HYDROFIX2_CORRECTED_full60d/floodmar_HYDROFIX2_CORRECTED_480to1440h-00084.vtu,floodmar_HYDROFIX2_CORRECTED_0to1440h-00164.vtu,11851818
165,990.0444444444445,41.25185185185185,480to1440_continuation,/mnt/d/flood_drywell_compare/DuMuX_floodmar_HYDROFIX2_CORRECTED_full60d/floodmar_HYDROFIX2_CORRECTED_480to1440h-00085.vtu,floodmar_HYDROFIX2_CORRECTED_0to1440h-00165.vtu,11683305
166,996.0444444444445,41.50185185185185,480to1440_continuation,/mnt/d/flood_drywell_compare/DuMuX_floodmar_HYDROFIX2_CORRECTED_full60d/floodmar_HYDROFIX2_CORRECTED_480to1440h-00086.vtu,floodmar_HYDROFIX2_CORRECTED_0to1440h-00166.vtu,11544939
167,1002.0444444444445,41.75185185185185,480to1440_continuation,/mnt/d/flood_drywell_compare/DuMuX_floodmar_HYDROFIX2_CORRECTED_full60d/floodmar_HYDROFIX2_CORRECTED_480to1440h-00087.vtu,floodmar_HYDROFIX2_CORRECTED_0to1440h-00167.vtu,11399735
168,1008.0444444444445,42.00185185185185,480to1440_continuation,/mnt/d/flood_drywell_compare/DuMuX_floodmar_HYDROFIX2_CORRECTED_full60d/floodmar_HYDROFIX2_CORRECTED_480to1440h-00088.vtu,floodmar_HYDROFIX2_CORRECTED_0to1440h-00168.vtu,11258273
169,1014.0444444444445,42.25185185185185,480to1440_continuation,/mnt/d/flood_drywell_compare/DuMuX_floodmar_HYDROFIX2_CORRECTED_full60d/floodmar_HYDROFIX2_CORRECTED_480to1440h-00089.vtu,floodmar_HYDROFIX2_CORRECTED_0to1440h-00169.vtu,11163740
170,1020.0444444444445,42.50185185185185,480to1440_continuation,/mnt/d/flood_drywell_compare/DuMuX_floodmar_HYDROFIX2_CORRECTED_full60d/floodmar_HYDROFIX2_CORRECTED_480to1440h-00090.vtu,floodmar_HYDROFIX2_CORRECTED_0to1440h-00170.vtu,11099449
171,1026.0444444444445,42.75185185185185,480to1440_continuation,/mnt/d/flood_drywell_compare/DuMuX_floodmar_HYDROFIX2_CORRECTED_full60d/floodmar_HYDROFIX2_CORRECTED_480to1440h-00091.vtu,floodmar_HYDROFIX2_CORRECTED_0to1440h-00171.vtu,11057492
172,1032.0444444444445,43.00185185185185,480to1440_continuation,/mnt/d/flood_drywell_compare/DuMuX_floodmar_HYDROFIX2_CORRECTED_full60d/floodmar_HYDROFIX2_CORRECTED_480to1440h-00092.vtu,floodmar_HYDROFIX2_CORRECTED_0to1440h-00172.vtu,11031221
173,1038.0444444444445,43.25185185185185,480to1440_continuation,/mnt/d/flood_drywell_compare/DuMuX_floodmar_HYDROFIX2_CORRECTED_full60d/floodmar_HYDROFIX2_CORRECTED_480to1440h-00093.vtu,floodmar_HYDROFIX2_CORRECTED_0to1440h-00173.vtu,11012658
174,1044.0444444444445,43.50185185185185,480to1440_continuation,/mnt/d/flood_drywell_compare/DuMuX_floodmar_HYDROFIX2_CORRECTED_full60d/floodmar_HYDROFIX2_CORRECTED_480to1440h-00094.vtu,floodmar_HYDROFIX2_CORRECTED_0to1440h-00174.vtu,10990930
175,1050.0444444444445,43.75185185185185,480to1440_continuation,/mnt/d/flood_drywell_compare/DuMuX_floodmar_HYDROFIX2_CORRECTED_full60d/floodmar_HYDROFIX2_CORRECTED_480to1440h-00095.vtu,floodmar_HYDROFIX2_CORRECTED_0to1440h-00175.vtu,10962867
176,1056.0444444444445,44.00185185185185,480to1440_continuation,/mnt/d/flood_drywell_compare/DuMuX_floodmar_HYDROFIX2_CORRECTED_full60d/floodmar_HYDROFIX2_CORRECTED_480to1440h-00096.vtu,floodmar_HYDROFIX2_CORRECTED_0to1440h-00176.vtu,10933355
177,1062.036111111111,44.25150462962963,480to1440_continuation,/mnt/d/flood_drywell_compare/DuMuX_floodmar_HYDROFIX2_CORRECTED_full60d/floodmar_HYDROFIX2_CORRECTED_480to1440h-00097.vtu,floodmar_HYDROFIX2_CORRECTED_0to1440h-00177.vtu,10901179
178,1068.0305555555556,44.50127314814815,480to1440_continuation,/mnt/d/flood_drywell_compare/DuMuX_floodmar_HYDROFIX2_CORRECTED_full60d/floodmar_HYDROFIX2_CORRECTED_480to1440h-00098.vtu,floodmar_HYDROFIX2_CORRECTED_0to1440h-00178.vtu,11259389
179,1074.0333333333333,44.75138888888889,480to1440_continuation,/mnt/d/flood_drywell_compare/DuMuX_floodmar_HYDROFIX2_CORRECTED_full60d/floodmar_HYDROFIX2_CORRECTED_480to1440h-00099.vtu,floodmar_HYDROFIX2_CORRECTED_0to1440h-00179.vtu,11432961
180,1080.0694444444443,45.00289351851851,480to1440_continuation,/mnt/d/flood_drywell_compare/DuMuX_floodmar_HYDROFIX2_CORRECTED_full60d/floodmar_HYDROFIX2_CORRECTED_480to1440h-00100.vtu,floodmar_HYDROFIX2_CORRECTED_0to1440h-00180.vtu,11537742
181,1086.0527777777777,45.25219907407407,480to1440_continuation,/mnt/d/flood_drywell_compare/DuMuX_floodmar_HYDROFIX2_CORRECTED_full60d/floodmar_HYDROFIX2_CORRECTED_480to1440h-00101.vtu,floodmar_HYDROFIX2_CORRECTED_0to1440h-00181.vtu,11607110
182,1092.0527777777777,45.50219907407407,480to1440_continuation,/mnt/d/flood_drywell_compare/DuMuX_floodmar_HYDROFIX2_CORRECTED_full60d/floodmar_HYDROFIX2_CORRECTED_480to1440h-00102.vtu,floodmar_HYDROFIX2_CORRECTED_0to1440h-00182.vtu,11661780
183,1098.0527777777777,45.75219907407407,480to1440_continuation,/mnt/d/flood_drywell_compare/DuMuX_floodmar_HYDROFIX2_CORRECTED_full60d/floodmar_HYDROFIX2_CORRECTED_480to1440h-00103.vtu,floodmar_HYDROFIX2_CORRECTED_0to1440h-00183.vtu,11712269
184,1104.0527777777777,46.00219907407407,480to1440_continuation,/mnt/d/flood_drywell_compare/DuMuX_floodmar_HYDROFIX2_CORRECTED_full60d/floodmar_HYDROFIX2_CORRECTED_480to1440h-00104.vtu,floodmar_HYDROFIX2_CORRECTED_0to1440h-00184.vtu,11762186
185,1110.0527777777777,46.25219907407407,480to1440_continuation,/mnt/d/flood_drywell_compare/DuMuX_floodmar_HYDROFIX2_CORRECTED_full60d/floodmar_HYDROFIX2_CORRECTED_480to1440h-00105.vtu,floodmar_HYDROFIX2_CORRECTED_0to1440h-00185.vtu,11812152
186,1116.0527777777777,46.50219907407407,480to1440_continuation,/mnt/d/flood_drywell_compare/DuMuX_floodmar_HYDROFIX2_CORRECTED_full60d/floodmar_HYDROFIX2_CORRECTED_480to1440h-00106.vtu,floodmar_HYDROFIX2_CORRECTED_0to1440h-00186.vtu,11859275
187,1122.0527777777777,46.75219907407407,480to1440_continuation,/mnt/d/flood_drywell_compare/DuMuX_floodmar_HYDROFIX2_CORRECTED_full60d/floodmar_HYDROFIX2_CORRECTED_480to1440h-00107.vtu,floodmar_HYDROFIX2_CORRECTED_0to1440h-00187.vtu,11904940
188,1128.0527777777777,47.00219907407407,480to1440_continuation,/mnt/d/flood_drywell_compare/DuMuX_floodmar_HYDROFIX2_CORRECTED_full60d/floodmar_HYDROFIX2_CORRECTED_480to1440h-00108.vtu,floodmar_HYDROFIX2_CORRECTED_0to1440h-00188.vtu,11949055
189,1134.0527777777777,47.25219907407407,480to1440_continuation,/mnt/d/flood_drywell_compare/DuMuX_floodmar_HYDROFIX2_CORRECTED_full60d/floodmar_HYDROFIX2_CORRECTED_480to1440h-00109.vtu,floodmar_HYDROFIX2_CORRECTED_0to1440h-00189.vtu,11992937
190,1140.0527777777777,47.50219907407407,480to1440_continuation,/mnt/d/flood_drywell_compare/DuMuX_floodmar_HYDROFIX2_CORRECTED_full60d/floodmar_HYDROFIX2_CORRECTED_480to1440h-00110.vtu,floodmar_HYDROFIX2_CORRECTED_0to1440h-00190.vtu,12035880
191,1146.0527777777777,47.75219907407407,480to1440_continuation,/mnt/d/flood_drywell_compare/DuMuX_floodmar_HYDROFIX2_CORRECTED_full60d/floodmar_HYDROFIX2_CORRECTED_480to1440h-00111.vtu,floodmar_HYDROFIX2_CORRECTED_0to1440h-00191.vtu,12077459
192,1152.0527777777777,48.00219907407407,480to1440_continuation,/mnt/d/flood_drywell_compare/DuMuX_floodmar_HYDROFIX2_CORRECTED_full60d/floodmar_HYDROFIX2_CORRECTED_480to1440h-00112.vtu,floodmar_HYDROFIX2_CORRECTED_0to1440h-00192.vtu,12116743
193,1158.0527777777777,48.25219907407407,480to1440_continuation,/mnt/d/flood_drywell_compare/DuMuX_floodmar_HYDROFIX2_CORRECTED_full60d/floodmar_HYDROFIX2_CORRECTED_480to1440h-00113.vtu,floodmar_HYDROFIX2_CORRECTED_0to1440h-00193.vtu,12146852
194,1164.0527777777777,48.50219907407407,480to1440_continuation,/mnt/d/flood_drywell_compare/DuMuX_floodmar_HYDROFIX2_CORRECTED_full60d/floodmar_HYDROFIX2_CORRECTED_480to1440h-00114.vtu,floodmar_HYDROFIX2_CORRECTED_0to1440h-00194.vtu,12172706
195,1170.0527777777777,48.75219907407407,480to1440_continuation,/mnt/d/flood_drywell_compare/DuMuX_floodmar_HYDROFIX2_CORRECTED_full60d/floodmar_HYDROFIX2_CORRECTED_480to1440h-00115.vtu,floodmar_HYDROFIX2_CORRECTED_0to1440h-00195.vtu,12197613
196,1176.0527777777777,49.00219907407407,480to1440_continuation,/mnt/d/flood_drywell_compare/DuMuX_floodmar_HYDROFIX2_CORRECTED_full60d/floodmar_HYDROFIX2_CORRECTED_480to1440h-00116.vtu,floodmar_HYDROFIX2_CORRECTED_0to1440h-00196.vtu,12220196
197,1182.0527777777777,49.25219907407407,480to1440_continuation,/mnt/d/flood_drywell_compare/DuMuX_floodmar_HYDROFIX2_CORRECTED_full60d/floodmar_HYDROFIX2_CORRECTED_480to1440h-00117.vtu,floodmar_HYDROFIX2_CORRECTED_0to1440h-00197.vtu,12240710
198,1188.0527777777777,49.50219907407407,480to1440_continuation,/mnt/d/flood_drywell_compare/DuMuX_floodmar_HYDROFIX2_CORRECTED_full60d/floodmar_HYDROFIX2_CORRECTED_480to1440h-00118.vtu,floodmar_HYDROFIX2_CORRECTED_0to1440h-00198.vtu,12260571
199,1194.0527777777777,49.75219907407407,480to1440_continuation,/mnt/d/flood_drywell_compare/DuMuX_floodmar_HYDROFIX2_CORRECTED_full60d/floodmar_HYDROFIX2_CORRECTED_480to1440h-00119.vtu,floodmar_HYDROFIX2_CORRECTED_0to1440h-00199.vtu,12278540
200,1200.0527777777777,50.00219907407407,480to1440_continuation,/mnt/d/flood_drywell_compare/DuMuX_floodmar_HYDROFIX2_CORRECTED_full60d/floodmar_HYDROFIX2_CORRECTED_480to1440h-00120.vtu,floodmar_HYDROFIX2_CORRECTED_0to1440h-00200.vtu,12297494
201,1206.0527777777777,50.25219907407407,480to1440_continuation,/mnt/d/flood_drywell_compare/DuMuX_floodmar_HYDROFIX2_CORRECTED_full60d/floodmar_HYDROFIX2_CORRECTED_480to1440h-00121.vtu,floodmar_HYDROFIX2_CORRECTED_0to1440h-00201.vtu,12315788
202,1212.0527777777777,50.50219907407407,480to1440_continuation,/mnt/d/flood_drywell_compare/DuMuX_floodmar_HYDROFIX2_CORRECTED_full60d/floodmar_HYDROFIX2_CORRECTED_480to1440h-00122.vtu,floodmar_HYDROFIX2_CORRECTED_0to1440h-00202.vtu,12333263
203,1218.0527777777777,50.75219907407407,480to1440_continuation,/mnt/d/flood_drywell_compare/DuMuX_floodmar_HYDROFIX2_CORRECTED_full60d/floodmar_HYDROFIX2_CORRECTED_480to1440h-00123.vtu,floodmar_HYDROFIX2_CORRECTED_0to1440h-00203.vtu,12350621
204,1224.0527777777777,51.00219907407407,480to1440_continuation,/mnt/d/flood_drywell_compare/DuMuX_floodmar_HYDROFIX2_CORRECTED_full60d/floodmar_HYDROFIX2_CORRECTED_480to1440h-00124.vtu,floodmar_HYDROFIX2_CORRECTED_0to1440h-00204.vtu,12368727
205,1230.0527777777777,51.25219907407407,480to1440_continuation,/mnt/d/flood_drywell_compare/DuMuX_floodmar_HYDROFIX2_CORRECTED_full60d/floodmar_HYDROFIX2_CORRECTED_480to1440h-00125.vtu,floodmar_HYDROFIX2_CORRECTED_0to1440h-00205.vtu,12387371
206,1236.0527777777777,51.50219907407407,480to1440_continuation,/mnt/d/flood_drywell_compare/DuMuX_floodmar_HYDROFIX2_CORRECTED_full60d/floodmar_HYDROFIX2_CORRECTED_480to1440h-00126.vtu,floodmar_HYDROFIX2_CORRECTED_0to1440h-00206.vtu,12403571
207,1242.0527777777777,51.75219907407407,480to1440_continuation,/mnt/d/flood_drywell_compare/DuMuX_floodmar_HYDROFIX2_CORRECTED_full60d/floodmar_HYDROFIX2_CORRECTED_480to1440h-00127.vtu,floodmar_HYDROFIX2_CORRECTED_0to1440h-00207.vtu,12420186
208,1248.0527777777777,52.00219907407407,480to1440_continuation,/mnt/d/flood_drywell_compare/DuMuX_floodmar_HYDROFIX2_CORRECTED_full60d/floodmar_HYDROFIX2_CORRECTED_480to1440h-00128.vtu,floodmar_HYDROFIX2_CORRECTED_0to1440h-00208.vtu,12438284
209,1254.0527777777777,52.25219907407407,480to1440_continuation,/mnt/d/flood_drywell_compare/DuMuX_floodmar_HYDROFIX2_CORRECTED_full60d/floodmar_HYDROFIX2_CORRECTED_480to1440h-00129.vtu,floodmar_HYDROFIX2_CORRECTED_0to1440h-00209.vtu,12453409
210,1260.0527777777777,52.50219907407407,480to1440_continuation,/mnt/d/flood_drywell_compare/DuMuX_floodmar_HYDROFIX2_CORRECTED_full60d/floodmar_HYDROFIX2_CORRECTED_480to1440h-00130.vtu,floodmar_HYDROFIX2_CORRECTED_0to1440h-00210.vtu,12469316
211,1266.0527777777777,52.75219907407407,480to1440_continuation,/mnt/d/flood_drywell_compare/DuMuX_floodmar_HYDROFIX2_CORRECTED_full60d/floodmar_HYDROFIX2_CORRECTED_480to1440h-00131.vtu,floodmar_HYDROFIX2_CORRECTED_0to1440h-00211.vtu,12484865
212,1272.0527777777777,53.00219907407407,480to1440_continuation,/mnt/d/flood_drywell_compare/DuMuX_floodmar_HYDROFIX2_CORRECTED_full60d/floodmar_HYDROFIX2_CORRECTED_480to1440h-00132.vtu,floodmar_HYDROFIX2_CORRECTED_0to1440h-00212.vtu,12498865
213,1278.0527777777777,53.25219907407407,480to1440_continuation,/mnt/d/flood_drywell_compare/DuMuX_floodmar_HYDROFIX2_CORRECTED_full60d/floodmar_HYDROFIX2_CORRECTED_480to1440h-00133.vtu,floodmar_HYDROFIX2_CORRECTED_0to1440h-00213.vtu,12513442
214,1284.0527777777777,53.50219907407407,480to1440_continuation,/mnt/d/flood_drywell_compare/DuMuX_floodmar_HYDROFIX2_CORRECTED_full60d/floodmar_HYDROFIX2_CORRECTED_480to1440h-00134.vtu,floodmar_HYDROFIX2_CORRECTED_0to1440h-00214.vtu,12526908
215,1290.0527777777777,53.75219907407407,480to1440_continuation,/mnt/d/flood_drywell_compare/DuMuX_floodmar_HYDROFIX2_CORRECTED_full60d/floodmar_HYDROFIX2_CORRECTED_480to1440h-00135.vtu,floodmar_HYDROFIX2_CORRECTED_0to1440h-00215.vtu,12538121
216,1296.0527777777777,54.00219907407407,480to1440_continuation,/mnt/d/flood_drywell_compare/DuMuX_floodmar_HYDROFIX2_CORRECTED_full60d/floodmar_HYDROFIX2_CORRECTED_480to1440h-00136.vtu,floodmar_HYDROFIX2_CORRECTED_0to1440h-00216.vtu,12549550
217,1302.0527777777777,54.25219907407407,480to1440_continuation,/mnt/d/flood_drywell_compare/DuMuX_floodmar_HYDROFIX2_CORRECTED_full60d/floodmar_HYDROFIX2_CORRECTED_480to1440h-00137.vtu,floodmar_HYDROFIX2_CORRECTED_0to1440h-00217.vtu,12562058
218,1308.0527777777777,54.50219907407407,480to1440_continuation,/mnt/d/flood_drywell_compare/DuMuX_floodmar_HYDROFIX2_CORRECTED_full60d/floodmar_HYDROFIX2_CORRECTED_480to1440h-00138.vtu,floodmar_HYDROFIX2_CORRECTED_0to1440h-00218.vtu,12572059
219,1314.0527777777777,54.75219907407407,480to1440_continuation,/mnt/d/flood_drywell_compare/DuMuX_floodmar_HYDROFIX2_CORRECTED_full60d/floodmar_HYDROFIX2_CORRECTED_480to1440h-00139.vtu,floodmar_HYDROFIX2_CORRECTED_0to1440h-00219.vtu,12583576
220,1320.0527777777777,55.00219907407407,480to1440_continuation,/mnt/d/flood_drywell_compare/DuMuX_floodmar_HYDROFIX2_CORRECTED_full60d/floodmar_HYDROFIX2_CORRECTED_480to1440h-00140.vtu,floodmar_HYDROFIX2_CORRECTED_0to1440h-00220.vtu,12592357
221,1326.0527777777777,55.25219907407407,480to1440_continuation,/mnt/d/flood_drywell_compare/DuMuX_floodmar_HYDROFIX2_CORRECTED_full60d/floodmar_HYDROFIX2_CORRECTED_480to1440h-00141.vtu,floodmar_HYDROFIX2_CORRECTED_0to1440h-00221.vtu,12602277
222,1332.0527777777777,55.50219907407407,480to1440_continuation,/mnt/d/flood_drywell_compare/DuMuX_floodmar_HYDROFIX2_CORRECTED_full60d/floodmar_HYDROFIX2_CORRECTED_480to1440h-00142.vtu,floodmar_HYDROFIX2_CORRECTED_0to1440h-00222.vtu,12612516
223,1338.0527777777777,55.75219907407407,480to1440_continuation,/mnt/d/flood_drywell_compare/DuMuX_floodmar_HYDROFIX2_CORRECTED_full60d/floodmar_HYDROFIX2_CORRECTED_480to1440h-00143.vtu,floodmar_HYDROFIX2_CORRECTED_0to1440h-00223.vtu,12621118
224,1344.0527777777777,56.00219907407407,480to1440_continuation,/mnt/d/flood_drywell_compare/DuMuX_floodmar_HYDROFIX2_CORRECTED_full60d/floodmar_HYDROFIX2_CORRECTED_480to1440h-00144.vtu,floodmar_HYDROFIX2_CORRECTED_0to1440h-00224.vtu,12630292
225,1350.0527777777777,56.25219907407407,480to1440_continuation,/mnt/d/flood_drywell_compare/DuMuX_floodmar_HYDROFIX2_CORRECTED_full60d/floodmar_HYDROFIX2_CORRECTED_480to1440h-00145.vtu,floodmar_HYDROFIX2_CORRECTED_0to1440h-00225.vtu,12637051
226,1356.0527777777777,56.50219907407407,480to1440_continuation,/mnt/d/flood_drywell_compare/DuMuX_floodmar_HYDROFIX2_CORRECTED_full60d/floodmar_HYDROFIX2_CORRECTED_480to1440h-00146.vtu,floodmar_HYDROFIX2_CORRECTED_0to1440h-00226.vtu,12645584
227,1362.0527777777777,56.75219907407407,480to1440_continuation,/mnt/d/flood_drywell_compare/DuMuX_floodmar_HYDROFIX2_CORRECTED_full60d/floodmar_HYDROFIX2_CORRECTED_480to1440h-00147.vtu,floodmar_HYDROFIX2_CORRECTED_0to1440h-00227.vtu,12652754
228,1368.0527777777777,57.00219907407407,480to1440_continuation,/mnt/d/flood_drywell_compare/DuMuX_floodmar_HYDROFIX2_CORRECTED_full60d/floodmar_HYDROFIX2_CORRECTED_480to1440h-00148.vtu,floodmar_HYDROFIX2_CORRECTED_0to1440h-00228.vtu,12659945
229,1374.0527777777777,57.25219907407407,480to1440_continuation,/mnt/d/flood_drywell_compare/DuMuX_floodmar_HYDROFIX2_CORRECTED_full60d/floodmar_HYDROFIX2_CORRECTED_480to1440h-00149.vtu,floodmar_HYDROFIX2_CORRECTED_0to1440h-00229.vtu,12666004
230,1380.0527777777777,57.50219907407407,480to1440_continuation,/mnt/d/flood_drywell_compare/DuMuX_floodmar_HYDROFIX2_CORRECTED_full60d/floodmar_HYDROFIX2_CORRECTED_480to1440h-00150.vtu,floodmar_HYDROFIX2_CORRECTED_0to1440h-00230.vtu,12673002
231,1386.0527777777777,57.75219907407407,480to1440_continuation,/mnt/d/flood_drywell_compare/DuMuX_floodmar_HYDROFIX2_CORRECTED_full60d/floodmar_HYDROFIX2_CORRECTED_480to1440h-00151.vtu,floodmar_HYDROFIX2_CORRECTED_0to1440h-00231.vtu,12679345
232,1392.0527777777777,58.00219907407407,480to1440_continuation,/mnt/d/flood_drywell_compare/DuMuX_floodmar_HYDROFIX2_CORRECTED_full60d/floodmar_HYDROFIX2_CORRECTED_480to1440h-00152.vtu,floodmar_HYDROFIX2_CORRECTED_0to1440h-00232.vtu,12686807
233,1398.0527777777777,58.25219907407407,480to1440_continuation,/mnt/d/flood_drywell_compare/DuMuX_floodmar_HYDROFIX2_CORRECTED_full60d/floodmar_HYDROFIX2_CORRECTED_480to1440h-00153.vtu,floodmar_HYDROFIX2_CORRECTED_0to1440h-00233.vtu,12694962
234,1404.0527777777777,58.50219907407407,480to1440_continuation,/mnt/d/flood_drywell_compare/DuMuX_floodmar_HYDROFIX2_CORRECTED_full60d/floodmar_HYDROFIX2_CORRECTED_480to1440h-00154.vtu,floodmar_HYDROFIX2_CORRECTED_0to1440h-00234.vtu,12703403
235,1410.0527777777777,58.75219907407407,480to1440_continuation,/mnt/d/flood_drywell_compare/DuMuX_floodmar_HYDROFIX2_CORRECTED_full60d/floodmar_HYDROFIX2_CORRECTED_480to1440h-00155.vtu,floodmar_HYDROFIX2_CORRECTED_0to1440h-00235.vtu,12711176
236,1416.0527777777777,59.00219907407407,480to1440_continuation,/mnt/d/flood_drywell_compare/DuMuX_floodmar_HYDROFIX2_CORRECTED_full60d/floodmar_HYDROFIX2_CORRECTED_480to1440h-00156.vtu,floodmar_HYDROFIX2_CORRECTED_0to1440h-00236.vtu,12722666
237,1422.0527777777777,59.25219907407407,480to1440_continuation,/mnt/d/flood_drywell_compare/DuMuX_floodmar_HYDROFIX2_CORRECTED_full60d/floodmar_HYDROFIX2_CORRECTED_480to1440h-00157.vtu,floodmar_HYDROFIX2_CORRECTED_0to1440h-00237.vtu,12730965
238,1428.0527777777777,59.50219907407407,480to1440_continuation,/mnt/d/flood_drywell_compare/DuMuX_floodmar_HYDROFIX2_CORRECTED_full60d/floodmar_HYDROFIX2_CORRECTED_480to1440h-00158.vtu,floodmar_HYDROFIX2_CORRECTED_0to1440h-00238.vtu,12738825
239,1434.0527777777777,59.75219907407407,480to1440_continuation,/mnt/d/flood_drywell_compare/DuMuX_floodmar_HYDROFIX2_CORRECTED_full60d/floodmar_HYDROFIX2_CORRECTED_480to1440h-00159.vtu,floodmar_HYDROFIX2_CORRECTED_0to1440h-00239.vtu,12746655
240,1440.0,60.0,480to1440_continuation,/mnt/d/flood_drywell_compare/DuMuX_floodmar_HYDROFIX2_CORRECTED_full60d/floodmar_HYDROFIX2_CORRECTED_480to1440h-00160.vtu,floodmar_HYDROFIX2_CORRECTED_0to1440h-00240.vtu,12753164
