target_h	actual_h	raw_timestep	file
0	0	0	reservoir_production_240h-00000.vtu
96	96	345600	reservoir_production_240h-00096.vtu
102	102.048611111	367375	reservoir_production_240h-00102.vtu
120	120.048611111	432175	reservoir_production_240h-00120.vtu
144	144.031944444	518515	reservoir_production_240h-00144.vtu
168	168.048055556	604973	reservoir_production_240h-00168.vtu
192	192.064444444	691432	reservoir_production_240h-00192.vtu
216	216.064444444	777832	reservoir_production_240h-00216.vtu
240	240	864000	reservoir_production_240h-00240.vtu
