nominal_hour,actual_hour,original_vtu,packaged_vtu
0,0.000000000000,floodmar_pond5m_depth10cm_head5cm_homogeneousSand2_uniformThetaIC_4d6d_smooth5to0_fluxSmooth0p5cm_gasAdvON_720h_1h-00000.vtu,floodmar_pond5m_depth10cm_head5cm_homogeneousSand2_uniformThetaIC_4d6d_smooth5to0_fluxSmooth0p5cm_gasAdvON_720h_1h_t000h.vtu
6,6.080194444444,floodmar_pond5m_depth10cm_head5cm_homogeneousSand2_uniformThetaIC_4d6d_smooth5to0_fluxSmooth0p5cm_gasAdvON_720h_1h-00006.vtu,floodmar_pond5m_depth10cm_head5cm_homogeneousSand2_uniformThetaIC_4d6d_smooth5to0_fluxSmooth0p5cm_gasAdvON_720h_1h_t006h.vtu
12,12.080194444444,floodmar_pond5m_depth10cm_head5cm_homogeneousSand2_uniformThetaIC_4d6d_smooth5to0_fluxSmooth0p5cm_gasAdvON_720h_1h-00012.vtu,floodmar_pond5m_depth10cm_head5cm_homogeneousSand2_uniformThetaIC_4d6d_smooth5to0_fluxSmooth0p5cm_gasAdvON_720h_1h_t012h.vtu
18,18.080194444444,floodmar_pond5m_depth10cm_head5cm_homogeneousSand2_uniformThetaIC_4d6d_smooth5to0_fluxSmooth0p5cm_gasAdvON_720h_1h-00018.vtu,floodmar_pond5m_depth10cm_head5cm_homogeneousSand2_uniformThetaIC_4d6d_smooth5to0_fluxSmooth0p5cm_gasAdvON_720h_1h_t018h.vtu
24,24.080194444444,floodmar_pond5m_depth10cm_head5cm_homogeneousSand2_uniformThetaIC_4d6d_smooth5to0_fluxSmooth0p5cm_gasAdvON_720h_1h-00024.vtu,floodmar_pond5m_depth10cm_head5cm_homogeneousSand2_uniformThetaIC_4d6d_smooth5to0_fluxSmooth0p5cm_gasAdvON_720h_1h_t024h.vtu
30,30.080277777778,floodmar_pond5m_depth10cm_head5cm_homogeneousSand2_uniformThetaIC_4d6d_smooth5to0_fluxSmooth0p5cm_gasAdvON_720h_1h-00030.vtu,floodmar_pond5m_depth10cm_head5cm_homogeneousSand2_uniformThetaIC_4d6d_smooth5to0_fluxSmooth0p5cm_gasAdvON_720h_1h_t030h.vtu
36,36.080277777778,floodmar_pond5m_depth10cm_head5cm_homogeneousSand2_uniformThetaIC_4d6d_smooth5to0_fluxSmooth0p5cm_gasAdvON_720h_1h-00036.vtu,floodmar_pond5m_depth10cm_head5cm_homogeneousSand2_uniformThetaIC_4d6d_smooth5to0_fluxSmooth0p5cm_gasAdvON_720h_1h_t036h.vtu
42,42.080277777778,floodmar_pond5m_depth10cm_head5cm_homogeneousSand2_uniformThetaIC_4d6d_smooth5to0_fluxSmooth0p5cm_gasAdvON_720h_1h-00042.vtu,floodmar_pond5m_depth10cm_head5cm_homogeneousSand2_uniformThetaIC_4d6d_smooth5to0_fluxSmooth0p5cm_gasAdvON_720h_1h_t042h.vtu
48,48.080277777778,floodmar_pond5m_depth10cm_head5cm_homogeneousSand2_uniformThetaIC_4d6d_smooth5to0_fluxSmooth0p5cm_gasAdvON_720h_1h-00048.vtu,floodmar_pond5m_depth10cm_head5cm_homogeneousSand2_uniformThetaIC_4d6d_smooth5to0_fluxSmooth0p5cm_gasAdvON_720h_1h_t048h.vtu
54,54.080277777778,floodmar_pond5m_depth10cm_head5cm_homogeneousSand2_uniformThetaIC_4d6d_smooth5to0_fluxSmooth0p5cm_gasAdvON_720h_1h-00054.vtu,floodmar_pond5m_depth10cm_head5cm_homogeneousSand2_uniformThetaIC_4d6d_smooth5to0_fluxSmooth0p5cm_gasAdvON_720h_1h_t054h.vtu
60,60.080277777778,floodmar_pond5m_depth10cm_head5cm_homogeneousSand2_uniformThetaIC_4d6d_smooth5to0_fluxSmooth0p5cm_gasAdvON_720h_1h-00060.vtu,floodmar_pond5m_depth10cm_head5cm_homogeneousSand2_uniformThetaIC_4d6d_smooth5to0_fluxSmooth0p5cm_gasAdvON_720h_1h_t060h.vtu
66,66.080277777778,floodmar_pond5m_depth10cm_head5cm_homogeneousSand2_uniformThetaIC_4d6d_smooth5to0_fluxSmooth0p5cm_gasAdvON_720h_1h-00066.vtu,floodmar_pond5m_depth10cm_head5cm_homogeneousSand2_uniformThetaIC_4d6d_smooth5to0_fluxSmooth0p5cm_gasAdvON_720h_1h_t066h.vtu
72,72.080277777778,floodmar_pond5m_depth10cm_head5cm_homogeneousSand2_uniformThetaIC_4d6d_smooth5to0_fluxSmooth0p5cm_gasAdvON_720h_1h-00072.vtu,floodmar_pond5m_depth10cm_head5cm_homogeneousSand2_uniformThetaIC_4d6d_smooth5to0_fluxSmooth0p5cm_gasAdvON_720h_1h_t072h.vtu
78,78.080277777778,floodmar_pond5m_depth10cm_head5cm_homogeneousSand2_uniformThetaIC_4d6d_smooth5to0_fluxSmooth0p5cm_gasAdvON_720h_1h-00078.vtu,floodmar_pond5m_depth10cm_head5cm_homogeneousSand2_uniformThetaIC_4d6d_smooth5to0_fluxSmooth0p5cm_gasAdvON_720h_1h_t078h.vtu
84,84.080277777778,floodmar_pond5m_depth10cm_head5cm_homogeneousSand2_uniformThetaIC_4d6d_smooth5to0_fluxSmooth0p5cm_gasAdvON_720h_1h-00084.vtu,floodmar_pond5m_depth10cm_head5cm_homogeneousSand2_uniformThetaIC_4d6d_smooth5to0_fluxSmooth0p5cm_gasAdvON_720h_1h_t084h.vtu
90,90.080277777778,floodmar_pond5m_depth10cm_head5cm_homogeneousSand2_uniformThetaIC_4d6d_smooth5to0_fluxSmooth0p5cm_gasAdvON_720h_1h-00090.vtu,floodmar_pond5m_depth10cm_head5cm_homogeneousSand2_uniformThetaIC_4d6d_smooth5to0_fluxSmooth0p5cm_gasAdvON_720h_1h_t090h.vtu
96,96.000000000000,floodmar_pond5m_depth10cm_head5cm_homogeneousSand2_uniformThetaIC_4d6d_smooth5to0_fluxSmooth0p5cm_gasAdvON_720h_1h-00096.vtu,floodmar_pond5m_depth10cm_head5cm_homogeneousSand2_uniformThetaIC_4d6d_smooth5to0_fluxSmooth0p5cm_gasAdvON_720h_1h_t096h.vtu
102,102.001388888889,floodmar_pond5m_depth10cm_head5cm_homogeneousSand2_uniformThetaIC_4d6d_smooth5to0_fluxSmooth0p5cm_gasAdvON_720h_1h-00102.vtu,floodmar_pond5m_depth10cm_head5cm_homogeneousSand2_uniformThetaIC_4d6d_smooth5to0_fluxSmooth0p5cm_gasAdvON_720h_1h_t102h.vtu
108,108.021388888889,floodmar_pond5m_depth10cm_head5cm_homogeneousSand2_uniformThetaIC_4d6d_smooth5to0_fluxSmooth0p5cm_gasAdvON_720h_1h-00108.vtu,floodmar_pond5m_depth10cm_head5cm_homogeneousSand2_uniformThetaIC_4d6d_smooth5to0_fluxSmooth0p5cm_gasAdvON_720h_1h_t108h.vtu
114,114.021388888889,floodmar_pond5m_depth10cm_head5cm_homogeneousSand2_uniformThetaIC_4d6d_smooth5to0_fluxSmooth0p5cm_gasAdvON_720h_1h-00114.vtu,floodmar_pond5m_depth10cm_head5cm_homogeneousSand2_uniformThetaIC_4d6d_smooth5to0_fluxSmooth0p5cm_gasAdvON_720h_1h_t114h.vtu
120,120.021388888889,floodmar_pond5m_depth10cm_head5cm_homogeneousSand2_uniformThetaIC_4d6d_smooth5to0_fluxSmooth0p5cm_gasAdvON_720h_1h-00120.vtu,floodmar_pond5m_depth10cm_head5cm_homogeneousSand2_uniformThetaIC_4d6d_smooth5to0_fluxSmooth0p5cm_gasAdvON_720h_1h_t120h.vtu
126,126.021388888889,floodmar_pond5m_depth10cm_head5cm_homogeneousSand2_uniformThetaIC_4d6d_smooth5to0_fluxSmooth0p5cm_gasAdvON_720h_1h-00126.vtu,floodmar_pond5m_depth10cm_head5cm_homogeneousSand2_uniformThetaIC_4d6d_smooth5to0_fluxSmooth0p5cm_gasAdvON_720h_1h_t126h.vtu
132,132.021388888889,floodmar_pond5m_depth10cm_head5cm_homogeneousSand2_uniformThetaIC_4d6d_smooth5to0_fluxSmooth0p5cm_gasAdvON_720h_1h-00132.vtu,floodmar_pond5m_depth10cm_head5cm_homogeneousSand2_uniformThetaIC_4d6d_smooth5to0_fluxSmooth0p5cm_gasAdvON_720h_1h_t132h.vtu
138,138.021388888889,floodmar_pond5m_depth10cm_head5cm_homogeneousSand2_uniformThetaIC_4d6d_smooth5to0_fluxSmooth0p5cm_gasAdvON_720h_1h-00138.vtu,floodmar_pond5m_depth10cm_head5cm_homogeneousSand2_uniformThetaIC_4d6d_smooth5to0_fluxSmooth0p5cm_gasAdvON_720h_1h_t138h.vtu
144,144.021388888889,floodmar_pond5m_depth10cm_head5cm_homogeneousSand2_uniformThetaIC_4d6d_smooth5to0_fluxSmooth0p5cm_gasAdvON_720h_1h-00144.vtu,floodmar_pond5m_depth10cm_head5cm_homogeneousSand2_uniformThetaIC_4d6d_smooth5to0_fluxSmooth0p5cm_gasAdvON_720h_1h_t144h.vtu
150,150.021388888889,floodmar_pond5m_depth10cm_head5cm_homogeneousSand2_uniformThetaIC_4d6d_smooth5to0_fluxSmooth0p5cm_gasAdvON_720h_1h-00150.vtu,floodmar_pond5m_depth10cm_head5cm_homogeneousSand2_uniformThetaIC_4d6d_smooth5to0_fluxSmooth0p5cm_gasAdvON_720h_1h_t150h.vtu
156,156.021388888889,floodmar_pond5m_depth10cm_head5cm_homogeneousSand2_uniformThetaIC_4d6d_smooth5to0_fluxSmooth0p5cm_gasAdvON_720h_1h-00156.vtu,floodmar_pond5m_depth10cm_head5cm_homogeneousSand2_uniformThetaIC_4d6d_smooth5to0_fluxSmooth0p5cm_gasAdvON_720h_1h_t156h.vtu
162,162.021388888889,floodmar_pond5m_depth10cm_head5cm_homogeneousSand2_uniformThetaIC_4d6d_smooth5to0_fluxSmooth0p5cm_gasAdvON_720h_1h-00162.vtu,floodmar_pond5m_depth10cm_head5cm_homogeneousSand2_uniformThetaIC_4d6d_smooth5to0_fluxSmooth0p5cm_gasAdvON_720h_1h_t162h.vtu
168,168.021388888889,floodmar_pond5m_depth10cm_head5cm_homogeneousSand2_uniformThetaIC_4d6d_smooth5to0_fluxSmooth0p5cm_gasAdvON_720h_1h-00168.vtu,floodmar_pond5m_depth10cm_head5cm_homogeneousSand2_uniformThetaIC_4d6d_smooth5to0_fluxSmooth0p5cm_gasAdvON_720h_1h_t168h.vtu
174,174.021388888889,floodmar_pond5m_depth10cm_head5cm_homogeneousSand2_uniformThetaIC_4d6d_smooth5to0_fluxSmooth0p5cm_gasAdvON_720h_1h-00174.vtu,floodmar_pond5m_depth10cm_head5cm_homogeneousSand2_uniformThetaIC_4d6d_smooth5to0_fluxSmooth0p5cm_gasAdvON_720h_1h_t174h.vtu
180,180.021388888889,floodmar_pond5m_depth10cm_head5cm_homogeneousSand2_uniformThetaIC_4d6d_smooth5to0_fluxSmooth0p5cm_gasAdvON_720h_1h-00180.vtu,floodmar_pond5m_depth10cm_head5cm_homogeneousSand2_uniformThetaIC_4d6d_smooth5to0_fluxSmooth0p5cm_gasAdvON_720h_1h_t180h.vtu
186,186.021388888889,floodmar_pond5m_depth10cm_head5cm_homogeneousSand2_uniformThetaIC_4d6d_smooth5to0_fluxSmooth0p5cm_gasAdvON_720h_1h-00186.vtu,floodmar_pond5m_depth10cm_head5cm_homogeneousSand2_uniformThetaIC_4d6d_smooth5to0_fluxSmooth0p5cm_gasAdvON_720h_1h_t186h.vtu
192,192.021388888889,floodmar_pond5m_depth10cm_head5cm_homogeneousSand2_uniformThetaIC_4d6d_smooth5to0_fluxSmooth0p5cm_gasAdvON_720h_1h-00192.vtu,floodmar_pond5m_depth10cm_head5cm_homogeneousSand2_uniformThetaIC_4d6d_smooth5to0_fluxSmooth0p5cm_gasAdvON_720h_1h_t192h.vtu
198,198.021388888889,floodmar_pond5m_depth10cm_head5cm_homogeneousSand2_uniformThetaIC_4d6d_smooth5to0_fluxSmooth0p5cm_gasAdvON_720h_1h-00198.vtu,floodmar_pond5m_depth10cm_head5cm_homogeneousSand2_uniformThetaIC_4d6d_smooth5to0_fluxSmooth0p5cm_gasAdvON_720h_1h_t198h.vtu
204,204.021388888889,floodmar_pond5m_depth10cm_head5cm_homogeneousSand2_uniformThetaIC_4d6d_smooth5to0_fluxSmooth0p5cm_gasAdvON_720h_1h-00204.vtu,floodmar_pond5m_depth10cm_head5cm_homogeneousSand2_uniformThetaIC_4d6d_smooth5to0_fluxSmooth0p5cm_gasAdvON_720h_1h_t204h.vtu
210,210.021388888889,floodmar_pond5m_depth10cm_head5cm_homogeneousSand2_uniformThetaIC_4d6d_smooth5to0_fluxSmooth0p5cm_gasAdvON_720h_1h-00210.vtu,floodmar_pond5m_depth10cm_head5cm_homogeneousSand2_uniformThetaIC_4d6d_smooth5to0_fluxSmooth0p5cm_gasAdvON_720h_1h_t210h.vtu
216,216.021388888889,floodmar_pond5m_depth10cm_head5cm_homogeneousSand2_uniformThetaIC_4d6d_smooth5to0_fluxSmooth0p5cm_gasAdvON_720h_1h-00216.vtu,floodmar_pond5m_depth10cm_head5cm_homogeneousSand2_uniformThetaIC_4d6d_smooth5to0_fluxSmooth0p5cm_gasAdvON_720h_1h_t216h.vtu
222,222.021388888889,floodmar_pond5m_depth10cm_head5cm_homogeneousSand2_uniformThetaIC_4d6d_smooth5to0_fluxSmooth0p5cm_gasAdvON_720h_1h-00222.vtu,floodmar_pond5m_depth10cm_head5cm_homogeneousSand2_uniformThetaIC_4d6d_smooth5to0_fluxSmooth0p5cm_gasAdvON_720h_1h_t222h.vtu
228,228.021388888889,floodmar_pond5m_depth10cm_head5cm_homogeneousSand2_uniformThetaIC_4d6d_smooth5to0_fluxSmooth0p5cm_gasAdvON_720h_1h-00228.vtu,floodmar_pond5m_depth10cm_head5cm_homogeneousSand2_uniformThetaIC_4d6d_smooth5to0_fluxSmooth0p5cm_gasAdvON_720h_1h_t228h.vtu
234,234.021388888889,floodmar_pond5m_depth10cm_head5cm_homogeneousSand2_uniformThetaIC_4d6d_smooth5to0_fluxSmooth0p5cm_gasAdvON_720h_1h-00234.vtu,floodmar_pond5m_depth10cm_head5cm_homogeneousSand2_uniformThetaIC_4d6d_smooth5to0_fluxSmooth0p5cm_gasAdvON_720h_1h_t234h.vtu
240,240.000000000000,floodmar_pond5m_depth10cm_head5cm_homogeneousSand2_uniformThetaIC_4d6d_smooth5to0_fluxSmooth0p5cm_gasAdvON_720h_1h-00240.vtu,floodmar_pond5m_depth10cm_head5cm_homogeneousSand2_uniformThetaIC_4d6d_smooth5to0_fluxSmooth0p5cm_gasAdvON_720h_1h_t240h.vtu
246,246.029166666667,floodmar_pond5m_depth10cm_head5cm_homogeneousSand2_uniformThetaIC_4d6d_smooth5to0_fluxSmooth0p5cm_gasAdvON_720h_1h-00246.vtu,floodmar_pond5m_depth10cm_head5cm_homogeneousSand2_uniformThetaIC_4d6d_smooth5to0_fluxSmooth0p5cm_gasAdvON_720h_1h_t246h.vtu
252,252.029166666667,floodmar_pond5m_depth10cm_head5cm_homogeneousSand2_uniformThetaIC_4d6d_smooth5to0_fluxSmooth0p5cm_gasAdvON_720h_1h-00252.vtu,floodmar_pond5m_depth10cm_head5cm_homogeneousSand2_uniformThetaIC_4d6d_smooth5to0_fluxSmooth0p5cm_gasAdvON_720h_1h_t252h.vtu
258,258.029166666667,floodmar_pond5m_depth10cm_head5cm_homogeneousSand2_uniformThetaIC_4d6d_smooth5to0_fluxSmooth0p5cm_gasAdvON_720h_1h-00258.vtu,floodmar_pond5m_depth10cm_head5cm_homogeneousSand2_uniformThetaIC_4d6d_smooth5to0_fluxSmooth0p5cm_gasAdvON_720h_1h_t258h.vtu
264,264.029166666667,floodmar_pond5m_depth10cm_head5cm_homogeneousSand2_uniformThetaIC_4d6d_smooth5to0_fluxSmooth0p5cm_gasAdvON_720h_1h-00264.vtu,floodmar_pond5m_depth10cm_head5cm_homogeneousSand2_uniformThetaIC_4d6d_smooth5to0_fluxSmooth0p5cm_gasAdvON_720h_1h_t264h.vtu
270,270.029166666667,floodmar_pond5m_depth10cm_head5cm_homogeneousSand2_uniformThetaIC_4d6d_smooth5to0_fluxSmooth0p5cm_gasAdvON_720h_1h-00270.vtu,floodmar_pond5m_depth10cm_head5cm_homogeneousSand2_uniformThetaIC_4d6d_smooth5to0_fluxSmooth0p5cm_gasAdvON_720h_1h_t270h.vtu
276,276.029166666667,floodmar_pond5m_depth10cm_head5cm_homogeneousSand2_uniformThetaIC_4d6d_smooth5to0_fluxSmooth0p5cm_gasAdvON_720h_1h-00276.vtu,floodmar_pond5m_depth10cm_head5cm_homogeneousSand2_uniformThetaIC_4d6d_smooth5to0_fluxSmooth0p5cm_gasAdvON_720h_1h_t276h.vtu
282,282.027777777778,floodmar_pond5m_depth10cm_head5cm_homogeneousSand2_uniformThetaIC_4d6d_smooth5to0_fluxSmooth0p5cm_gasAdvON_720h_1h-00282.vtu,floodmar_pond5m_depth10cm_head5cm_homogeneousSand2_uniformThetaIC_4d6d_smooth5to0_fluxSmooth0p5cm_gasAdvON_720h_1h_t282h.vtu
288,288.027777777778,floodmar_pond5m_depth10cm_head5cm_homogeneousSand2_uniformThetaIC_4d6d_smooth5to0_fluxSmooth0p5cm_gasAdvON_720h_1h-00288.vtu,floodmar_pond5m_depth10cm_head5cm_homogeneousSand2_uniformThetaIC_4d6d_smooth5to0_fluxSmooth0p5cm_gasAdvON_720h_1h_t288h.vtu
294,294.027777777778,floodmar_pond5m_depth10cm_head5cm_homogeneousSand2_uniformThetaIC_4d6d_smooth5to0_fluxSmooth0p5cm_gasAdvON_720h_1h-00294.vtu,floodmar_pond5m_depth10cm_head5cm_homogeneousSand2_uniformThetaIC_4d6d_smooth5to0_fluxSmooth0p5cm_gasAdvON_720h_1h_t294h.vtu
300,300.027777777778,floodmar_pond5m_depth10cm_head5cm_homogeneousSand2_uniformThetaIC_4d6d_smooth5to0_fluxSmooth0p5cm_gasAdvON_720h_1h-00300.vtu,floodmar_pond5m_depth10cm_head5cm_homogeneousSand2_uniformThetaIC_4d6d_smooth5to0_fluxSmooth0p5cm_gasAdvON_720h_1h_t300h.vtu
306,306.027777777778,floodmar_pond5m_depth10cm_head5cm_homogeneousSand2_uniformThetaIC_4d6d_smooth5to0_fluxSmooth0p5cm_gasAdvON_720h_1h-00306.vtu,floodmar_pond5m_depth10cm_head5cm_homogeneousSand2_uniformThetaIC_4d6d_smooth5to0_fluxSmooth0p5cm_gasAdvON_720h_1h_t306h.vtu
312,312.027777777778,floodmar_pond5m_depth10cm_head5cm_homogeneousSand2_uniformThetaIC_4d6d_smooth5to0_fluxSmooth0p5cm_gasAdvON_720h_1h-00312.vtu,floodmar_pond5m_depth10cm_head5cm_homogeneousSand2_uniformThetaIC_4d6d_smooth5to0_fluxSmooth0p5cm_gasAdvON_720h_1h_t312h.vtu
318,318.027777777778,floodmar_pond5m_depth10cm_head5cm_homogeneousSand2_uniformThetaIC_4d6d_smooth5to0_fluxSmooth0p5cm_gasAdvON_720h_1h-00318.vtu,floodmar_pond5m_depth10cm_head5cm_homogeneousSand2_uniformThetaIC_4d6d_smooth5to0_fluxSmooth0p5cm_gasAdvON_720h_1h_t318h.vtu
324,324.027777777778,floodmar_pond5m_depth10cm_head5cm_homogeneousSand2_uniformThetaIC_4d6d_smooth5to0_fluxSmooth0p5cm_gasAdvON_720h_1h-00324.vtu,floodmar_pond5m_depth10cm_head5cm_homogeneousSand2_uniformThetaIC_4d6d_smooth5to0_fluxSmooth0p5cm_gasAdvON_720h_1h_t324h.vtu
330,330.027777777778,floodmar_pond5m_depth10cm_head5cm_homogeneousSand2_uniformThetaIC_4d6d_smooth5to0_fluxSmooth0p5cm_gasAdvON_720h_1h-00330.vtu,floodmar_pond5m_depth10cm_head5cm_homogeneousSand2_uniformThetaIC_4d6d_smooth5to0_fluxSmooth0p5cm_gasAdvON_720h_1h_t330h.vtu
336,336.000000000000,floodmar_pond5m_depth10cm_head5cm_homogeneousSand2_uniformThetaIC_4d6d_smooth5to0_fluxSmooth0p5cm_gasAdvON_720h_1h-00336.vtu,floodmar_pond5m_depth10cm_head5cm_homogeneousSand2_uniformThetaIC_4d6d_smooth5to0_fluxSmooth0p5cm_gasAdvON_720h_1h_t336h.vtu
342,342.016666666667,floodmar_pond5m_depth10cm_head5cm_homogeneousSand2_uniformThetaIC_4d6d_smooth5to0_fluxSmooth0p5cm_gasAdvON_720h_1h-00342.vtu,floodmar_pond5m_depth10cm_head5cm_homogeneousSand2_uniformThetaIC_4d6d_smooth5to0_fluxSmooth0p5cm_gasAdvON_720h_1h_t342h.vtu
348,348.083333333333,floodmar_pond5m_depth10cm_head5cm_homogeneousSand2_uniformThetaIC_4d6d_smooth5to0_fluxSmooth0p5cm_gasAdvON_720h_1h-00348.vtu,floodmar_pond5m_depth10cm_head5cm_homogeneousSand2_uniformThetaIC_4d6d_smooth5to0_fluxSmooth0p5cm_gasAdvON_720h_1h_t348h.vtu
354,354.083333333333,floodmar_pond5m_depth10cm_head5cm_homogeneousSand2_uniformThetaIC_4d6d_smooth5to0_fluxSmooth0p5cm_gasAdvON_720h_1h-00354.vtu,floodmar_pond5m_depth10cm_head5cm_homogeneousSand2_uniformThetaIC_4d6d_smooth5to0_fluxSmooth0p5cm_gasAdvON_720h_1h_t354h.vtu
360,360.083333333333,floodmar_pond5m_depth10cm_head5cm_homogeneousSand2_uniformThetaIC_4d6d_smooth5to0_fluxSmooth0p5cm_gasAdvON_720h_1h-00360.vtu,floodmar_pond5m_depth10cm_head5cm_homogeneousSand2_uniformThetaIC_4d6d_smooth5to0_fluxSmooth0p5cm_gasAdvON_720h_1h_t360h.vtu
366,366.083333333333,floodmar_pond5m_depth10cm_head5cm_homogeneousSand2_uniformThetaIC_4d6d_smooth5to0_fluxSmooth0p5cm_gasAdvON_720h_1h-00366.vtu,floodmar_pond5m_depth10cm_head5cm_homogeneousSand2_uniformThetaIC_4d6d_smooth5to0_fluxSmooth0p5cm_gasAdvON_720h_1h_t366h.vtu
372,372.083333333333,floodmar_pond5m_depth10cm_head5cm_homogeneousSand2_uniformThetaIC_4d6d_smooth5to0_fluxSmooth0p5cm_gasAdvON_720h_1h-00372.vtu,floodmar_pond5m_depth10cm_head5cm_homogeneousSand2_uniformThetaIC_4d6d_smooth5to0_fluxSmooth0p5cm_gasAdvON_720h_1h_t372h.vtu
378,378.083333333333,floodmar_pond5m_depth10cm_head5cm_homogeneousSand2_uniformThetaIC_4d6d_smooth5to0_fluxSmooth0p5cm_gasAdvON_720h_1h-00378.vtu,floodmar_pond5m_depth10cm_head5cm_homogeneousSand2_uniformThetaIC_4d6d_smooth5to0_fluxSmooth0p5cm_gasAdvON_720h_1h_t378h.vtu
384,384.083333333333,floodmar_pond5m_depth10cm_head5cm_homogeneousSand2_uniformThetaIC_4d6d_smooth5to0_fluxSmooth0p5cm_gasAdvON_720h_1h-00384.vtu,floodmar_pond5m_depth10cm_head5cm_homogeneousSand2_uniformThetaIC_4d6d_smooth5to0_fluxSmooth0p5cm_gasAdvON_720h_1h_t384h.vtu
390,390.083333333333,floodmar_pond5m_depth10cm_head5cm_homogeneousSand2_uniformThetaIC_4d6d_smooth5to0_fluxSmooth0p5cm_gasAdvON_720h_1h-00390.vtu,floodmar_pond5m_depth10cm_head5cm_homogeneousSand2_uniformThetaIC_4d6d_smooth5to0_fluxSmooth0p5cm_gasAdvON_720h_1h_t390h.vtu
396,396.083333333333,floodmar_pond5m_depth10cm_head5cm_homogeneousSand2_uniformThetaIC_4d6d_smooth5to0_fluxSmooth0p5cm_gasAdvON_720h_1h-00396.vtu,floodmar_pond5m_depth10cm_head5cm_homogeneousSand2_uniformThetaIC_4d6d_smooth5to0_fluxSmooth0p5cm_gasAdvON_720h_1h_t396h.vtu
402,402.083333333333,floodmar_pond5m_depth10cm_head5cm_homogeneousSand2_uniformThetaIC_4d6d_smooth5to0_fluxSmooth0p5cm_gasAdvON_720h_1h-00402.vtu,floodmar_pond5m_depth10cm_head5cm_homogeneousSand2_uniformThetaIC_4d6d_smooth5to0_fluxSmooth0p5cm_gasAdvON_720h_1h_t402h.vtu
408,408.083333333333,floodmar_pond5m_depth10cm_head5cm_homogeneousSand2_uniformThetaIC_4d6d_smooth5to0_fluxSmooth0p5cm_gasAdvON_720h_1h-00408.vtu,floodmar_pond5m_depth10cm_head5cm_homogeneousSand2_uniformThetaIC_4d6d_smooth5to0_fluxSmooth0p5cm_gasAdvON_720h_1h_t408h.vtu
414,414.083333333333,floodmar_pond5m_depth10cm_head5cm_homogeneousSand2_uniformThetaIC_4d6d_smooth5to0_fluxSmooth0p5cm_gasAdvON_720h_1h-00414.vtu,floodmar_pond5m_depth10cm_head5cm_homogeneousSand2_uniformThetaIC_4d6d_smooth5to0_fluxSmooth0p5cm_gasAdvON_720h_1h_t414h.vtu
420,420.083333333333,floodmar_pond5m_depth10cm_head5cm_homogeneousSand2_uniformThetaIC_4d6d_smooth5to0_fluxSmooth0p5cm_gasAdvON_720h_1h-00420.vtu,floodmar_pond5m_depth10cm_head5cm_homogeneousSand2_uniformThetaIC_4d6d_smooth5to0_fluxSmooth0p5cm_gasAdvON_720h_1h_t420h.vtu
426,426.083333333333,floodmar_pond5m_depth10cm_head5cm_homogeneousSand2_uniformThetaIC_4d6d_smooth5to0_fluxSmooth0p5cm_gasAdvON_720h_1h-00426.vtu,floodmar_pond5m_depth10cm_head5cm_homogeneousSand2_uniformThetaIC_4d6d_smooth5to0_fluxSmooth0p5cm_gasAdvON_720h_1h_t426h.vtu
432,432.083333333333,floodmar_pond5m_depth10cm_head5cm_homogeneousSand2_uniformThetaIC_4d6d_smooth5to0_fluxSmooth0p5cm_gasAdvON_720h_1h-00432.vtu,floodmar_pond5m_depth10cm_head5cm_homogeneousSand2_uniformThetaIC_4d6d_smooth5to0_fluxSmooth0p5cm_gasAdvON_720h_1h_t432h.vtu
438,438.083333333333,floodmar_pond5m_depth10cm_head5cm_homogeneousSand2_uniformThetaIC_4d6d_smooth5to0_fluxSmooth0p5cm_gasAdvON_720h_1h-00438.vtu,floodmar_pond5m_depth10cm_head5cm_homogeneousSand2_uniformThetaIC_4d6d_smooth5to0_fluxSmooth0p5cm_gasAdvON_720h_1h_t438h.vtu
444,444.083333333333,floodmar_pond5m_depth10cm_head5cm_homogeneousSand2_uniformThetaIC_4d6d_smooth5to0_fluxSmooth0p5cm_gasAdvON_720h_1h-00444.vtu,floodmar_pond5m_depth10cm_head5cm_homogeneousSand2_uniformThetaIC_4d6d_smooth5to0_fluxSmooth0p5cm_gasAdvON_720h_1h_t444h.vtu
450,450.083333333333,floodmar_pond5m_depth10cm_head5cm_homogeneousSand2_uniformThetaIC_4d6d_smooth5to0_fluxSmooth0p5cm_gasAdvON_720h_1h-00450.vtu,floodmar_pond5m_depth10cm_head5cm_homogeneousSand2_uniformThetaIC_4d6d_smooth5to0_fluxSmooth0p5cm_gasAdvON_720h_1h_t450h.vtu
456,456.083333333333,floodmar_pond5m_depth10cm_head5cm_homogeneousSand2_uniformThetaIC_4d6d_smooth5to0_fluxSmooth0p5cm_gasAdvON_720h_1h-00456.vtu,floodmar_pond5m_depth10cm_head5cm_homogeneousSand2_uniformThetaIC_4d6d_smooth5to0_fluxSmooth0p5cm_gasAdvON_720h_1h_t456h.vtu
462,462.083333333333,floodmar_pond5m_depth10cm_head5cm_homogeneousSand2_uniformThetaIC_4d6d_smooth5to0_fluxSmooth0p5cm_gasAdvON_720h_1h-00462.vtu,floodmar_pond5m_depth10cm_head5cm_homogeneousSand2_uniformThetaIC_4d6d_smooth5to0_fluxSmooth0p5cm_gasAdvON_720h_1h_t462h.vtu
468,468.083333333333,floodmar_pond5m_depth10cm_head5cm_homogeneousSand2_uniformThetaIC_4d6d_smooth5to0_fluxSmooth0p5cm_gasAdvON_720h_1h-00468.vtu,floodmar_pond5m_depth10cm_head5cm_homogeneousSand2_uniformThetaIC_4d6d_smooth5to0_fluxSmooth0p5cm_gasAdvON_720h_1h_t468h.vtu
474,474.083333333333,floodmar_pond5m_depth10cm_head5cm_homogeneousSand2_uniformThetaIC_4d6d_smooth5to0_fluxSmooth0p5cm_gasAdvON_720h_1h-00474.vtu,floodmar_pond5m_depth10cm_head5cm_homogeneousSand2_uniformThetaIC_4d6d_smooth5to0_fluxSmooth0p5cm_gasAdvON_720h_1h_t474h.vtu
480,480.000000000000,floodmar_pond5m_depth10cm_head5cm_homogeneousSand2_uniformThetaIC_4d6d_smooth5to0_fluxSmooth0p5cm_gasAdvON_720h_1h-00480.vtu,floodmar_pond5m_depth10cm_head5cm_homogeneousSand2_uniformThetaIC_4d6d_smooth5to0_fluxSmooth0p5cm_gasAdvON_720h_1h_t480h.vtu
486,486.069444444444,floodmar_pond5m_depth10cm_head5cm_homogeneousSand2_uniformThetaIC_4d6d_smooth5to0_fluxSmooth0p5cm_gasAdvON_720h_1h-00486.vtu,floodmar_pond5m_depth10cm_head5cm_homogeneousSand2_uniformThetaIC_4d6d_smooth5to0_fluxSmooth0p5cm_gasAdvON_720h_1h_t486h.vtu
492,492.069444444444,floodmar_pond5m_depth10cm_head5cm_homogeneousSand2_uniformThetaIC_4d6d_smooth5to0_fluxSmooth0p5cm_gasAdvON_720h_1h-00492.vtu,floodmar_pond5m_depth10cm_head5cm_homogeneousSand2_uniformThetaIC_4d6d_smooth5to0_fluxSmooth0p5cm_gasAdvON_720h_1h_t492h.vtu
498,498.069444444444,floodmar_pond5m_depth10cm_head5cm_homogeneousSand2_uniformThetaIC_4d6d_smooth5to0_fluxSmooth0p5cm_gasAdvON_720h_1h-00498.vtu,floodmar_pond5m_depth10cm_head5cm_homogeneousSand2_uniformThetaIC_4d6d_smooth5to0_fluxSmooth0p5cm_gasAdvON_720h_1h_t498h.vtu
504,504.069444444444,floodmar_pond5m_depth10cm_head5cm_homogeneousSand2_uniformThetaIC_4d6d_smooth5to0_fluxSmooth0p5cm_gasAdvON_720h_1h-00504.vtu,floodmar_pond5m_depth10cm_head5cm_homogeneousSand2_uniformThetaIC_4d6d_smooth5to0_fluxSmooth0p5cm_gasAdvON_720h_1h_t504h.vtu
510,510.069444444444,floodmar_pond5m_depth10cm_head5cm_homogeneousSand2_uniformThetaIC_4d6d_smooth5to0_fluxSmooth0p5cm_gasAdvON_720h_1h-00510.vtu,floodmar_pond5m_depth10cm_head5cm_homogeneousSand2_uniformThetaIC_4d6d_smooth5to0_fluxSmooth0p5cm_gasAdvON_720h_1h_t510h.vtu
516,516.069444444444,floodmar_pond5m_depth10cm_head5cm_homogeneousSand2_uniformThetaIC_4d6d_smooth5to0_fluxSmooth0p5cm_gasAdvON_720h_1h-00516.vtu,floodmar_pond5m_depth10cm_head5cm_homogeneousSand2_uniformThetaIC_4d6d_smooth5to0_fluxSmooth0p5cm_gasAdvON_720h_1h_t516h.vtu
522,522.069444444444,floodmar_pond5m_depth10cm_head5cm_homogeneousSand2_uniformThetaIC_4d6d_smooth5to0_fluxSmooth0p5cm_gasAdvON_720h_1h-00522.vtu,floodmar_pond5m_depth10cm_head5cm_homogeneousSand2_uniformThetaIC_4d6d_smooth5to0_fluxSmooth0p5cm_gasAdvON_720h_1h_t522h.vtu
528,528.069444444444,floodmar_pond5m_depth10cm_head5cm_homogeneousSand2_uniformThetaIC_4d6d_smooth5to0_fluxSmooth0p5cm_gasAdvON_720h_1h-00528.vtu,floodmar_pond5m_depth10cm_head5cm_homogeneousSand2_uniformThetaIC_4d6d_smooth5to0_fluxSmooth0p5cm_gasAdvON_720h_1h_t528h.vtu
534,534.069444444444,floodmar_pond5m_depth10cm_head5cm_homogeneousSand2_uniformThetaIC_4d6d_smooth5to0_fluxSmooth0p5cm_gasAdvON_720h_1h-00534.vtu,floodmar_pond5m_depth10cm_head5cm_homogeneousSand2_uniformThetaIC_4d6d_smooth5to0_fluxSmooth0p5cm_gasAdvON_720h_1h_t534h.vtu
540,540.069444444444,floodmar_pond5m_depth10cm_head5cm_homogeneousSand2_uniformThetaIC_4d6d_smooth5to0_fluxSmooth0p5cm_gasAdvON_720h_1h-00540.vtu,floodmar_pond5m_depth10cm_head5cm_homogeneousSand2_uniformThetaIC_4d6d_smooth5to0_fluxSmooth0p5cm_gasAdvON_720h_1h_t540h.vtu
546,546.069444444444,floodmar_pond5m_depth10cm_head5cm_homogeneousSand2_uniformThetaIC_4d6d_smooth5to0_fluxSmooth0p5cm_gasAdvON_720h_1h-00546.vtu,floodmar_pond5m_depth10cm_head5cm_homogeneousSand2_uniformThetaIC_4d6d_smooth5to0_fluxSmooth0p5cm_gasAdvON_720h_1h_t546h.vtu
552,552.069444444444,floodmar_pond5m_depth10cm_head5cm_homogeneousSand2_uniformThetaIC_4d6d_smooth5to0_fluxSmooth0p5cm_gasAdvON_720h_1h-00552.vtu,floodmar_pond5m_depth10cm_head5cm_homogeneousSand2_uniformThetaIC_4d6d_smooth5to0_fluxSmooth0p5cm_gasAdvON_720h_1h_t552h.vtu
558,558.069444444444,floodmar_pond5m_depth10cm_head5cm_homogeneousSand2_uniformThetaIC_4d6d_smooth5to0_fluxSmooth0p5cm_gasAdvON_720h_1h-00558.vtu,floodmar_pond5m_depth10cm_head5cm_homogeneousSand2_uniformThetaIC_4d6d_smooth5to0_fluxSmooth0p5cm_gasAdvON_720h_1h_t558h.vtu
564,564.069444444444,floodmar_pond5m_depth10cm_head5cm_homogeneousSand2_uniformThetaIC_4d6d_smooth5to0_fluxSmooth0p5cm_gasAdvON_720h_1h-00564.vtu,floodmar_pond5m_depth10cm_head5cm_homogeneousSand2_uniformThetaIC_4d6d_smooth5to0_fluxSmooth0p5cm_gasAdvON_720h_1h_t564h.vtu
570,570.069444444444,floodmar_pond5m_depth10cm_head5cm_homogeneousSand2_uniformThetaIC_4d6d_smooth5to0_fluxSmooth0p5cm_gasAdvON_720h_1h-00570.vtu,floodmar_pond5m_depth10cm_head5cm_homogeneousSand2_uniformThetaIC_4d6d_smooth5to0_fluxSmooth0p5cm_gasAdvON_720h_1h_t570h.vtu
576,576.000000000000,floodmar_pond5m_depth10cm_head5cm_homogeneousSand2_uniformThetaIC_4d6d_smooth5to0_fluxSmooth0p5cm_gasAdvON_720h_1h-00576.vtu,floodmar_pond5m_depth10cm_head5cm_homogeneousSand2_uniformThetaIC_4d6d_smooth5to0_fluxSmooth0p5cm_gasAdvON_720h_1h_t576h.vtu
582,582.030555555556,floodmar_pond5m_depth10cm_head5cm_homogeneousSand2_uniformThetaIC_4d6d_smooth5to0_fluxSmooth0p5cm_gasAdvON_720h_1h-00582.vtu,floodmar_pond5m_depth10cm_head5cm_homogeneousSand2_uniformThetaIC_4d6d_smooth5to0_fluxSmooth0p5cm_gasAdvON_720h_1h_t582h.vtu
588,588.033333333333,floodmar_pond5m_depth10cm_head5cm_homogeneousSand2_uniformThetaIC_4d6d_smooth5to0_fluxSmooth0p5cm_gasAdvON_720h_1h-00588.vtu,floodmar_pond5m_depth10cm_head5cm_homogeneousSand2_uniformThetaIC_4d6d_smooth5to0_fluxSmooth0p5cm_gasAdvON_720h_1h_t588h.vtu
594,594.033333333333,floodmar_pond5m_depth10cm_head5cm_homogeneousSand2_uniformThetaIC_4d6d_smooth5to0_fluxSmooth0p5cm_gasAdvON_720h_1h-00594.vtu,floodmar_pond5m_depth10cm_head5cm_homogeneousSand2_uniformThetaIC_4d6d_smooth5to0_fluxSmooth0p5cm_gasAdvON_720h_1h_t594h.vtu
600,600.033333333333,floodmar_pond5m_depth10cm_head5cm_homogeneousSand2_uniformThetaIC_4d6d_smooth5to0_fluxSmooth0p5cm_gasAdvON_720h_1h-00600.vtu,floodmar_pond5m_depth10cm_head5cm_homogeneousSand2_uniformThetaIC_4d6d_smooth5to0_fluxSmooth0p5cm_gasAdvON_720h_1h_t600h.vtu
606,606.033333333333,floodmar_pond5m_depth10cm_head5cm_homogeneousSand2_uniformThetaIC_4d6d_smooth5to0_fluxSmooth0p5cm_gasAdvON_720h_1h-00606.vtu,floodmar_pond5m_depth10cm_head5cm_homogeneousSand2_uniformThetaIC_4d6d_smooth5to0_fluxSmooth0p5cm_gasAdvON_720h_1h_t606h.vtu
612,612.033333333333,floodmar_pond5m_depth10cm_head5cm_homogeneousSand2_uniformThetaIC_4d6d_smooth5to0_fluxSmooth0p5cm_gasAdvON_720h_1h-00612.vtu,floodmar_pond5m_depth10cm_head5cm_homogeneousSand2_uniformThetaIC_4d6d_smooth5to0_fluxSmooth0p5cm_gasAdvON_720h_1h_t612h.vtu
618,618.033333333333,floodmar_pond5m_depth10cm_head5cm_homogeneousSand2_uniformThetaIC_4d6d_smooth5to0_fluxSmooth0p5cm_gasAdvON_720h_1h-00618.vtu,floodmar_pond5m_depth10cm_head5cm_homogeneousSand2_uniformThetaIC_4d6d_smooth5to0_fluxSmooth0p5cm_gasAdvON_720h_1h_t618h.vtu
624,624.033333333333,floodmar_pond5m_depth10cm_head5cm_homogeneousSand2_uniformThetaIC_4d6d_smooth5to0_fluxSmooth0p5cm_gasAdvON_720h_1h-00624.vtu,floodmar_pond5m_depth10cm_head5cm_homogeneousSand2_uniformThetaIC_4d6d_smooth5to0_fluxSmooth0p5cm_gasAdvON_720h_1h_t624h.vtu
630,630.033333333333,floodmar_pond5m_depth10cm_head5cm_homogeneousSand2_uniformThetaIC_4d6d_smooth5to0_fluxSmooth0p5cm_gasAdvON_720h_1h-00630.vtu,floodmar_pond5m_depth10cm_head5cm_homogeneousSand2_uniformThetaIC_4d6d_smooth5to0_fluxSmooth0p5cm_gasAdvON_720h_1h_t630h.vtu
636,636.033333333333,floodmar_pond5m_depth10cm_head5cm_homogeneousSand2_uniformThetaIC_4d6d_smooth5to0_fluxSmooth0p5cm_gasAdvON_720h_1h-00636.vtu,floodmar_pond5m_depth10cm_head5cm_homogeneousSand2_uniformThetaIC_4d6d_smooth5to0_fluxSmooth0p5cm_gasAdvON_720h_1h_t636h.vtu
642,642.033333333333,floodmar_pond5m_depth10cm_head5cm_homogeneousSand2_uniformThetaIC_4d6d_smooth5to0_fluxSmooth0p5cm_gasAdvON_720h_1h-00642.vtu,floodmar_pond5m_depth10cm_head5cm_homogeneousSand2_uniformThetaIC_4d6d_smooth5to0_fluxSmooth0p5cm_gasAdvON_720h_1h_t642h.vtu
648,648.033333333333,floodmar_pond5m_depth10cm_head5cm_homogeneousSand2_uniformThetaIC_4d6d_smooth5to0_fluxSmooth0p5cm_gasAdvON_720h_1h-00648.vtu,floodmar_pond5m_depth10cm_head5cm_homogeneousSand2_uniformThetaIC_4d6d_smooth5to0_fluxSmooth0p5cm_gasAdvON_720h_1h_t648h.vtu
654,654.033333333333,floodmar_pond5m_depth10cm_head5cm_homogeneousSand2_uniformThetaIC_4d6d_smooth5to0_fluxSmooth0p5cm_gasAdvON_720h_1h-00654.vtu,floodmar_pond5m_depth10cm_head5cm_homogeneousSand2_uniformThetaIC_4d6d_smooth5to0_fluxSmooth0p5cm_gasAdvON_720h_1h_t654h.vtu
660,660.033333333333,floodmar_pond5m_depth10cm_head5cm_homogeneousSand2_uniformThetaIC_4d6d_smooth5to0_fluxSmooth0p5cm_gasAdvON_720h_1h-00660.vtu,floodmar_pond5m_depth10cm_head5cm_homogeneousSand2_uniformThetaIC_4d6d_smooth5to0_fluxSmooth0p5cm_gasAdvON_720h_1h_t660h.vtu
666,666.033333333333,floodmar_pond5m_depth10cm_head5cm_homogeneousSand2_uniformThetaIC_4d6d_smooth5to0_fluxSmooth0p5cm_gasAdvON_720h_1h-00666.vtu,floodmar_pond5m_depth10cm_head5cm_homogeneousSand2_uniformThetaIC_4d6d_smooth5to0_fluxSmooth0p5cm_gasAdvON_720h_1h_t666h.vtu
672,672.033333333333,floodmar_pond5m_depth10cm_head5cm_homogeneousSand2_uniformThetaIC_4d6d_smooth5to0_fluxSmooth0p5cm_gasAdvON_720h_1h-00672.vtu,floodmar_pond5m_depth10cm_head5cm_homogeneousSand2_uniformThetaIC_4d6d_smooth5to0_fluxSmooth0p5cm_gasAdvON_720h_1h_t672h.vtu
678,678.033333333333,floodmar_pond5m_depth10cm_head5cm_homogeneousSand2_uniformThetaIC_4d6d_smooth5to0_fluxSmooth0p5cm_gasAdvON_720h_1h-00678.vtu,floodmar_pond5m_depth10cm_head5cm_homogeneousSand2_uniformThetaIC_4d6d_smooth5to0_fluxSmooth0p5cm_gasAdvON_720h_1h_t678h.vtu
684,684.033333333333,floodmar_pond5m_depth10cm_head5cm_homogeneousSand2_uniformThetaIC_4d6d_smooth5to0_fluxSmooth0p5cm_gasAdvON_720h_1h-00684.vtu,floodmar_pond5m_depth10cm_head5cm_homogeneousSand2_uniformThetaIC_4d6d_smooth5to0_fluxSmooth0p5cm_gasAdvON_720h_1h_t684h.vtu
690,690.033333333333,floodmar_pond5m_depth10cm_head5cm_homogeneousSand2_uniformThetaIC_4d6d_smooth5to0_fluxSmooth0p5cm_gasAdvON_720h_1h-00690.vtu,floodmar_pond5m_depth10cm_head5cm_homogeneousSand2_uniformThetaIC_4d6d_smooth5to0_fluxSmooth0p5cm_gasAdvON_720h_1h_t690h.vtu
696,696.033333333333,floodmar_pond5m_depth10cm_head5cm_homogeneousSand2_uniformThetaIC_4d6d_smooth5to0_fluxSmooth0p5cm_gasAdvON_720h_1h-00696.vtu,floodmar_pond5m_depth10cm_head5cm_homogeneousSand2_uniformThetaIC_4d6d_smooth5to0_fluxSmooth0p5cm_gasAdvON_720h_1h_t696h.vtu
702,702.033333333333,floodmar_pond5m_depth10cm_head5cm_homogeneousSand2_uniformThetaIC_4d6d_smooth5to0_fluxSmooth0p5cm_gasAdvON_720h_1h-00702.vtu,floodmar_pond5m_depth10cm_head5cm_homogeneousSand2_uniformThetaIC_4d6d_smooth5to0_fluxSmooth0p5cm_gasAdvON_720h_1h_t702h.vtu
708,708.033333333333,floodmar_pond5m_depth10cm_head5cm_homogeneousSand2_uniformThetaIC_4d6d_smooth5to0_fluxSmooth0p5cm_gasAdvON_720h_1h-00708.vtu,floodmar_pond5m_depth10cm_head5cm_homogeneousSand2_uniformThetaIC_4d6d_smooth5to0_fluxSmooth0p5cm_gasAdvON_720h_1h_t708h.vtu
714,714.033333333333,floodmar_pond5m_depth10cm_head5cm_homogeneousSand2_uniformThetaIC_4d6d_smooth5to0_fluxSmooth0p5cm_gasAdvON_720h_1h-00714.vtu,floodmar_pond5m_depth10cm_head5cm_homogeneousSand2_uniformThetaIC_4d6d_smooth5to0_fluxSmooth0p5cm_gasAdvON_720h_1h_t714h.vtu
720,720.000000000000,floodmar_pond5m_depth10cm_head5cm_homogeneousSand2_uniformThetaIC_4d6d_smooth5to0_fluxSmooth0p5cm_gasAdvON_720h_1h-00720.vtu,floodmar_pond5m_depth10cm_head5cm_homogeneousSand2_uniformThetaIC_4d6d_smooth5to0_fluxSmooth0p5cm_gasAdvON_720h_1h_t720h.vtu
