time_h,source,water_volume_20_30m_m3,mean_DO_20_30m_mgL,water_volume_DOge0.5_m3,water_fraction_DOge0.5,water_percent_DOge0.5,water_volume_DOge1_m3,water_fraction_DOge1,water_percent_DOge1,water_volume_DOge2_m3,water_fraction_DOge2,water_percent_DOge2
0.0,OLD,2682.687917766854,0.00017986009907721041,0.0,0.0,0.0,0.0,0.0,0.0,0.0,0.0,0.0
6.07663888888889,OLD,2683.5753682468176,0.00017969649019697155,0.0,0.0,0.0,0.0,0.0,0.0,0.0,0.0,0.0
12.07163888888889,OLD,2684.496980947084,0.00018103909182533274,0.0,0.0,0.0,0.0,0.0,0.0,0.0,0.0,0.0
18.071638888888888,OLD,2685.4706594338995,0.00019523095700734562,0.0,0.0,0.0,0.0,0.0,0.0,0.0,0.0,0.0
24.071638888888888,OLD,2686.5117523571885,0.0007631582672399483,0.0,0.0,0.0,0.0,0.0,0.0,0.0,0.0,0.0
30.071666666666665,OLD,2690.575005512226,0.0033789569618699108,0.7106854928241718,0.0002641388890360531,0.02641388890360531,0.0,0.0,0.0,0.0,0.0,0.0
36.071666666666665,OLD,2702.408375994874,0.0060009957182084045,0.8267157773668937,0.0003059181523823333,0.030591815238233327,0.0,0.0,0.0,0.0,0.0,0.0
42.071666666666665,OLD,2721.2776807279743,0.007982434021613489,0.8754070574875003,0.00032168972085690217,0.032168972085690216,0.0,0.0,0.0,0.0,0.0,0.0
48.071666666666665,OLD,2747.3316195117795,0.009620713059779665,0.8754070574875003,0.00031863902095774895,0.031863902095774894,0.0,0.0,0.0,0.0,0.0,0.0
54.071666666666665,OLD,2778.980767585943,0.011020580449907566,0.8754070574875003,0.0003150101172697041,0.03150101172697041,0.0,0.0,0.0,0.0,0.0,0.0
60.071666666666665,OLD,2818.250998353031,0.012253384121142488,0.8868028890050891,0.00031466426855639596,0.03146642685563959,0.0,0.0,0.0,0.0,0.0,0.0
66.07166666666667,OLD,2869.93160452328,0.013385662448437578,0.8868028890050891,0.0003089979174442363,0.03089979174442363,0.0,0.0,0.0,0.0,0.0,0.0
72.07166666666667,OLD,2943.3425693950176,0.01442599004395904,0.8868028890050891,0.00030129108933023887,0.030129108933023886,0.0,0.0,0.0,0.0,0.0,0.0
78.07166666666667,OLD,3025.323700503259,0.015407568639177468,0.8204998692663908,0.0002712106043825663,0.02712106043825663,0.0,0.0,0.0,0.0,0.0,0.0
84.07166666666667,OLD,3111.515368240069,0.01633003398027903,0.8173919152161394,0.00026269898055444006,0.026269898055444007,0.0,0.0,0.0,0.0,0.0,0.0
90.07166666666667,OLD,3200.7977183398207,0.017267770822535274,0.6516343658693937,0.00020358498824704903,0.020358498824704904,0.0,0.0,0.0,0.0,0.0,0.0
96.0,OLD,3290.6810092498313,0.01822859261884209,0.5583957443618492,0.00016969002549692454,0.016969002549692455,0.0,0.0,0.0,0.0,0.0,0.0
102.00472222222223,OLD,3382.4821062869055,0.019209243411385808,0.31908328249248524,9.433406370411122e-05,0.009433406370411122,0.0,0.0,0.0,0.0,0.0,0.0
108.06027777777778,OLD,3473.5308299376547,0.020049302403906923,0.0,0.0,0.0,0.0,0.0,0.0,0.0,0.0,0.0
114.06944444444444,OLD,3559.606192925273,0.02059696366685056,0.0,0.0,0.0,0.0,0.0,0.0,0.0,0.0,0.0
120.0425,OLD,3639.9006211359183,0.020787187227873344,0.0,0.0,0.0,0.0,0.0,0.0,0.0,0.0,0.0
126.0025,OLD,3714.3769610482673,0.02040268750638309,0.0,0.0,0.0,0.0,0.0,0.0,0.0,0.0,0.0
132.01916666666668,OLD,3783.4446114284033,0.019244386332939886,0.0,0.0,0.0,0.0,0.0,0.0,0.0,0.0,0.0
138.01944444444445,OLD,3845.9269694951436,0.017054585248213686,0.0,0.0,0.0,0.0,0.0,0.0,0.0,0.0,0.0
144.01,OLD,3901.6180582951547,0.014207969056504618,0.0,0.0,0.0,0.0,0.0,0.0,0.0,0.0,0.0
150.02,OLD,3950.220998643861,0.011268630524308923,0.0,0.0,0.0,0.0,0.0,0.0,0.0,0.0,0.0
156.0677777777778,OLD,3991.3477058885314,0.008792623602050971,0.0,0.0,0.0,0.0,0.0,0.0,0.0,0.0,0.0
162.0511111111111,OLD,4025.167142302197,0.0070747508007153615,0.0,0.0,0.0,0.0,0.0,0.0,0.0,0.0,0.0
168.08916666666667,OLD,4053.8531216256933,0.0058507662220600495,0.0,0.0,0.0,0.0,0.0,0.0,0.0,0.0,0.0
174.08916666666667,OLD,4078.2339732591117,0.004926063292694778,0.0,0.0,0.0,0.0,0.0,0.0,0.0,0.0,0.0
180.05833333333334,OLD,4099.629400700723,0.00425232486677339,0.0,0.0,0.0,0.0,0.0,0.0,0.0,0.0,0.0
186.0438888888889,OLD,4119.384405346796,0.003773870703418908,0.0,0.0,0.0,0.0,0.0,0.0,0.0,0.0,0.0
192.0438888888889,OLD,4138.220347900188,0.003422402542703743,0.0,0.0,0.0,0.0,0.0,0.0,0.0,0.0,0.0
198.0438888888889,OLD,4155.916178817264,0.0031545609397960785,0.0,0.0,0.0,0.0,0.0,0.0,0.0,0.0,0.0
204.0438888888889,OLD,4171.610887616029,0.002942641474721248,0.0,0.0,0.0,0.0,0.0,0.0,0.0,0.0,0.0
210.0438888888889,OLD,4184.890271255241,0.0027693866425177755,0.0,0.0,0.0,0.0,0.0,0.0,0.0,0.0,0.0
216.0438888888889,OLD,4195.843667863539,0.002622493070998818,0.0,0.0,0.0,0.0,0.0,0.0,0.0,0.0,0.0
222.0438888888889,OLD,4204.830708283946,0.002492627826905435,0.0,0.0,0.0,0.0,0.0,0.0,0.0,0.0,0.0
228.0438888888889,OLD,4212.249568012748,0.0023737748513608784,0.0,0.0,0.0,0.0,0.0,0.0,0.0,0.0,0.0
234.0438888888889,OLD,4218.415436584597,0.002262154389499114,0.0,0.0,0.0,0.0,0.0,0.0,0.0,0.0,0.0
240.0438888888889,OLD,4223.6311694376145,0.0021559025989081283,0.0,0.0,0.0,0.0,0.0,0.0,0.0,0.0,0.0
246.0438888888889,OLD,4228.451969510066,0.002053370318141281,0.0,0.0,0.0,0.0,0.0,0.0,0.0,0.0,0.0
252.0438888888889,OLD,4233.29300373004,0.0019535663633029987,0.0,0.0,0.0,0.0,0.0,0.0,0.0,0.0,0.0
258.0438888888889,OLD,4238.121436328142,0.0018564187120085165,0.0,0.0,0.0,0.0,0.0,0.0,0.0,0.0,0.0
264.0438888888889,OLD,4242.742485552508,0.001761832077491977,0.0,0.0,0.0,0.0,0.0,0.0,0.0,0.0,0.0
270.0438888888889,OLD,4247.005373068577,0.0016702711762394701,0.0,0.0,0.0,0.0,0.0,0.0,0.0,0.0,0.0
276.0438888888889,OLD,4250.8106934802545,0.0015822037383596702,0.0,0.0,0.0,0.0,0.0,0.0,0.0,0.0,0.0
282.0444444444444,OLD,4254.116085825559,0.0014977941622518526,0.0,0.0,0.0,0.0,0.0,0.0,0.0,0.0,0.0
288.0444444444444,OLD,4256.948199754631,0.0014174192083947661,0.0,0.0,0.0,0.0,0.0,0.0,0.0,0.0,0.0
294.0444444444444,OLD,4259.342059620129,0.0013410373440120073,0.0,0.0,0.0,0.0,0.0,0.0,0.0,0.0,0.0
300.0444444444444,OLD,4261.349813232353,0.0012685682642143987,0.0,0.0,0.0,0.0,0.0,0.0,0.0,0.0,0.0
306.0444444444444,OLD,4263.030507115587,0.0012001168469868595,0.0,0.0,0.0,0.0,0.0,0.0,0.0,0.0,0.0
312.0444444444444,OLD,4264.4104767961,0.001135418152680489,0.0,0.0,0.0,0.0,0.0,0.0,0.0,0.0,0.0
318.0444444444444,OLD,4265.522802821781,0.0010744401864371254,0.0,0.0,0.0,0.0,0.0,0.0,0.0,0.0,0.0
324.0444444444444,OLD,4266.377004791699,0.0010170119975053827,0.0,0.0,0.0,0.0,0.0,0.0,0.0,0.0,0.0
330.0444444444444,OLD,4267.000969366471,0.000963064265994589,0.0,0.0,0.0,0.0,0.0,0.0,0.0,0.0,0.0
336.0444444444444,OLD,4267.4960234197115,0.0009128328641497375,0.0,0.0,0.0,0.0,0.0,0.0,0.0,0.0,0.0
342.0444444444444,OLD,4267.897302116053,0.0008659241733212441,0.0,0.0,0.0,0.0,0.0,0.0,0.0,0.0,0.0
348.0444444444444,OLD,4268.235127152527,0.0008219349314921037,0.0,0.0,0.0,0.0,0.0,0.0,0.0,0.0,0.0
354.0444444444444,OLD,4268.516989789661,0.0007806331503932303,0.0,0.0,0.0,0.0,0.0,0.0,0.0,0.0,0.0
360.0444444444444,OLD,4268.731696729608,0.0007416287905316527,0.0,0.0,0.0,0.0,0.0,0.0,0.0,0.0,0.0
366.0444444444444,OLD,4268.887971344568,0.0007049124918622405,0.0,0.0,0.0,0.0,0.0,0.0,0.0,0.0,0.0
372.0444444444444,OLD,4268.925477422315,0.0006700204823897001,0.0,0.0,0.0,0.0,0.0,0.0,0.0,0.0,0.0
378.0444444444444,OLD,4268.860958402536,0.000637088793762346,0.0,0.0,0.0,0.0,0.0,0.0,0.0,0.0,0.0
384.0444444444444,OLD,4268.636910070497,0.0006057151276419682,0.0,0.0,0.0,0.0,0.0,0.0,0.0,0.0,0.0
390.0444444444444,OLD,4268.288848091568,0.000576010887860001,0.0,0.0,0.0,0.0,0.0,0.0,0.0,0.0,0.0
396.0444444444444,OLD,4267.783813288274,0.0005476887764182987,0.0,0.0,0.0,0.0,0.0,0.0,0.0,0.0,0.0
402.0444444444444,OLD,4267.15672684293,0.0005207727666786632,0.0,0.0,0.0,0.0,0.0,0.0,0.0,0.0,0.0
408.0444444444444,OLD,4266.402101631805,0.0004950999464378568,0.0,0.0,0.0,0.0,0.0,0.0,0.0,0.0,0.0
414.0444444444444,OLD,4265.537492138317,0.0004706029411297479,0.0,0.0,0.0,0.0,0.0,0.0,0.0,0.0,0.0
420.0444444444444,OLD,4264.575766503596,0.000447257998923817,0.0,0.0,0.0,0.0,0.0,0.0,0.0,0.0,0.0
426.0444444444444,OLD,4263.515581506515,0.00042492631260880137,0.0,0.0,0.0,0.0,0.0,0.0,0.0,0.0,0.0
432.0444444444444,OLD,4262.376300415923,0.00040364076909273197,0.0,0.0,0.0,0.0,0.0,0.0,0.0,0.0,0.0
438.0444444444444,OLD,4261.147526225645,0.00038328421204243126,0.0,0.0,0.0,0.0,0.0,0.0,0.0,0.0,0.0
444.0444444444444,OLD,4259.849550831175,0.00036389082352289225,0.0,0.0,0.0,0.0,0.0,0.0,0.0,0.0,0.0
450.0444444444444,OLD,4258.470588344827,0.0003453785549125976,0.0,0.0,0.0,0.0,0.0,0.0,0.0,0.0,0.0
456.0444444444444,OLD,4257.027963966197,0.00032776145513619255,0.0,0.0,0.0,0.0,0.0,0.0,0.0,0.0,0.0
462.0444444444444,OLD,4255.509949228147,0.0003109649210736206,0.0,0.0,0.0,0.0,0.0,0.0,0.0,0.0,0.0
468.0444444444444,OLD,4253.934829369096,0.00029504948419477425,0.0,0.0,0.0,0.0,0.0,0.0,0.0,0.0,0.0
474.0444444444444,OLD,4252.28848483213,0.0002799248946511051,0.0,0.0,0.0,0.0,0.0,0.0,0.0,0.0,0.0
480.0,OLD,4250.623664575176,0.0002656676662496581,0.0,0.0,0.0,0.0,0.0,0.0,0.0,0.0,0.0
486.02222222222224,OLD,4248.908200098611,0.0002521795759450525,0.0,0.0,0.0,0.0,0.0,0.0,0.0,0.0,0.0
492.0111111111111,OLD,4247.307271450979,0.00023974330086600247,0.0,0.0,0.0,0.0,0.0,0.0,0.0,0.0,0.0
498.0111111111111,OLD,4245.830574675067,0.00022815952677737503,0.0,0.0,0.0,0.0,0.0,0.0,0.0,0.0,0.0
504.0111111111111,OLD,4244.817935400986,0.00021772382096272672,0.0,0.0,0.0,0.0,0.0,0.0,0.0,0.0,0.0
510.0111111111111,OLD,4246.644513055582,0.00021008946576790997,0.0,0.0,0.0,0.0,0.0,0.0,0.0,0.0,0.0
516.0111111111111,OLD,4252.662491793715,0.000205441381904761,0.0,0.0,0.0,0.0,0.0,0.0,0.0,0.0,0.0
522.0111111111111,OLD,4262.317937988859,0.00020262810377641964,0.0,0.0,0.0,0.0,0.0,0.0,0.0,0.0,0.0
528.0111111111111,OLD,4275.5844268826,0.00020142214561196783,0.0,0.0,0.0,0.0,0.0,0.0,0.0,0.0,0.0
534.0111111111111,OLD,4293.028225590266,0.00020236516765680752,0.0,0.0,0.0,0.0,0.0,0.0,0.0,0.0,0.0
540.0111111111111,OLD,4314.802695493923,0.00020629829881870318,0.0,0.0,0.0,0.0,0.0,0.0,0.0,0.0,0.0
546.0111111111111,OLD,4340.276976377845,0.0002141052305476133,0.0,0.0,0.0,0.0,0.0,0.0,0.0,0.0,0.0
552.0111111111111,OLD,4368.059500195475,0.00022742085347233904,0.0,0.0,0.0,0.0,0.0,0.0,0.0,0.0,0.0
558.0111111111111,OLD,4395.8347679543795,0.0002482009090245093,0.0,0.0,0.0,0.0,0.0,0.0,0.0,0.0,0.0
564.0111111111111,OLD,4421.162513827104,0.0002788184526566005,0.0,0.0,0.0,0.0,0.0,0.0,0.0,0.0,0.0
570.0111111111111,OLD,4442.762778948543,0.00032229288047441073,0.0,0.0,0.0,0.0,0.0,0.0,0.0,0.0,0.0
576.0111111111111,OLD,4460.747600649091,0.00038186740278444304,0.0,0.0,0.0,0.0,0.0,0.0,0.0,0.0,0.0
582.0083333333333,OLD,4475.576429161606,0.00045997710719012855,0.0,0.0,0.0,0.0,0.0,0.0,0.0,0.0,0.0
588.0138888888889,OLD,4486.437024065683,0.0005527113802122373,0.0,0.0,0.0,0.0,0.0,0.0,0.0,0.0,0.0
594.0138888888889,OLD,4492.347771100864,0.0006532877763206278,0.0,0.0,0.0,0.0,0.0,0.0,0.0,0.0,0.0
600.0805555555555,OLD,4494.077119106434,0.0007573106973612776,0.0,0.0,0.0,0.0,0.0,0.0,0.0,0.0,0.0
606.0305555555556,OLD,4492.913148172681,0.0008620453279176967,0.0,0.0,0.0,0.0,0.0,0.0,0.0,0.0,0.0
612.0527777777778,OLD,4490.038766715892,0.0009727038425738547,0.0,0.0,0.0,0.0,0.0,0.0,0.0,0.0,0.0
618.0083333333333,OLD,4486.301829810959,0.0010867155275301756,0.0,0.0,0.0,0.0,0.0,0.0,0.0,0.0,0.0
624.0305555555556,OLD,4482.047766962443,0.0012051064962550957,0.0,0.0,0.0,0.0,0.0,0.0,0.0,0.0,0.0
630.0611111111111,OLD,4477.508682787098,0.001324929587510086,0.0,0.0,0.0,0.0,0.0,0.0,0.0,0.0,0.0
636.025,OLD,4472.837435520705,0.001442522652722234,0.0,0.0,0.0,0.0,0.0,0.0,0.0,0.0,0.0
642.0722222222222,OLD,4467.934971134993,0.0015586920298909413,0.0,0.0,0.0,0.0,0.0,0.0,0.0,0.0,0.0
648.0611111111111,OLD,4462.92490688996,0.0016681042794094672,0.0,0.0,0.0,0.0,0.0,0.0,0.0,0.0,0.0
654.0611111111111,OLD,4457.744056180347,0.001769687185990251,0.0,0.0,0.0,0.0,0.0,0.0,0.0,0.0,0.0
660.0611111111111,OLD,4452.413560730989,0.0018614967059315012,0.0,0.0,0.0,0.0,0.0,0.0,0.0,0.0,0.0
666.0611111111111,OLD,4446.9658216402895,0.0019419824095108645,0.0,0.0,0.0,0.0,0.0,0.0,0.0,0.0,0.0
672.0611111111111,OLD,4441.436496491386,0.0020102437477746886,0.0,0.0,0.0,0.0,0.0,0.0,0.0,0.0,0.0
678.0611111111111,OLD,4435.851615427178,0.002068138810583201,0.0,0.0,0.0,0.0,0.0,0.0,0.0,0.0,0.0
684.0611111111111,OLD,4430.223766641151,0.0021155258988402614,0.0,0.0,0.0,0.0,0.0,0.0,0.0,0.0,0.0
690.0611111111111,OLD,4424.571992002953,0.002153882023081371,0.0,0.0,0.0,0.0,0.0,0.0,0.0,0.0,0.0
696.0611111111111,OLD,4418.931531771326,0.00218494358319032,0.0,0.0,0.0,0.0,0.0,0.0,0.0,0.0,0.0
702.0611111111111,OLD,4413.345113217027,0.002208787496294573,0.0,0.0,0.0,0.0,0.0,0.0,0.0,0.0,0.0
708.0611111111111,OLD,4407.859760613873,0.002224137296755546,0.0,0.0,0.0,0.0,0.0,0.0,0.0,0.0,0.0
714.0611111111111,OLD,4402.520260678295,0.00223079631092427,0.0,0.0,0.0,0.0,0.0,0.0,0.0,0.0,0.0
720.0611111111111,OLD,4397.353515891198,0.0022287040504419624,0.0,0.0,0.0,0.0,0.0,0.0,0.0,0.0,0.0
726.0611111111111,OLD,4392.352012605922,0.002217564765736096,0.0,0.0,0.0,0.0,0.0,0.0,0.0,0.0,0.0
732.0611111111111,OLD,4387.473946232349,0.0021983900343696392,0.0,0.0,0.0,0.0,0.0,0.0,0.0,0.0,0.0
738.0611111111111,OLD,4382.761367933245,0.0021734389409298607,0.0,0.0,0.0,0.0,0.0,0.0,0.0,0.0,0.0
744.0611111111111,OLD,4378.246939390842,0.002143185815908187,0.0,0.0,0.0,0.0,0.0,0.0,0.0,0.0,0.0
750.0611111111111,OLD,4373.92899671637,0.0021080320939054174,0.0,0.0,0.0,0.0,0.0,0.0,0.0,0.0,0.0
756.0611111111111,OLD,4369.801381887384,0.0020686067615392836,0.0,0.0,0.0,0.0,0.0,0.0,0.0,0.0,0.0
762.0611111111111,OLD,4365.828785274557,0.002025193610393287,0.0,0.0,0.0,0.0,0.0,0.0,0.0,0.0,0.0
768.0611111111111,OLD,4361.972840191327,0.0019779497311984955,0.0,0.0,0.0,0.0,0.0,0.0,0.0,0.0,0.0
774.0611111111111,OLD,4358.204262277162,0.001927998330059362,0.0,0.0,0.0,0.0,0.0,0.0,0.0,0.0,0.0
780.0611111111111,OLD,4354.453549278712,0.0018753857603187227,0.0,0.0,0.0,0.0,0.0,0.0,0.0,0.0,0.0
786.0611111111111,OLD,4350.71203256509,0.0018211206480531492,0.0,0.0,0.0,0.0,0.0,0.0,0.0,0.0,0.0
792.0611111111111,OLD,4346.967101752962,0.0017656039060332137,0.0,0.0,0.0,0.0,0.0,0.0,0.0,0.0,0.0
798.0611111111111,OLD,4343.19369818842,0.0017087863980804524,0.0,0.0,0.0,0.0,0.0,0.0,0.0,0.0,0.0
804.0611111111111,OLD,4339.427975271747,0.0016516341876188583,0.0,0.0,0.0,0.0,0.0,0.0,0.0,0.0,0.0
810.0611111111111,OLD,4335.661749539251,0.0015941863242240981,0.0,0.0,0.0,0.0,0.0,0.0,0.0,0.0,0.0
816.0611111111111,OLD,4331.9039675451195,0.0015366916409804304,0.0,0.0,0.0,0.0,0.0,0.0,0.0,0.0,0.0
822.0611111111111,OLD,4328.171544836605,0.0014797258691192803,0.0,0.0,0.0,0.0,0.0,0.0,0.0,0.0,0.0
828.0611111111111,OLD,4324.449588588463,0.0014228195200562393,0.0,0.0,0.0,0.0,0.0,0.0,0.0,0.0,0.0
834.0611111111111,OLD,4320.752497066177,0.001366696825605815,0.0,0.0,0.0,0.0,0.0,0.0,0.0,0.0,0.0
840.0611111111111,OLD,4317.073332985033,0.00131146265200325,0.0,0.0,0.0,0.0,0.0,0.0,0.0,0.0,0.0
846.0611111111111,OLD,4313.409502732605,0.0012572288790116959,0.0,0.0,0.0,0.0,0.0,0.0,0.0,0.0,0.0
852.0611111111111,OLD,4309.767060560537,0.0012043903252380705,0.0,0.0,0.0,0.0,0.0,0.0,0.0,0.0,0.0
858.0611111111111,OLD,4306.132292800093,0.001152810165065156,0.0,0.0,0.0,0.0,0.0,0.0,0.0,0.0,0.0
864.0611111111111,OLD,4302.521494500101,0.001102879579405158,0.0,0.0,0.0,0.0,0.0,0.0,0.0,0.0,0.0
870.0611111111111,OLD,4298.917688170261,0.0010545169641526506,0.0,0.0,0.0,0.0,0.0,0.0,0.0,0.0,0.0
876.0611111111111,OLD,4295.336629641045,0.0010080270255085654,0.0,0.0,0.0,0.0,0.0,0.0,0.0,0.0,0.0
882.0611111111111,OLD,4291.763369334512,0.0009633252751256792,0.0,0.0,0.0,0.0,0.0,0.0,0.0,0.0,0.0
888.0611111111111,OLD,4288.208761928367,0.0009206260624317874,0.0,0.0,0.0,0.0,0.0,0.0,0.0,0.0,0.0
894.0611111111111,OLD,4284.662869526936,0.0008799071256713311,0.0,0.0,0.0,0.0,0.0,0.0,0.0,0.0,0.0
900.0611111111111,OLD,4281.129772136379,0.0008413340302163265,0.0,0.0,0.0,0.0,0.0,0.0,0.0,0.0,0.0
906.0611111111111,OLD,4277.604112231178,0.0008048769296756837,0.0,0.0,0.0,0.0,0.0,0.0,0.0,0.0,0.0
912.0611111111111,OLD,4274.088254037015,0.0007706292535148881,0.0,0.0,0.0,0.0,0.0,0.0,0.0,0.0,0.0
918.0611111111111,OLD,4270.573909713561,0.0007385381666911653,0.0,0.0,0.0,0.0,0.0,0.0,0.0,0.0,0.0
924.0611111111111,OLD,4267.0663412808135,0.0007087108081500542,0.0,0.0,0.0,0.0,0.0,0.0,0.0,0.0,0.0
930.0611111111111,OLD,4263.551259074817,0.0006809601134360153,0.0,0.0,0.0,0.0,0.0,0.0,0.0,0.0,0.0
936.0611111111111,OLD,4260.029865242917,0.0006553909508382396,0.0,0.0,0.0,0.0,0.0,0.0,0.0,0.0,0.0
942.0611111111111,OLD,4256.488295191411,0.0006318449986000687,0.0,0.0,0.0,0.0,0.0,0.0,0.0,0.0,0.0
948.0611111111111,OLD,4252.909559404278,0.0006103800326533912,0.0,0.0,0.0,0.0,0.0,0.0,0.0,0.0,0.0
954.0611111111111,OLD,4249.2817104862015,0.0005908851636406052,0.0,0.0,0.0,0.0,0.0,0.0,0.0,0.0,0.0
960.0,OLD,4245.604520874913,0.0005733324562111441,0.0,0.0,0.0,0.0,0.0,0.0,0.0,0.0,0.0
966.0361111111112,OLD,4241.805633479376,0.0005575446656616718,0.0,0.0,0.0,0.0,0.0,0.0,0.0,0.0,0.0
972.0083333333333,OLD,4238.028240881014,0.000544080559633581,0.0,0.0,0.0,0.0,0.0,0.0,0.0,0.0,0.0
978.0444444444445,OLD,4234.101112327134,0.0005322768061488628,0.0,0.0,0.0,0.0,0.0,0.0,0.0,0.0,0.0
984.0444444444445,OLD,4229.9527517870265,0.0005229027096261087,0.0,0.0,0.0,0.0,0.0,0.0,0.0,0.0,0.0
990.0444444444445,OLD,4226.85884150231,0.000677509885039305,0.0,0.0,0.0,0.0,0.0,0.0,0.0,0.0,0.0
996.0444444444445,OLD,4228.158676413816,0.0007592408545714459,0.0,0.0,0.0,0.0,0.0,0.0,0.0,0.0,0.0
1002.0444444444445,OLD,4233.818199658941,0.0008645276857685809,0.0,0.0,0.0,0.0,0.0,0.0,0.0,0.0,0.0
1008.0444444444445,OLD,4243.621225820958,0.0010812601482216363,0.0,0.0,0.0,0.0,0.0,0.0,0.0,0.0,0.0
1014.0444444444445,OLD,4257.102736658595,0.0013777303042173152,0.0,0.0,0.0,0.0,0.0,0.0,0.0,0.0,0.0
1020.0444444444445,OLD,4274.581356030379,0.0017728580210719972,0.0,0.0,0.0,0.0,0.0,0.0,0.0,0.0,0.0
1026.0444444444445,OLD,4296.939101774626,0.0023032680153306138,0.0,0.0,0.0,0.0,0.0,0.0,0.0,0.0,0.0
1032.0444444444445,OLD,4323.850195023215,0.0029937381334976666,0.0,0.0,0.0,0.0,0.0,0.0,0.0,0.0,0.0
1038.0444444444445,OLD,4352.962812336468,0.003854582618808805,0.0,0.0,0.0,0.0,0.0,0.0,0.0,0.0,0.0
1044.0444444444445,OLD,4382.013185175387,0.004892881144184079,0.0,0.0,0.0,0.0,0.0,0.0,0.0,0.0,0.0
1050.0444444444445,OLD,4409.869711915665,0.006103264834465406,0.0,0.0,0.0,0.0,0.0,0.0,0.0,0.0,0.0
1056.0444444444445,OLD,4435.542844296812,0.007468686750217499,0.0,0.0,0.0,0.0,0.0,0.0,0.0,0.0,0.0
1062.036111111111,OLD,4457.800511690697,0.008964144190035949,0.0,0.0,0.0,0.0,0.0,0.0,0.0,0.0,0.0
1068.0305555555556,OLD,4475.959735291342,0.01056155768691468,0.0,0.0,0.0,0.0,0.0,0.0,0.0,0.0,0.0
1074.0333333333333,OLD,4488.936804074746,0.012152153326422997,0.0,0.0,0.0,0.0,0.0,0.0,0.0,0.0,0.0
1080.0694444444443,OLD,4496.425237269474,0.01363056792411561,0.0,0.0,0.0,0.0,0.0,0.0,0.0,0.0,0.0
1086.0527777777777,OLD,4499.1145219901155,0.01487657104927579,0.0,0.0,0.0,0.0,0.0,0.0,0.0,0.0,0.0
1092.0527777777777,OLD,4498.470770363436,0.01594504037777543,0.0,0.0,0.0,0.0,0.0,0.0,0.0,0.0,0.0
1098.0527777777777,OLD,4495.734524804707,0.016837624882806133,0.0,0.0,0.0,0.0,0.0,0.0,0.0,0.0,0.0
1104.0527777777777,OLD,4491.738302920745,0.01753155264262012,0.0,0.0,0.0,0.0,0.0,0.0,0.0,0.0,0.0
1110.0527777777777,OLD,4486.965482806596,0.018007646439634036,0.0,0.0,0.0,0.0,0.0,0.0,0.0,0.0,0.0
1116.0527777777777,OLD,4481.709167677674,0.018281226535455792,0.0,0.0,0.0,0.0,0.0,0.0,0.0,0.0,0.0
1122.0527777777777,OLD,4476.140583684028,0.018374433840035814,0.0,0.0,0.0,0.0,0.0,0.0,0.0,0.0,0.0
1128.0527777777777,OLD,4470.369496706657,0.01830840946797974,0.0,0.0,0.0,0.0,0.0,0.0,0.0,0.0,0.0
1134.0527777777777,OLD,4464.4645242665265,0.018100742342083455,0.0,0.0,0.0,0.0,0.0,0.0,0.0,0.0,0.0
1140.0527777777777,OLD,4458.466899975436,0.0177677267157799,0.0,0.0,0.0,0.0,0.0,0.0,0.0,0.0,0.0
1146.0527777777777,OLD,4452.399880029239,0.01734003850557652,0.0,0.0,0.0,0.0,0.0,0.0,0.0,0.0,0.0
1152.0527777777777,OLD,4446.277901398435,0.016841257310807912,0.0,0.0,0.0,0.0,0.0,0.0,0.0,0.0,0.0
1158.0527777777777,OLD,4440.113194271869,0.016292932486862713,0.0,0.0,0.0,0.0,0.0,0.0,0.0,0.0,0.0
1164.0527777777777,OLD,4433.9199822628525,0.01571277766861518,0.0,0.0,0.0,0.0,0.0,0.0,0.0,0.0,0.0
1170.0527777777777,OLD,4427.718671363264,0.015123216613081856,0.0,0.0,0.0,0.0,0.0,0.0,0.0,0.0,0.0
1176.0527777777777,OLD,4421.573217882339,0.014538428905896496,0.0,0.0,0.0,0.0,0.0,0.0,0.0,0.0,0.0
1182.0527777777777,OLD,4415.649867636877,0.013967442923884386,0.0,0.0,0.0,0.0,0.0,0.0,0.0,0.0,0.0
1188.0527777777777,OLD,4410.056955957036,0.013406789696311823,0.0,0.0,0.0,0.0,0.0,0.0,0.0,0.0,0.0
1194.0527777777777,OLD,4404.821511614622,0.012848402848576121,0.0,0.0,0.0,0.0,0.0,0.0,0.0,0.0,0.0
1200.0527777777777,OLD,4399.916413480141,0.012291411143425246,0.0,0.0,0.0,0.0,0.0,0.0,0.0,0.0,0.0
1206.0527777777777,OLD,4395.275537052915,0.01173630548193863,0.0,0.0,0.0,0.0,0.0,0.0,0.0,0.0,0.0
1212.0527777777777,OLD,4390.825846439769,0.011188710587667456,0.0,0.0,0.0,0.0,0.0,0.0,0.0,0.0,0.0
1218.0527777777777,OLD,4386.464618480988,0.010650885621450409,0.0,0.0,0.0,0.0,0.0,0.0,0.0,0.0,0.0
1224.0527777777777,OLD,4382.109017970945,0.010124716960654227,0.0,0.0,0.0,0.0,0.0,0.0,0.0,0.0,0.0
1230.0527777777777,OLD,4377.73736832547,0.009615648987796072,0.0,0.0,0.0,0.0,0.0,0.0,0.0,0.0,0.0
1236.0527777777777,OLD,4373.330317529162,0.009124413373184433,0.0,0.0,0.0,0.0,0.0,0.0,0.0,0.0,0.0
1242.0527777777777,OLD,4368.884909697403,0.00865099162302185,0.0,0.0,0.0,0.0,0.0,0.0,0.0,0.0,0.0
1248.0527777777777,OLD,4364.4320209268535,0.008197170842271808,0.0,0.0,0.0,0.0,0.0,0.0,0.0,0.0,0.0
1254.0527777777777,OLD,4359.985042526314,0.007763074925747365,0.0,0.0,0.0,0.0,0.0,0.0,0.0,0.0,0.0
1260.0527777777777,OLD,4355.546182229557,0.007347003472029161,0.0,0.0,0.0,0.0,0.0,0.0,0.0,0.0,0.0
1266.0527777777777,OLD,4351.131695523002,0.006949883562587495,0.0,0.0,0.0,0.0,0.0,0.0,0.0,0.0,0.0
1272.0527777777777,OLD,4346.7411504168485,0.006571235050370471,0.0,0.0,0.0,0.0,0.0,0.0,0.0,0.0,0.0
1278.0527777777777,OLD,4342.366922885962,0.006210323253317151,0.0,0.0,0.0,0.0,0.0,0.0,0.0,0.0,0.0
1284.0527777777777,OLD,4338.018689287857,0.005867481600602407,0.0,0.0,0.0,0.0,0.0,0.0,0.0,0.0,0.0
1290.0527777777777,OLD,4333.682258433648,0.005541111387770402,0.0,0.0,0.0,0.0,0.0,0.0,0.0,0.0,0.0
1296.0527777777777,OLD,4329.364678391064,0.005231612905519153,0.0,0.0,0.0,0.0,0.0,0.0,0.0,0.0,0.0
1302.0527777777777,OLD,4325.061767902446,0.004938297078028398,0.0,0.0,0.0,0.0,0.0,0.0,0.0,0.0,0.0
1308.0527777777777,OLD,4320.774067254854,0.004660615085693808,0.0,0.0,0.0,0.0,0.0,0.0,0.0,0.0,0.0
1314.0527777777777,OLD,4316.499800775615,0.004397998652139501,0.0,0.0,0.0,0.0,0.0,0.0,0.0,0.0,0.0
1320.0527777777777,OLD,4312.241317125159,0.0041499576892364935,0.0,0.0,0.0,0.0,0.0,0.0,0.0,0.0,0.0
1326.0527777777777,OLD,4307.99602284102,0.003915815989399412,0.0,0.0,0.0,0.0,0.0,0.0,0.0,0.0,0.0
1332.0527777777777,OLD,4303.76386015832,0.0036951017299648083,0.0,0.0,0.0,0.0,0.0,0.0,0.0,0.0,0.0
1338.0527777777777,OLD,4299.546421782401,0.003487362696541196,0.0,0.0,0.0,0.0,0.0,0.0,0.0,0.0,0.0
1344.0527777777777,OLD,4295.332569864676,0.0032917813814425274,0.0,0.0,0.0,0.0,0.0,0.0,0.0,0.0,0.0
1350.0527777777777,OLD,4291.130067570883,0.0031081706544653673,0.0,0.0,0.0,0.0,0.0,0.0,0.0,0.0,0.0
1356.0527777777777,OLD,4286.91532405478,0.002935630010585296,0.0,0.0,0.0,0.0,0.0,0.0,0.0,0.0,0.0
1362.0527777777777,OLD,4282.698604872898,0.0027740755167557736,0.0,0.0,0.0,0.0,0.0,0.0,0.0,0.0,0.0
1368.0527777777777,OLD,4278.442794881822,0.0026224311306505183,0.0,0.0,0.0,0.0,0.0,0.0,0.0,0.0,0.0
1374.0527777777777,OLD,4274.149512753676,0.002480395003236475,0.0,0.0,0.0,0.0,0.0,0.0,0.0,0.0,0.0
1380.0527777777777,OLD,4269.7675052143795,0.002347063960763444,0.0,0.0,0.0,0.0,0.0,0.0,0.0,0.0,0.0
1386.0527777777777,OLD,4265.275143742061,0.0022221980248735467,0.0,0.0,0.0,0.0,0.0,0.0,0.0,0.0,0.0
1392.0527777777777,OLD,4260.601757651532,0.0021049931835025164,0.0,0.0,0.0,0.0,0.0,0.0,0.0,0.0,0.0
1398.0527777777777,OLD,4255.678152533128,0.0019949925823612123,0.0,0.0,0.0,0.0,0.0,0.0,0.0,0.0,0.0
1404.0527777777777,OLD,4250.383524110304,0.0018917398630135403,0.0,0.0,0.0,0.0,0.0,0.0,0.0,0.0,0.0
1410.0527777777777,OLD,4244.575009833373,0.0017950253572994756,0.0,0.0,0.0,0.0,0.0,0.0,0.0,0.0,0.0
1416.0527777777777,OLD,4238.07946266076,0.001705446471839947,0.0,0.0,0.0,0.0,0.0,0.0,0.0,0.0,0.0
1422.0527777777777,OLD,4230.633615274254,0.001629025984228462,0.0,0.0,0.0,0.0,0.0,0.0,0.0,0.0,0.0
1428.0527777777777,OLD,4221.9561881398695,0.0016422125311368635,0.0,0.0,0.0,0.0,0.0,0.0,0.0,0.0,0.0
1434.0527777777777,OLD,4211.89985071328,0.002142535741701649,0.0,0.0,0.0,0.0,0.0,0.0,0.0,0.0,0.0
1440.0,OLD,4200.3456550339115,0.004136137150418792,0.0,0.0,0.0,0.0,0.0,0.0,0.0,0.0,0.0
1441.0416666666667,C4,4198.1386528105195,0.004739019432030314,0.0,0.0,0.0,0.0,0.0,0.0,0.0,0.0,0.0
1442.013888888889,C4,4196.03335613139,0.005384610384303726,0.0,0.0,0.0,0.0,0.0,0.0,0.0,0.0,0.0
1443.0055555555555,C4,4193.8365669339955,0.0061294195366711594,0.0,0.0,0.0,0.0,0.0,0.0,0.0,0.0,0.0
1444.0,C4,4191.5893477640275,0.006990878167478619,1.482181403875586,0.00035360844799031774,0.035360844799031774,0.0,0.0,0.0,0.0,0.0,0.0
1445.0,C4,4189.287066122127,0.00797520453165601,8.45531211778486,0.0020183176717969917,0.20183176717969917,0.0,0.0,0.0,0.0,0.0,0.0
1446.0111111111112,C4,4186.909149352083,0.009093543062665294,9.749022404000174,0.002328453294838943,0.2328453294838943,0.0,0.0,0.0,0.0,0.0,0.0
1447.0416666666667,C4,4184.435232584849,0.010363493990941284,19.893176268716037,0.004754088703250746,0.4754088703250746,0.0,0.0,0.0,0.0,0.0,0.0
1448.0388888888888,C4,4181.9960335573705,0.011717811371848,21.47642012749823,0.005135447273303495,0.5135447273303495,0.0,0.0,0.0,0.0,0.0,0.0
1449.0,C4,4179.597543227024,0.01314804386828424,30.669504214026283,0.007337908470093193,0.7337908470093193,0.0,0.0,0.0,0.0,0.0,0.0
1450.0333333333333,C4,4176.973003730722,0.01482412262566096,34.69019397576558,0.008305103706627156,0.8305103706627156,0.0,0.0,0.0,0.0,0.0,0.0
1451.0166666666667,C4,4174.429688755368,0.01655978419993352,46.059408198981835,0.011033700800627147,1.1033700800627146,0.0,0.0,0.0,0.0,0.0,0.0
1452.0583333333334,C4,4171.681633860723,0.018558165129366828,49.545939501874805,0.011876730740840844,1.1876730740840844,0.0,0.0,0.0,0.0,0.0,0.0
1453.0194444444444,C4,4169.11148718161,0.020540546947989072,60.564306856441156,0.014526909880595124,1.4526909880595125,0.0,0.0,0.0,0.0,0.0,0.0
1454.013888888889,C4,4166.39579531237,0.022752606638324378,64.56212748548748,0.015495917972585949,1.5495917972585949,0.0,0.0,0.0,0.0,0.0,0.0
1455.013888888889,C4,4163.6252710372755,0.025133238603929815,76.76198481750717,0.018436333680524428,1.8436333680524428,0.0,0.0,0.0,0.0,0.0,0.0
1456.013888888889,C4,4160.808212382616,0.02768093591360827,81.13909021130564,0.01950080034206689,1.950080034206689,0.0,0.0,0.0,0.0,0.0,0.0
1457.013888888889,C4,4157.9448556550105,0.03040161080623593,94.40851623901831,0.022705571987232602,2.2705571987232602,0.0,0.0,0.0,0.0,0.0,0.0
1458.013888888889,C4,4155.034938871672,0.03330139667007997,105.558173858913,0.02540488236846885,2.540488236846885,0.0,0.0,0.0,0.0,0.0,0.0
1459.013888888889,C4,4152.0769217644265,0.036385340307705634,115.53502565773843,0.02782583941355349,2.782583941355349,0.0,0.0,0.0,0.0,0.0,0.0
1460.013888888889,C4,4149.071314931098,0.03966136540676016,127.18158006994356,0.030653023391586515,3.0653023391586514,0.0,0.0,0.0,0.0,0.0,0.0
1461.013888888889,C4,4146.016973534537,0.04314379847376049,135.32033153758653,0.03263863423651738,3.2638634236517383,0.0,0.0,0.0,0.0,0.0,0.0
1462.013888888889,C4,4142.913940715929,0.04686286567107365,151.55066889911745,0.036580694426138205,3.6580694426138205,0.0,0.0,0.0,0.0,0.0,0.0
1463.013888888889,C4,4139.762907422681,0.05086789167760117,170.01640683138135,0.041069116911632404,4.106911691163241,0.0,0.0,0.0,0.0,0.0,0.0
1464.013888888889,C4,4136.562076209788,0.05519595607689941,182.67842433277207,0.04416189603037579,4.416189603037579,0.0,0.0,0.0,0.0,0.0,0.0
1465.013888888889,C4,4133.315735800346,0.05983956067423354,208.13711791768634,0.05035596872383235,5.035596872383235,0.0,0.0,0.0,0.0,0.0,0.0
1466.013888888889,C4,4130.072142253595,0.0647877241839902,229.29344691595065,0.05551802462967039,5.551802462967039,3.548375848023933,0.0008591558998985773,0.08591558998985774,0.0,0.0,0.0
1467.013888888889,C4,4126.920868841237,0.0700365598630541,252.05631060949764,0.061076119126139285,6.107611912613929,4.868941291927478,0.0011798000123260388,0.11798000123260388,0.0,0.0,0.0
1468.013888888889,C4,4123.908580609523,0.0755343849593433,280.55209805984384,0.06803062982021237,6.8030629820212365,9.412881664121967,0.002282514629053858,0.22825146290538578,0.0,0.0,0.0
1469.013888888889,C4,4121.017976701896,0.08121939259682134,305.5962106475894,0.07415551506333441,7.415551506333442,13.447766579792727,0.0032632147337913696,0.326321473379137,0.0,0.0,0.0
1470.013888888889,C4,4118.222933429304,0.08699981382345195,330.76444430565664,0.08031727510929679,8.031727510929679,18.199747793468845,0.0044193206845928685,0.44193206845928684,0.0,0.0,0.0
1471.013888888889,C4,4115.521099234539,0.09287690937568588,358.52864808928035,0.08711622160215979,8.71162216021598,23.158059526176235,0.00562700541870226,0.562700541870226,0.0,0.0,0.0
1472.013888888889,C4,4112.925169917759,0.098894545438272,381.7074345701727,0.09280680265277115,9.280680265277114,28.67049098151566,0.006970827281569274,0.6970827281569274,0.0,0.0,0.0
1473.013888888889,C4,4110.445585602431,0.10507934525394037,405.7517258131381,0.09871234574527782,9.871234574527781,35.573704082163246,0.008654464179447234,0.8654464179447233,0.0,0.0,0.0
1474.013888888889,C4,4108.085064315779,0.11144442565492071,431.93898559185095,0.10514363233220742,10.514363233220742,42.037485339770136,0.010232866331060669,1.0232866331060668,0.0,0.0,0.0
1475.013888888889,C4,4105.841884056798,0.11799181800345344,457.37047031360964,0.11139505203295905,11.139505203295904,47.16862088810682,0.011488172759712223,1.1488172759712223,0.0,0.0,0.0
1476.013888888889,C4,4103.719896956523,0.12470953618979688,483.8790705431295,0.11791230461464801,11.791230461464801,55.39850340481913,0.01349958203675275,1.3499582036752749,0.0,0.0,0.0
1477.013888888889,C4,4101.735155882202,0.13158304983963842,508.66841303340584,0.12401298321368615,12.401298321368614,62.45608318307448,0.015226746927701483,1.5226746927701482,0.0,0.0,0.0
1478.013888888889,C4,4099.908418946655,0.13859174195125445,538.0754155847185,0.13124083774606857,13.124083774606857,68.56567350396321,0.016723708555806974,1.6723708555806973,0.0,0.0,0.0
1479.013888888889,C4,4098.260061595351,0.14566895910186964,559.6763757523997,0.13656438765248383,13.656438765248383,76.04089769778926,0.018554434456311303,1.8554434456311304,0.0,0.0,0.0
1480.013888888889,C4,4096.8044623467995,0.1527639956750446,592.0576970892015,0.14451695279350707,14.451695279350707,85.63239928218354,0.020902242240072685,2.0902242240072684,0.0,0.0,0.0
1481.013888888889,C4,4095.5446089068305,0.15983774838163645,616.2009607897844,0.15045641535675003,15.045641535675003,90.92671817063552,0.022201374140301548,2.220137414030155,0.0,0.0,0.0
1482.013888888889,C4,4094.492609441787,0.16690891522682957,645.032076700274,0.15753651019245898,15.753651019245899,98.7734168020703,0.024123481521080667,2.4123481521080667,0.0,0.0,0.0
1483.013888888889,C4,4093.6457183771245,0.17393585411218163,679.1249106530286,0.16589733391053177,16.589733391053176,100.71516945867434,0.02460280551552019,2.460280551552019,0.0,0.0,0.0
1484.013888888889,C4,4093.002604116406,0.18090391388994914,714.6277073818561,0.174597423090604,17.4597423090604,103.33200575158128,0.02524601514977255,2.5246015149772547,0.0,0.0,0.0
1485.013888888889,C4,4092.5505892260317,0.1877861928803865,737.445745079224,0.18019221241164599,18.019221241164598,106.95384764482199,0.026133787552043118,2.613378755204312,0.0,0.0,0.0
1486.013888888889,C4,4092.2744137681566,0.1945477617844314,775.2141399812053,0.18943356715596937,18.943356715596938,108.6529887989324,0.026550758285753616,2.6550758285753617,0.0,0.0,0.0
1487.013888888889,C4,4092.1733885802114,0.20117653782494263,803.9312508584877,0.19645581321211159,19.645581321211157,106.56291567774744,0.02604066483964886,2.604066483964886,0.0,0.0,0.0
1488.013888888889,C4,4092.2499361174605,0.20765825367867777,827.245991955387,0.20214942998819865,20.214942998819865,101.71905711499046,0.02485651138197508,2.485651138197508,0.0,0.0,0.0
1489.013888888889,C4,4092.508426407802,0.21397455246969005,868.1061349387871,0.21212079353023278,21.212079353023277,94.22177223203693,0.023022987961136603,2.3022987961136603,0.0,0.0,0.0
1490.013888888889,C4,4092.9571902280504,0.22011908728580265,893.8552521067961,0.21838861501920387,21.838861501920388,84.11948466274998,0.020552251282663192,2.0552251282663194,0.0,0.0,0.0
1491.013888888889,C4,4093.6068899730103,0.22610088523047014,932.4862879626365,0.2277908731897763,22.77908731897763,70.08096367832864,0.017119612498695667,1.7119612498695667,0.0,0.0,0.0
1492.013888888889,C4,4094.4674038821922,0.2319258197202697,956.9513348471091,0.23371814706346675,23.371814706346676,56.51714980889936,0.013803297043056762,1.3803297043056761,0.0,0.0,0.0
1493.013888888889,C4,4095.5478146908054,0.2375949849216941,991.3693208970456,0.24206024828741726,24.206024828741725,37.51718770567451,0.009160480942524873,0.9160480942524872,0.0,0.0,0.0
1494.013888888889,C4,4096.85608905044,0.24312613088191937,1026.204944006187,0.25048596330949924,25.048596330949923,20.381844843127958,0.0049749965339524575,0.49749965339524577,0.0,0.0,0.0
1495.013888888889,C4,4098.3977829563955,0.24853039934827725,1064.1505445829198,0.2596503806946944,25.965038069469443,3.612996583417346,0.0008815631802365207,0.08815631802365208,0.0,0.0,0.0
1496.013888888889,C4,4100.175772319402,0.2538127417863106,1090.7159875461812,0.26601688515640903,26.6016885156409,0.0,0.0,0.0,0.0,0.0,0.0
1497.013888888889,C4,4102.19386671039,0.25900675641020465,1124.2032699749116,0.27404927863061407,27.404927863061406,0.0,0.0,0.0,0.0,0.0,0.0
1498.013888888889,C4,4104.452857499593,0.2641612350857531,1156.0039956734513,0.2816463084869445,28.16463084869445,0.0,0.0,0.0,0.0,0.0,0.0
1499.013888888889,C4,4106.961430269013,0.26948284946551393,1188.6100888884982,0.28941350170182684,28.941350170182684,0.0,0.0,0.0,0.0,0.0,0.0
1500.013888888889,C4,4109.72094951576,0.2749240189727006,1225.430257962703,0.29817845859025854,29.817845859025855,0.0,0.0,0.0,0.0,0.0,0.0
1501.013888888889,C4,4112.734069090524,0.2804160756359293,1257.590486009902,0.3057796747573327,30.57796747573327,0.0,0.0,0.0,0.0,0.0,0.0
1502.013888888889,C4,4116.008919333812,0.28588482468189325,1292.5119656664729,0.3140206911591605,31.40206911591605,0.0,0.0,0.0,0.0,0.0,0.0
1503.013888888889,C4,4119.555796242099,0.2912597995805069,1322.9633388948919,0.32114223094191674,32.11422309419167,0.0,0.0,0.0,0.0,0.0,0.0
1504.013888888889,C4,4123.395684367257,0.2965042987799297,1353.7037455125107,0.32829828838515634,32.82982883851563,0.0,0.0,0.0,0.0,0.0,0.0
1505.013888888889,C4,4127.554835966033,0.3015799150246431,1388.1185758025658,0.3363053020415375,33.63053020415375,0.0,0.0,0.0,0.0,0.0,0.0
1506.013888888889,C4,4132.060737704596,0.30645455805966587,1406.895248961317,0.34048271268705077,34.04827126870508,0.0,0.0,0.0,0.0,0.0,0.0
1507.013888888889,C4,4136.928758623628,0.31110351852415336,1430.477227904316,0.34578241767456525,34.578241767456525,0.0,0.0,0.0,0.0,0.0,0.0
1508.013888888889,C4,4142.157034238821,0.31548581902806766,1454.9175829108935,0.35124636050362945,35.124636050362945,0.0,0.0,0.0,0.0,0.0,0.0
1509.013888888889,C4,4147.738705830558,0.31956045362039176,1477.5860163453117,0.35623893430611725,35.62389343061172,0.0,0.0,0.0,0.0,0.0,0.0
1510.013888888889,C4,4153.664074310711,0.32332231838625336,1496.3914472871252,0.3602581770013376,36.025817700133764,0.0,0.0,0.0,0.0,0.0,0.0
1511.013888888889,C4,4159.882845976654,0.3267163864496049,1517.957393213334,0.36490388056997053,36.490388056997055,0.0,0.0,0.0,0.0,0.0,0.0
1512.013888888889,C4,4166.310752351846,0.32969045481272846,1530.075688174641,0.36724953540993716,36.72495354099372,0.0,0.0,0.0,0.0,0.0,0.0
1513.013888888889,C4,4172.861255617254,0.3321821027377146,1551.6816689516263,0.37185076950805546,37.185076950805545,0.0,0.0,0.0,0.0,0.0,0.0
1514.013888888889,C4,4179.50402731615,0.33417885569823474,1559.4494498588265,0.37311830295333387,37.31183029533339,0.0,0.0,0.0,0.0,0.0,0.0
1515.013888888889,C4,4186.226209124805,0.3356623189165431,1576.5836616409197,0.3766121520629743,37.661215206297435,0.0,0.0,0.0,0.0,0.0,0.0
1516.013888888889,C4,4193.017962666669,0.33662149276793346,1588.908088246918,0.37894139791292636,37.89413979129264,0.0,0.0,0.0,0.0,0.0,0.0
1517.013888888889,C4,4199.877119727629,0.3370746088246701,1590.3579144299824,0.3786677250531369,37.86677250531369,0.0,0.0,0.0,0.0,0.0,0.0
1518.013888888889,C4,4206.812697521253,0.3370995445866756,1595.2158191536037,0.3791982039261078,37.91982039261078,0.0,0.0,0.0,0.0,0.0,0.0
1519.013888888889,C4,4213.810210232374,0.3367219596638373,1605.0684485686916,0.3809066779208784,38.09066779208784,0.0,0.0,0.0,0.0,0.0,0.0
1520.013888888889,C4,4220.856879796664,0.33596937211003935,1602.7183802017332,0.37971398363996245,37.971398363996244,0.0,0.0,0.0,0.0,0.0,0.0
1521.013888888889,C4,4227.961054132784,0.33494150155847335,1596.1361904067453,0.37751913273811744,37.751913273811745,0.0,0.0,0.0,0.0,0.0,0.0
1522.013888888889,C4,4235.105245549356,0.3336705894450677,1601.5950817923517,0.37817125878405433,37.817125878405434,0.0,0.0,0.0,0.0,0.0,0.0
1523.013888888889,C4,4242.2762481913815,0.3321711176974375,1599.9824057617166,0.3771518666291099,37.71518666291099,0.0,0.0,0.0,0.0,0.0,0.0
1524.013888888889,C4,4249.48235140352,0.3305273186846574,1598.4983041551031,0.3761630645735358,37.61630645735358,0.0,0.0,0.0,0.0,0.0,0.0
1525.013888888889,C4,4256.702537081462,0.32874658438688986,1596.8605247228106,0.37514026662940647,37.514026662940644,0.0,0.0,0.0,0.0,0.0,0.0
1526.013888888889,C4,4263.932137682032,0.3268481559175983,1594.0252288732295,0.3738392585534387,37.38392585534387,0.0,0.0,0.0,0.0,0.0,0.0
1527.013888888889,C4,4271.17416038318,0.3248822529196314,1584.0128806872976,0.3708612248546641,37.08612248546641,0.0,0.0,0.0,0.0,0.0,0.0
1528.013888888889,C4,4278.406067621264,0.3228226134086179,1581.5765676403444,0.36966490385511247,36.96649038551125,0.0,0.0,0.0,0.0,0.0,0.0
1529.013888888889,C4,4285.632174421139,0.3206971030451468,1568.9036847505413,0.36608454036596205,36.60845403659621,0.0,0.0,0.0,0.0,0.0,0.0
1530.013888888889,C4,4292.831905737743,0.3184998477392248,1512.3502808641927,0.35229664568109575,35.22966456810958,0.0,0.0,0.0,0.0,0.0,0.0
1531.013888888889,C4,4300.018474809371,0.31627151474317544,1461.5738148030828,0.3398994267967366,33.98994267967366,0.0,0.0,0.0,0.0,0.0,0.0
1532.013888888889,C4,4307.181015703069,0.3139998224459322,1414.6030374229001,0.32842897297920787,32.842897297920786,0.0,0.0,0.0,0.0,0.0,0.0
1533.013888888889,C4,4314.308133228927,0.31167915698859866,1358.9932976535872,0.31499680961278154,31.499680961278152,0.0,0.0,0.0,0.0,0.0,0.0
1534.013888888889,C4,4321.396804509936,0.3093227160972762,1330.1163899221501,0.3077977908749323,30.77977908749323,0.0,0.0,0.0,0.0,0.0,0.0
1535.013888888889,C4,4328.430331379041,0.3069131137455405,1303.468686925909,0.30114119603043793,30.114119603043793,0.0,0.0,0.0,0.0,0.0,0.0
1536.013888888889,C4,4335.405857231556,0.30445966875206026,1274.9343421829917,0.29407496879591377,29.407496879591378,0.0,0.0,0.0,0.0,0.0,0.0
1537.013888888889,C4,4342.319870382558,0.3019755704400152,1236.060325840577,0.28465436972326963,28.465436972326962,0.0,0.0,0.0,0.0,0.0,0.0
1538.013888888889,C4,4349.161359654042,0.29943717079028537,1216.7353857235678,0.27976321987288927,27.976321987288927,0.0,0.0,0.0,0.0,0.0,0.0
1539.013888888889,C4,4355.933685719143,0.29687231449282186,1186.26957624141,0.2723341680178868,27.233416801788678,0.0,0.0,0.0,0.0,0.0,0.0
1540.013888888889,C4,4362.627797607263,0.2942624647219447,1151.5287818110687,0.2639530198846298,26.395301988462982,0.0,0.0,0.0,0.0,0.0,0.0
1541.075,C4,4369.636565338953,0.2914676107059989,1114.797855979099,0.25512370177921745,25.512370177921746,0.0,0.0,0.0,0.0,0.0,0.0
1542.075,C4,4376.168430851365,0.2887934480750107,1080.141892585303,0.24682365627667716,24.682365627667714,0.0,0.0,0.0,0.0,0.0,0.0
1543.075,C4,4382.620820818379,0.2860964037862345,1039.9301416266749,0.2372849909092719,23.72849909092719,0.0,0.0,0.0,0.0,0.0,0.0
1544.075,C4,4388.985866156283,0.2833667595790736,999.7676107746993,0.22779011855197884,22.779011855197883,0.0,0.0,0.0,0.0,0.0,0.0
1545.075,C4,4395.264771390017,0.2806224946180406,945.0135594574841,0.21500719720205172,21.500719720205172,0.0,0.0,0.0,0.0,0.0,0.0
1546.0166666666667,C4,4401.089139248458,0.27800199777903456,895.9055568135207,0.20356451061713962,20.356451061713962,0.0,0.0,0.0,0.0,0.0,0.0
1546.1583333333333,C4,4401.952651090669,0.2776051312923537,887.1475945186312,0.20153501521621847,20.15350152162185,0.0,0.0,0.0,0.0,0.0,0.0
