target_time_h,actual_snapshot_time_h,offset_h,offset_min,filename
0.000000,0.000000000000,0.000000000000,0.000000,drywell60d_6h_target00000.0h_actual00000.000000h.vtu
6.000000,6.023083333333,0.023083333333,1.385000,drywell60d_6h_target00006.0h_actual00006.023083h.vtu
12.000000,12.023083333333,0.023083333333,1.385000,drywell60d_6h_target00012.0h_actual00012.023083h.vtu
18.000000,18.023083333333,0.023083333333,1.385000,drywell60d_6h_target00018.0h_actual00018.023083h.vtu
24.000000,24.023083333333,0.023083333333,1.385000,drywell60d_6h_target00024.0h_actual00024.023083h.vtu
30.000000,30.023055555556,0.023055555556,1.383333,drywell60d_6h_target00030.0h_actual00030.023056h.vtu
36.000000,36.023055555556,0.023055555556,1.383333,drywell60d_6h_target00036.0h_actual00036.023056h.vtu
42.000000,42.023055555556,0.023055555556,1.383333,drywell60d_6h_target00042.0h_actual00042.023056h.vtu
48.000000,48.023055555556,0.023055555556,1.383333,drywell60d_6h_target00048.0h_actual00048.023056h.vtu
54.000000,54.023055555556,0.023055555556,1.383333,drywell60d_6h_target00054.0h_actual00054.023056h.vtu
60.000000,60.023055555556,0.023055555556,1.383333,drywell60d_6h_target00060.0h_actual00060.023056h.vtu
66.000000,66.023055555556,0.023055555556,1.383333,drywell60d_6h_target00066.0h_actual00066.023056h.vtu
72.000000,72.023055555556,0.023055555556,1.383333,drywell60d_6h_target00072.0h_actual00072.023056h.vtu
78.000000,78.023055555556,0.023055555556,1.383333,drywell60d_6h_target00078.0h_actual00078.023056h.vtu
84.000000,84.023055555556,0.023055555556,1.383333,drywell60d_6h_target00084.0h_actual00084.023056h.vtu
90.000000,90.023055555556,0.023055555556,1.383333,drywell60d_6h_target00090.0h_actual00090.023056h.vtu
96.000000,96.023055555556,0.023055555556,1.383333,drywell60d_6h_target00096.0h_actual00096.023056h.vtu
102.000000,102.023055555556,0.023055555556,1.383333,drywell60d_6h_target00102.0h_actual00102.023056h.vtu
108.000000,108.023055555556,0.023055555556,1.383333,drywell60d_6h_target00108.0h_actual00108.023056h.vtu
114.000000,114.023055555556,0.023055555556,1.383333,drywell60d_6h_target00114.0h_actual00114.023056h.vtu
120.000000,120.023055555556,0.023055555556,1.383333,drywell60d_6h_target00120.0h_actual00120.023056h.vtu
126.000000,126.023055555556,0.023055555556,1.383333,drywell60d_6h_target00126.0h_actual00126.023056h.vtu
132.000000,132.023055555556,0.023055555556,1.383333,drywell60d_6h_target00132.0h_actual00132.023056h.vtu
138.000000,138.023055555556,0.023055555556,1.383333,drywell60d_6h_target00138.0h_actual00138.023056h.vtu
144.000000,144.023055555556,0.023055555556,1.383333,drywell60d_6h_target00144.0h_actual00144.023056h.vtu
150.000000,150.023055555556,0.023055555556,1.383333,drywell60d_6h_target00150.0h_actual00150.023056h.vtu
156.000000,156.023055555556,0.023055555556,1.383333,drywell60d_6h_target00156.0h_actual00156.023056h.vtu
162.000000,162.023055555556,0.023055555556,1.383333,drywell60d_6h_target00162.0h_actual00162.023056h.vtu
168.000000,168.023055555556,0.023055555556,1.383333,drywell60d_6h_target00168.0h_actual00168.023056h.vtu
174.000000,174.023055555556,0.023055555556,1.383333,drywell60d_6h_target00174.0h_actual00174.023056h.vtu
180.000000,180.062777777778,0.062777777778,3.766667,drywell60d_6h_target00180.0h_actual00180.062778h.vtu
186.000000,186.034166666667,0.034166666667,2.050000,drywell60d_6h_target00186.0h_actual00186.034167h.vtu
192.000000,192.020000000000,0.020000000000,1.200000,drywell60d_6h_target00192.0h_actual00192.020000h.vtu
198.000000,198.030277777778,0.030277777778,1.816667,drywell60d_6h_target00198.0h_actual00198.030278h.vtu
204.000000,204.021388888889,0.021388888889,1.283333,drywell60d_6h_target00204.0h_actual00204.021389h.vtu
210.000000,210.093611111111,0.093611111111,5.616667,drywell60d_6h_target00210.0h_actual00210.093611h.vtu
216.000000,216.085555555556,0.085555555556,5.133333,drywell60d_6h_target00216.0h_actual00216.085556h.vtu
222.000000,222.068888888889,0.068888888889,4.133333,drywell60d_6h_target00222.0h_actual00222.068889h.vtu
228.000000,228.068888888889,0.068888888889,4.133333,drywell60d_6h_target00228.0h_actual00228.068889h.vtu
234.000000,234.068888888889,0.068888888889,4.133333,drywell60d_6h_target00234.0h_actual00234.068889h.vtu
240.000000,240.068888888889,0.068888888889,4.133333,drywell60d_6h_target00240.0h_actual00240.068889h.vtu
246.000000,246.068888888889,0.068888888889,4.133333,drywell60d_6h_target00246.0h_actual00246.068889h.vtu
252.000000,252.068888888889,0.068888888889,4.133333,drywell60d_6h_target00252.0h_actual00252.068889h.vtu
258.000000,258.068888888889,0.068888888889,4.133333,drywell60d_6h_target00258.0h_actual00258.068889h.vtu
264.000000,264.068888888889,0.068888888889,4.133333,drywell60d_6h_target00264.0h_actual00264.068889h.vtu
270.000000,270.068888888889,0.068888888889,4.133333,drywell60d_6h_target00270.0h_actual00270.068889h.vtu
276.000000,276.068888888889,0.068888888889,4.133333,drywell60d_6h_target00276.0h_actual00276.068889h.vtu
282.000000,282.069444444444,0.069444444444,4.166667,drywell60d_6h_target00282.0h_actual00282.069444h.vtu
288.000000,288.069444444444,0.069444444444,4.166667,drywell60d_6h_target00288.0h_actual00288.069444h.vtu
294.000000,294.069444444444,0.069444444444,4.166667,drywell60d_6h_target00294.0h_actual00294.069444h.vtu
300.000000,300.069444444444,0.069444444444,4.166667,drywell60d_6h_target00300.0h_actual00300.069444h.vtu
306.000000,306.069444444444,0.069444444444,4.166667,drywell60d_6h_target00306.0h_actual00306.069444h.vtu
312.000000,312.069444444444,0.069444444444,4.166667,drywell60d_6h_target00312.0h_actual00312.069444h.vtu
318.000000,318.069444444444,0.069444444444,4.166667,drywell60d_6h_target00318.0h_actual00318.069444h.vtu
324.000000,324.069444444444,0.069444444444,4.166667,drywell60d_6h_target00324.0h_actual00324.069444h.vtu
330.000000,330.069444444444,0.069444444444,4.166667,drywell60d_6h_target00330.0h_actual00330.069444h.vtu
336.000000,336.069444444444,0.069444444444,4.166667,drywell60d_6h_target00336.0h_actual00336.069444h.vtu
342.000000,342.069444444444,0.069444444444,4.166667,drywell60d_6h_target00342.0h_actual00342.069444h.vtu
348.000000,348.069444444444,0.069444444444,4.166667,drywell60d_6h_target00348.0h_actual00348.069444h.vtu
354.000000,354.069444444444,0.069444444444,4.166667,drywell60d_6h_target00354.0h_actual00354.069444h.vtu
360.000000,360.069444444444,0.069444444444,4.166667,drywell60d_6h_target00360.0h_actual00360.069444h.vtu
366.000000,366.069444444444,0.069444444444,4.166667,drywell60d_6h_target00366.0h_actual00366.069444h.vtu
372.000000,372.069444444444,0.069444444444,4.166667,drywell60d_6h_target00372.0h_actual00372.069444h.vtu
378.000000,378.069444444444,0.069444444444,4.166667,drywell60d_6h_target00378.0h_actual00378.069444h.vtu
384.000000,384.069444444444,0.069444444444,4.166667,drywell60d_6h_target00384.0h_actual00384.069444h.vtu
390.000000,390.069444444444,0.069444444444,4.166667,drywell60d_6h_target00390.0h_actual00390.069444h.vtu
396.000000,396.069444444444,0.069444444444,4.166667,drywell60d_6h_target00396.0h_actual00396.069444h.vtu
402.000000,402.069444444444,0.069444444444,4.166667,drywell60d_6h_target00402.0h_actual00402.069444h.vtu
408.000000,408.069444444444,0.069444444444,4.166667,drywell60d_6h_target00408.0h_actual00408.069444h.vtu
414.000000,414.069444444444,0.069444444444,4.166667,drywell60d_6h_target00414.0h_actual00414.069444h.vtu
420.000000,420.069444444444,0.069444444444,4.166667,drywell60d_6h_target00420.0h_actual00420.069444h.vtu
426.000000,426.069444444444,0.069444444444,4.166667,drywell60d_6h_target00426.0h_actual00426.069444h.vtu
432.000000,432.069444444444,0.069444444444,4.166667,drywell60d_6h_target00432.0h_actual00432.069444h.vtu
438.000000,438.069444444444,0.069444444444,4.166667,drywell60d_6h_target00438.0h_actual00438.069444h.vtu
444.000000,444.069444444444,0.069444444444,4.166667,drywell60d_6h_target00444.0h_actual00444.069444h.vtu
450.000000,450.069444444444,0.069444444444,4.166667,drywell60d_6h_target00450.0h_actual00450.069444h.vtu
456.000000,456.069444444444,0.069444444444,4.166667,drywell60d_6h_target00456.0h_actual00456.069444h.vtu
462.000000,462.069444444444,0.069444444444,4.166667,drywell60d_6h_target00462.0h_actual00462.069444h.vtu
468.000000,468.069444444444,0.069444444444,4.166667,drywell60d_6h_target00468.0h_actual00468.069444h.vtu
474.000000,474.069444444444,0.069444444444,4.166667,drywell60d_6h_target00474.0h_actual00474.069444h.vtu
480.000000,480.000000000000,0.000000000000,0.000000,drywell60d_6h_target00480.0h_actual00480.000000h.vtu
486.000000,486.025000000000,0.025000000000,1.500000,drywell60d_6h_target00486.0h_actual00486.025000h.vtu
492.000000,492.025000000000,0.025000000000,1.500000,drywell60d_6h_target00492.0h_actual00492.025000h.vtu
498.000000,498.025000000000,0.025000000000,1.500000,drywell60d_6h_target00498.0h_actual00498.025000h.vtu
504.000000,504.025000000000,0.025000000000,1.500000,drywell60d_6h_target00504.0h_actual00504.025000h.vtu
510.000000,510.025000000000,0.025000000000,1.500000,drywell60d_6h_target00510.0h_actual00510.025000h.vtu
516.000000,516.025000000000,0.025000000000,1.500000,drywell60d_6h_target00516.0h_actual00516.025000h.vtu
522.000000,522.025000000000,0.025000000000,1.500000,drywell60d_6h_target00522.0h_actual00522.025000h.vtu
528.000000,528.025000000000,0.025000000000,1.500000,drywell60d_6h_target00528.0h_actual00528.025000h.vtu
534.000000,534.025000000000,0.025000000000,1.500000,drywell60d_6h_target00534.0h_actual00534.025000h.vtu
540.000000,540.025000000000,0.025000000000,1.500000,drywell60d_6h_target00540.0h_actual00540.025000h.vtu
546.000000,546.025000000000,0.025000000000,1.500000,drywell60d_6h_target00546.0h_actual00546.025000h.vtu
552.000000,552.025000000000,0.025000000000,1.500000,drywell60d_6h_target00552.0h_actual00552.025000h.vtu
558.000000,558.025000000000,0.025000000000,1.500000,drywell60d_6h_target00558.0h_actual00558.025000h.vtu
564.000000,564.025000000000,0.025000000000,1.500000,drywell60d_6h_target00564.0h_actual00564.025000h.vtu
570.000000,570.025000000000,0.025000000000,1.500000,drywell60d_6h_target00570.0h_actual00570.025000h.vtu
576.000000,576.025000000000,0.025000000000,1.500000,drywell60d_6h_target00576.0h_actual00576.025000h.vtu
582.000000,582.025000000000,0.025000000000,1.500000,drywell60d_6h_target00582.0h_actual00582.025000h.vtu
588.000000,588.025000000000,0.025000000000,1.500000,drywell60d_6h_target00588.0h_actual00588.025000h.vtu
594.000000,594.025000000000,0.025000000000,1.500000,drywell60d_6h_target00594.0h_actual00594.025000h.vtu
600.000000,600.025000000000,0.025000000000,1.500000,drywell60d_6h_target00600.0h_actual00600.025000h.vtu
606.000000,606.025000000000,0.025000000000,1.500000,drywell60d_6h_target00606.0h_actual00606.025000h.vtu
612.000000,612.025000000000,0.025000000000,1.500000,drywell60d_6h_target00612.0h_actual00612.025000h.vtu
618.000000,618.025000000000,0.025000000000,1.500000,drywell60d_6h_target00618.0h_actual00618.025000h.vtu
624.000000,624.025000000000,0.025000000000,1.500000,drywell60d_6h_target00624.0h_actual00624.025000h.vtu
630.000000,630.025000000000,0.025000000000,1.500000,drywell60d_6h_target00630.0h_actual00630.025000h.vtu
636.000000,636.025000000000,0.025000000000,1.500000,drywell60d_6h_target00636.0h_actual00636.025000h.vtu
642.000000,642.025000000000,0.025000000000,1.500000,drywell60d_6h_target00642.0h_actual00642.025000h.vtu
648.000000,648.025000000000,0.025000000000,1.500000,drywell60d_6h_target00648.0h_actual00648.025000h.vtu
654.000000,654.025000000000,0.025000000000,1.500000,drywell60d_6h_target00654.0h_actual00654.025000h.vtu
660.000000,660.025000000000,0.025000000000,1.500000,drywell60d_6h_target00660.0h_actual00660.025000h.vtu
666.000000,666.025000000000,0.025000000000,1.500000,drywell60d_6h_target00666.0h_actual00666.025000h.vtu
672.000000,672.025000000000,0.025000000000,1.500000,drywell60d_6h_target00672.0h_actual00672.025000h.vtu
678.000000,678.025000000000,0.025000000000,1.500000,drywell60d_6h_target00678.0h_actual00678.025000h.vtu
684.000000,684.025000000000,0.025000000000,1.500000,drywell60d_6h_target00684.0h_actual00684.025000h.vtu
690.000000,690.025000000000,0.025000000000,1.500000,drywell60d_6h_target00690.0h_actual00690.025000h.vtu
696.000000,696.025000000000,0.025000000000,1.500000,drywell60d_6h_target00696.0h_actual00696.025000h.vtu
702.000000,702.025000000000,0.025000000000,1.500000,drywell60d_6h_target00702.0h_actual00702.025000h.vtu
708.000000,708.025000000000,0.025000000000,1.500000,drywell60d_6h_target00708.0h_actual00708.025000h.vtu
714.000000,714.025000000000,0.025000000000,1.500000,drywell60d_6h_target00714.0h_actual00714.025000h.vtu
720.000000,720.025000000000,0.025000000000,1.500000,drywell60d_6h_target00720.0h_actual00720.025000h.vtu
726.000000,726.011111111111,0.011111111111,0.666667,drywell60d_6h_target00726.0h_actual00726.011111h.vtu
732.000000,732.091666666667,0.091666666667,5.500000,drywell60d_6h_target00732.0h_actual00732.091667h.vtu
738.000000,738.050000000000,0.050000000000,3.000000,drywell60d_6h_target00738.0h_actual00738.050000h.vtu
744.000000,744.036111111111,0.036111111111,2.166667,drywell60d_6h_target00744.0h_actual00744.036111h.vtu
750.000000,750.019444444444,0.019444444444,1.166667,drywell60d_6h_target00750.0h_actual00750.019444h.vtu
756.000000,756.005555555556,0.005555555556,0.333333,drywell60d_6h_target00756.0h_actual00756.005556h.vtu
762.000000,762.088888888889,0.088888888889,5.333333,drywell60d_6h_target00762.0h_actual00762.088889h.vtu
768.000000,768.050000000000,0.050000000000,3.000000,drywell60d_6h_target00768.0h_actual00768.050000h.vtu
774.000000,774.083333333333,0.083333333333,5.000000,drywell60d_6h_target00774.0h_actual00774.083333h.vtu
780.000000,780.072222222222,0.072222222222,4.333333,drywell60d_6h_target00780.0h_actual00780.072222h.vtu
786.000000,786.058333333333,0.058333333333,3.500000,drywell60d_6h_target00786.0h_actual00786.058333h.vtu
792.000000,792.058333333333,0.058333333333,3.500000,drywell60d_6h_target00792.0h_actual00792.058333h.vtu
798.000000,798.058333333333,0.058333333333,3.500000,drywell60d_6h_target00798.0h_actual00798.058333h.vtu
804.000000,804.058333333333,0.058333333333,3.500000,drywell60d_6h_target00804.0h_actual00804.058333h.vtu
810.000000,810.058333333333,0.058333333333,3.500000,drywell60d_6h_target00810.0h_actual00810.058333h.vtu
816.000000,816.058333333333,0.058333333333,3.500000,drywell60d_6h_target00816.0h_actual00816.058333h.vtu
822.000000,822.058333333333,0.058333333333,3.500000,drywell60d_6h_target00822.0h_actual00822.058333h.vtu
828.000000,828.058333333333,0.058333333333,3.500000,drywell60d_6h_target00828.0h_actual00828.058333h.vtu
834.000000,834.030555555556,0.030555555556,1.833333,drywell60d_6h_target00834.0h_actual00834.030556h.vtu
840.000000,840.030555555556,0.030555555556,1.833333,drywell60d_6h_target00840.0h_actual00840.030556h.vtu
846.000000,846.005555555556,0.005555555556,0.333333,drywell60d_6h_target00846.0h_actual00846.005556h.vtu
852.000000,852.027777777778,0.027777777778,1.666667,drywell60d_6h_target00852.0h_actual00852.027778h.vtu
858.000000,858.019444444444,0.019444444444,1.166667,drywell60d_6h_target00858.0h_actual00858.019444h.vtu
864.000000,864.072222222222,0.072222222222,4.333333,drywell60d_6h_target00864.0h_actual00864.072222h.vtu
870.000000,870.072222222222,0.072222222222,4.333333,drywell60d_6h_target00870.0h_actual00870.072222h.vtu
876.000000,876.072222222222,0.072222222222,4.333333,drywell60d_6h_target00876.0h_actual00876.072222h.vtu
882.000000,882.072222222222,0.072222222222,4.333333,drywell60d_6h_target00882.0h_actual00882.072222h.vtu
888.000000,888.072222222222,0.072222222222,4.333333,drywell60d_6h_target00888.0h_actual00888.072222h.vtu
894.000000,894.072222222222,0.072222222222,4.333333,drywell60d_6h_target00894.0h_actual00894.072222h.vtu
900.000000,900.072222222222,0.072222222222,4.333333,drywell60d_6h_target00900.0h_actual00900.072222h.vtu
906.000000,906.072222222222,0.072222222222,4.333333,drywell60d_6h_target00906.0h_actual00906.072222h.vtu
912.000000,912.072222222222,0.072222222222,4.333333,drywell60d_6h_target00912.0h_actual00912.072222h.vtu
918.000000,918.072222222222,0.072222222222,4.333333,drywell60d_6h_target00918.0h_actual00918.072222h.vtu
924.000000,924.072222222222,0.072222222222,4.333333,drywell60d_6h_target00924.0h_actual00924.072222h.vtu
930.000000,930.072222222222,0.072222222222,4.333333,drywell60d_6h_target00930.0h_actual00930.072222h.vtu
936.000000,936.072222222222,0.072222222222,4.333333,drywell60d_6h_target00936.0h_actual00936.072222h.vtu
942.000000,942.072222222222,0.072222222222,4.333333,drywell60d_6h_target00942.0h_actual00942.072222h.vtu
948.000000,948.072222222222,0.072222222222,4.333333,drywell60d_6h_target00948.0h_actual00948.072222h.vtu
954.000000,954.072222222222,0.072222222222,4.333333,drywell60d_6h_target00954.0h_actual00954.072222h.vtu
960.000000,960.000000000000,0.000000000000,0.000000,drywell60d_6h_target00960.0h_actual00960.000000h.vtu
966.000000,966.050000000000,0.050000000000,3.000000,drywell60d_6h_target00966.0h_actual00966.050000h.vtu
972.000000,972.050000000000,0.050000000000,3.000000,drywell60d_6h_target00972.0h_actual00972.050000h.vtu
978.000000,978.050000000000,0.050000000000,3.000000,drywell60d_6h_target00978.0h_actual00978.050000h.vtu
984.000000,984.050000000000,0.050000000000,3.000000,drywell60d_6h_target00984.0h_actual00984.050000h.vtu
990.000000,990.050000000000,0.050000000000,3.000000,drywell60d_6h_target00990.0h_actual00990.050000h.vtu
996.000000,996.050000000000,0.050000000000,3.000000,drywell60d_6h_target00996.0h_actual00996.050000h.vtu
1002.000000,1002.050000000000,0.050000000000,3.000000,drywell60d_6h_target01002.0h_actual01002.050000h.vtu
1008.000000,1008.050000000000,0.050000000000,3.000000,drywell60d_6h_target01008.0h_actual01008.050000h.vtu
1014.000000,1014.050000000000,0.050000000000,3.000000,drywell60d_6h_target01014.0h_actual01014.050000h.vtu
1020.000000,1020.050000000000,0.050000000000,3.000000,drywell60d_6h_target01020.0h_actual01020.050000h.vtu
1026.000000,1026.050000000000,0.050000000000,3.000000,drywell60d_6h_target01026.0h_actual01026.050000h.vtu
1032.000000,1032.050000000000,0.050000000000,3.000000,drywell60d_6h_target01032.0h_actual01032.050000h.vtu
1038.000000,1038.050000000000,0.050000000000,3.000000,drywell60d_6h_target01038.0h_actual01038.050000h.vtu
1044.000000,1044.050000000000,0.050000000000,3.000000,drywell60d_6h_target01044.0h_actual01044.050000h.vtu
1050.000000,1050.050000000000,0.050000000000,3.000000,drywell60d_6h_target01050.0h_actual01050.050000h.vtu
1056.000000,1056.050000000000,0.050000000000,3.000000,drywell60d_6h_target01056.0h_actual01056.050000h.vtu
1062.000000,1062.050000000000,0.050000000000,3.000000,drywell60d_6h_target01062.0h_actual01062.050000h.vtu
1068.000000,1068.050000000000,0.050000000000,3.000000,drywell60d_6h_target01068.0h_actual01068.050000h.vtu
1074.000000,1074.050000000000,0.050000000000,3.000000,drywell60d_6h_target01074.0h_actual01074.050000h.vtu
1080.000000,1080.050000000000,0.050000000000,3.000000,drywell60d_6h_target01080.0h_actual01080.050000h.vtu
1086.000000,1086.050000000000,0.050000000000,3.000000,drywell60d_6h_target01086.0h_actual01086.050000h.vtu
1092.000000,1092.050000000000,0.050000000000,3.000000,drywell60d_6h_target01092.0h_actual01092.050000h.vtu
1098.000000,1098.050000000000,0.050000000000,3.000000,drywell60d_6h_target01098.0h_actual01098.050000h.vtu
1104.000000,1104.050000000000,0.050000000000,3.000000,drywell60d_6h_target01104.0h_actual01104.050000h.vtu
1110.000000,1110.050000000000,0.050000000000,3.000000,drywell60d_6h_target01110.0h_actual01110.050000h.vtu
1116.000000,1116.050000000000,0.050000000000,3.000000,drywell60d_6h_target01116.0h_actual01116.050000h.vtu
1122.000000,1122.050000000000,0.050000000000,3.000000,drywell60d_6h_target01122.0h_actual01122.050000h.vtu
1128.000000,1128.050000000000,0.050000000000,3.000000,drywell60d_6h_target01128.0h_actual01128.050000h.vtu
1134.000000,1134.050000000000,0.050000000000,3.000000,drywell60d_6h_target01134.0h_actual01134.050000h.vtu
1140.000000,1140.050000000000,0.050000000000,3.000000,drywell60d_6h_target01140.0h_actual01140.050000h.vtu
1146.000000,1146.050000000000,0.050000000000,3.000000,drywell60d_6h_target01146.0h_actual01146.050000h.vtu
1152.000000,1152.050000000000,0.050000000000,3.000000,drywell60d_6h_target01152.0h_actual01152.050000h.vtu
1158.000000,1158.050000000000,0.050000000000,3.000000,drywell60d_6h_target01158.0h_actual01158.050000h.vtu
1164.000000,1164.050000000000,0.050000000000,3.000000,drywell60d_6h_target01164.0h_actual01164.050000h.vtu
1170.000000,1170.050000000000,0.050000000000,3.000000,drywell60d_6h_target01170.0h_actual01170.050000h.vtu
1176.000000,1176.050000000000,0.050000000000,3.000000,drywell60d_6h_target01176.0h_actual01176.050000h.vtu
1182.000000,1182.050000000000,0.050000000000,3.000000,drywell60d_6h_target01182.0h_actual01182.050000h.vtu
1188.000000,1188.050000000000,0.050000000000,3.000000,drywell60d_6h_target01188.0h_actual01188.050000h.vtu
1194.000000,1194.050000000000,0.050000000000,3.000000,drywell60d_6h_target01194.0h_actual01194.050000h.vtu
1200.000000,1200.050000000000,0.050000000000,3.000000,drywell60d_6h_target01200.0h_actual01200.050000h.vtu
1206.000000,1206.050000000000,0.050000000000,3.000000,drywell60d_6h_target01206.0h_actual01206.050000h.vtu
1212.000000,1212.038888888889,0.038888888889,2.333333,drywell60d_6h_target01212.0h_actual01212.038889h.vtu
1218.000000,1218.080555555556,0.080555555556,4.833333,drywell60d_6h_target01218.0h_actual01218.080556h.vtu
1224.000000,1224.041666666667,0.041666666667,2.500000,drywell60d_6h_target01224.0h_actual01224.041667h.vtu
1230.000000,1230.083333333333,0.083333333333,5.000000,drywell60d_6h_target01230.0h_actual01230.083333h.vtu
1236.000000,1236.013888888889,0.013888888889,0.833333,drywell60d_6h_target01236.0h_actual01236.013889h.vtu
1242.000000,1242.086111111111,0.086111111111,5.166667,drywell60d_6h_target01242.0h_actual01242.086111h.vtu
1248.000000,1248.061111111111,0.061111111111,3.666667,drywell60d_6h_target01248.0h_actual01248.061111h.vtu
1254.000000,1254.088888888889,0.088888888889,5.333333,drywell60d_6h_target01254.0h_actual01254.088889h.vtu
1260.000000,1260.019444444444,0.019444444444,1.166667,drywell60d_6h_target01260.0h_actual01260.019444h.vtu
1266.000000,1266.097222222222,0.097222222222,5.833333,drywell60d_6h_target01266.0h_actual01266.097222h.vtu
1272.000000,1272.097222222222,0.097222222222,5.833333,drywell60d_6h_target01272.0h_actual01272.097222h.vtu
1278.000000,1278.097222222222,0.097222222222,5.833333,drywell60d_6h_target01278.0h_actual01278.097222h.vtu
1284.000000,1284.097222222222,0.097222222222,5.833333,drywell60d_6h_target01284.0h_actual01284.097222h.vtu
1290.000000,1290.097222222222,0.097222222222,5.833333,drywell60d_6h_target01290.0h_actual01290.097222h.vtu
1296.000000,1296.097222222222,0.097222222222,5.833333,drywell60d_6h_target01296.0h_actual01296.097222h.vtu
1302.000000,1302.097222222222,0.097222222222,5.833333,drywell60d_6h_target01302.0h_actual01302.097222h.vtu
1308.000000,1308.091666666667,0.091666666667,5.500000,drywell60d_6h_target01308.0h_actual01308.091667h.vtu
1314.000000,1314.091666666667,0.091666666667,5.500000,drywell60d_6h_target01314.0h_actual01314.091667h.vtu
1320.000000,1320.041666666667,0.041666666667,2.500000,drywell60d_6h_target01320.0h_actual01320.041667h.vtu
1326.000000,1326.011111111111,0.011111111111,0.666667,drywell60d_6h_target01326.0h_actual01326.011111h.vtu
1332.000000,1332.011111111111,0.011111111111,0.666667,drywell60d_6h_target01332.0h_actual01332.011111h.vtu
1338.000000,1338.061111111111,0.061111111111,3.666667,drywell60d_6h_target01338.0h_actual01338.061111h.vtu
1344.000000,1344.011111111111,0.011111111111,0.666667,drywell60d_6h_target01344.0h_actual01344.011111h.vtu
1350.000000,1350.080555555556,0.080555555556,4.833333,drywell60d_6h_target01350.0h_actual01350.080556h.vtu
1356.000000,1356.055555555556,0.055555555556,3.333333,drywell60d_6h_target01356.0h_actual01356.055556h.vtu
1362.000000,1362.058333333333,0.058333333333,3.500000,drywell60d_6h_target01362.0h_actual01362.058333h.vtu
1368.000000,1368.055555555556,0.055555555556,3.333333,drywell60d_6h_target01368.0h_actual01368.055556h.vtu
1374.000000,1374.055555555556,0.055555555556,3.333333,drywell60d_6h_target01374.0h_actual01374.055556h.vtu
1380.000000,1380.055555555556,0.055555555556,3.333333,drywell60d_6h_target01380.0h_actual01380.055556h.vtu
1386.000000,1386.055555555556,0.055555555556,3.333333,drywell60d_6h_target01386.0h_actual01386.055556h.vtu
1392.000000,1392.055555555556,0.055555555556,3.333333,drywell60d_6h_target01392.0h_actual01392.055556h.vtu
1398.000000,1398.025000000000,0.025000000000,1.500000,drywell60d_6h_target01398.0h_actual01398.025000h.vtu
1404.000000,1404.025000000000,0.025000000000,1.500000,drywell60d_6h_target01404.0h_actual01404.025000h.vtu
1410.000000,1410.025000000000,0.025000000000,1.500000,drywell60d_6h_target01410.0h_actual01410.025000h.vtu
1416.000000,1416.025000000000,0.025000000000,1.500000,drywell60d_6h_target01416.0h_actual01416.025000h.vtu
1422.000000,1422.025000000000,0.025000000000,1.500000,drywell60d_6h_target01422.0h_actual01422.025000h.vtu
1428.000000,1428.025000000000,0.025000000000,1.500000,drywell60d_6h_target01428.0h_actual01428.025000h.vtu
1434.000000,1434.025000000000,0.025000000000,1.500000,drywell60d_6h_target01434.0h_actual01434.025000h.vtu
1440.000000,1440.000000000000,0.000000000000,0.000000,drywell60d_6h_target01440.0h_actual01440.000000h.vtu
