index,nominal_time_h,actual_simulation_time_h,difference_min,source_segment,source_vtu,final_vtu,storage_method
0,0,0.000000000000,+0.000000,existing_0_576,floodmar_equalVolume_000.000h_0000.vtu,floodmar_equalVolume_60d_t0000h_0000.vtu,hardlink
1,6,6.054888888889,+3.293333,existing_0_576,floodmar_equalVolume_006.000h_0001.vtu,floodmar_equalVolume_60d_t0006h_0001.vtu,hardlink
2,12,12.004833333333,+0.290000,existing_0_576,floodmar_equalVolume_012.000h_0002.vtu,floodmar_equalVolume_60d_t0012h_0002.vtu,hardlink
3,18,18.004833333333,+0.290000,existing_0_576,floodmar_equalVolume_018.000h_0003.vtu,floodmar_equalVolume_60d_t0018h_0003.vtu,hardlink
4,24,24.004833333333,+0.290000,existing_0_576,floodmar_equalVolume_024.000h_0004.vtu,floodmar_equalVolume_60d_t0024h_0004.vtu,hardlink
5,30,30.004722222222,+0.283333,existing_0_576,floodmar_equalVolume_030.000h_0005.vtu,floodmar_equalVolume_60d_t0030h_0005.vtu,hardlink
6,36,36.004722222222,+0.283333,existing_0_576,floodmar_equalVolume_036.000h_0006.vtu,floodmar_equalVolume_60d_t0036h_0006.vtu,hardlink
7,42,42.004722222222,+0.283333,existing_0_576,floodmar_equalVolume_042.000h_0007.vtu,floodmar_equalVolume_60d_t0042h_0007.vtu,hardlink
8,48,48.004722222222,+0.283333,existing_0_576,floodmar_equalVolume_048.000h_0008.vtu,floodmar_equalVolume_60d_t0048h_0008.vtu,hardlink
9,54,54.004722222222,+0.283333,existing_0_576,floodmar_equalVolume_054.000h_0009.vtu,floodmar_equalVolume_60d_t0054h_0009.vtu,hardlink
10,60,60.004722222222,+0.283333,existing_0_576,floodmar_equalVolume_060.000h_0010.vtu,floodmar_equalVolume_60d_t0060h_0010.vtu,hardlink
11,66,66.004722222222,+0.283333,existing_0_576,floodmar_equalVolume_066.000h_0011.vtu,floodmar_equalVolume_60d_t0066h_0011.vtu,hardlink
12,72,72.004722222222,+0.283333,existing_0_576,floodmar_equalVolume_072.000h_0012.vtu,floodmar_equalVolume_60d_t0072h_0012.vtu,hardlink
13,78,78.004722222222,+0.283333,existing_0_576,floodmar_equalVolume_078.000h_0013.vtu,floodmar_equalVolume_60d_t0078h_0013.vtu,hardlink
14,84,84.004722222222,+0.283333,existing_0_576,floodmar_equalVolume_084.000h_0014.vtu,floodmar_equalVolume_60d_t0084h_0014.vtu,hardlink
15,90,90.004722222222,+0.283333,existing_0_576,floodmar_equalVolume_090.000h_0015.vtu,floodmar_equalVolume_60d_t0090h_0015.vtu,hardlink
16,96,96.000000000000,+0.000000,existing_0_576,floodmar_equalVolume_096.000h_0016.vtu,floodmar_equalVolume_60d_t0096h_0016.vtu,hardlink
17,102,102.035555555556,+2.133333,existing_0_576,floodmar_equalVolume_102.000h_0017.vtu,floodmar_equalVolume_60d_t0102h_0017.vtu,hardlink
18,108,108.015833333333,+0.950000,existing_0_576,floodmar_equalVolume_108.000h_0018.vtu,floodmar_equalVolume_60d_t0108h_0018.vtu,hardlink
19,114,114.003888888889,+0.233333,existing_0_576,floodmar_equalVolume_114.000h_0019.vtu,floodmar_equalVolume_60d_t0114h_0019.vtu,hardlink
20,120,120.006388888889,+0.383333,existing_0_576,floodmar_equalVolume_120.000h_0020.vtu,floodmar_equalVolume_60d_t0120h_0020.vtu,hardlink
21,126,126.001944444444,+0.116667,existing_0_576,floodmar_equalVolume_126.000h_0021.vtu,floodmar_equalVolume_60d_t0126h_0021.vtu,hardlink
22,132,132.079444444444,+4.766667,existing_0_576,floodmar_equalVolume_132.000h_0022.vtu,floodmar_equalVolume_60d_t0132h_0022.vtu,hardlink
23,138,138.008888888889,+0.533333,existing_0_576,floodmar_equalVolume_138.000h_0023.vtu,floodmar_equalVolume_60d_t0138h_0023.vtu,hardlink
24,144,144.044444444444,+2.666667,existing_0_576,floodmar_equalVolume_144.000h_0024.vtu,floodmar_equalVolume_60d_t0144h_0024.vtu,hardlink
25,150,150.087222222222,+5.233333,existing_0_576,floodmar_equalVolume_150.000h_0025.vtu,floodmar_equalVolume_60d_t0150h_0025.vtu,hardlink
26,156,156.077777777778,+4.666667,existing_0_576,floodmar_equalVolume_156.000h_0026.vtu,floodmar_equalVolume_60d_t0156h_0026.vtu,hardlink
27,162,162.040000000000,+2.400000,existing_0_576,floodmar_equalVolume_162.000h_0027.vtu,floodmar_equalVolume_60d_t0162h_0027.vtu,hardlink
28,168,168.040000000000,+2.400000,existing_0_576,floodmar_equalVolume_168.000h_0028.vtu,floodmar_equalVolume_60d_t0168h_0028.vtu,hardlink
29,174,174.040000000000,+2.400000,existing_0_576,floodmar_equalVolume_174.000h_0029.vtu,floodmar_equalVolume_60d_t0174h_0029.vtu,hardlink
30,180,180.025833333333,+1.550000,existing_0_576,floodmar_equalVolume_180.000h_0030.vtu,floodmar_equalVolume_60d_t0180h_0030.vtu,hardlink
31,186,186.025833333333,+1.550000,existing_0_576,floodmar_equalVolume_186.000h_0031.vtu,floodmar_equalVolume_60d_t0186h_0031.vtu,hardlink
32,192,192.011388888889,+0.683333,existing_0_576,floodmar_equalVolume_192.000h_0032.vtu,floodmar_equalVolume_60d_t0192h_0032.vtu,hardlink
33,198,198.097222222222,+5.833333,existing_0_576,floodmar_equalVolume_198.000h_0033.vtu,floodmar_equalVolume_60d_t0198h_0033.vtu,hardlink
34,204,204.097222222222,+5.833333,existing_0_576,floodmar_equalVolume_204.000h_0034.vtu,floodmar_equalVolume_60d_t0204h_0034.vtu,hardlink
35,210,210.097222222222,+5.833333,existing_0_576,floodmar_equalVolume_210.000h_0035.vtu,floodmar_equalVolume_60d_t0210h_0035.vtu,hardlink
36,216,216.097222222222,+5.833333,existing_0_576,floodmar_equalVolume_216.000h_0036.vtu,floodmar_equalVolume_60d_t0216h_0036.vtu,hardlink
37,222,222.097222222222,+5.833333,existing_0_576,floodmar_equalVolume_222.000h_0037.vtu,floodmar_equalVolume_60d_t0222h_0037.vtu,hardlink
38,228,228.097222222222,+5.833333,existing_0_576,floodmar_equalVolume_228.000h_0038.vtu,floodmar_equalVolume_60d_t0228h_0038.vtu,hardlink
39,234,234.097222222222,+5.833333,existing_0_576,floodmar_equalVolume_234.000h_0039.vtu,floodmar_equalVolume_60d_t0234h_0039.vtu,hardlink
40,240,240.097222222222,+5.833333,existing_0_576,floodmar_equalVolume_240.000h_0040.vtu,floodmar_equalVolume_60d_t0240h_0040.vtu,hardlink
41,246,246.097222222222,+5.833333,existing_0_576,floodmar_equalVolume_246.000h_0041.vtu,floodmar_equalVolume_60d_t0246h_0041.vtu,hardlink
42,252,252.097222222222,+5.833333,existing_0_576,floodmar_equalVolume_252.000h_0042.vtu,floodmar_equalVolume_60d_t0252h_0042.vtu,hardlink
43,258,258.097222222222,+5.833333,existing_0_576,floodmar_equalVolume_258.000h_0043.vtu,floodmar_equalVolume_60d_t0258h_0043.vtu,hardlink
44,264,264.097222222222,+5.833333,existing_0_576,floodmar_equalVolume_264.000h_0044.vtu,floodmar_equalVolume_60d_t0264h_0044.vtu,hardlink
45,270,270.097222222222,+5.833333,existing_0_576,floodmar_equalVolume_270.000h_0045.vtu,floodmar_equalVolume_60d_t0270h_0045.vtu,hardlink
46,276,276.097222222222,+5.833333,existing_0_576,floodmar_equalVolume_276.000h_0046.vtu,floodmar_equalVolume_60d_t0276h_0046.vtu,hardlink
47,282,282.097222222222,+5.833333,existing_0_576,floodmar_equalVolume_282.000h_0047.vtu,floodmar_equalVolume_60d_t0282h_0047.vtu,hardlink
48,288,288.097222222222,+5.833333,existing_0_576,floodmar_equalVolume_288.000h_0048.vtu,floodmar_equalVolume_60d_t0288h_0048.vtu,hardlink
49,294,294.097222222222,+5.833333,existing_0_576,floodmar_equalVolume_294.000h_0049.vtu,floodmar_equalVolume_60d_t0294h_0049.vtu,hardlink
50,300,300.097222222222,+5.833333,existing_0_576,floodmar_equalVolume_300.000h_0050.vtu,floodmar_equalVolume_60d_t0300h_0050.vtu,hardlink
51,306,306.097222222222,+5.833333,existing_0_576,floodmar_equalVolume_306.000h_0051.vtu,floodmar_equalVolume_60d_t0306h_0051.vtu,hardlink
52,312,312.097222222222,+5.833333,existing_0_576,floodmar_equalVolume_312.000h_0052.vtu,floodmar_equalVolume_60d_t0312h_0052.vtu,hardlink
53,318,318.097222222222,+5.833333,existing_0_576,floodmar_equalVolume_318.000h_0053.vtu,floodmar_equalVolume_60d_t0318h_0053.vtu,hardlink
54,324,324.097222222222,+5.833333,existing_0_576,floodmar_equalVolume_324.000h_0054.vtu,floodmar_equalVolume_60d_t0324h_0054.vtu,hardlink
55,330,330.097222222222,+5.833333,existing_0_576,floodmar_equalVolume_330.000h_0055.vtu,floodmar_equalVolume_60d_t0330h_0055.vtu,hardlink
56,336,336.097222222222,+5.833333,existing_0_576,floodmar_equalVolume_336.000h_0056.vtu,floodmar_equalVolume_60d_t0336h_0056.vtu,hardlink
57,342,342.097222222222,+5.833333,existing_0_576,floodmar_equalVolume_342.000h_0057.vtu,floodmar_equalVolume_60d_t0342h_0057.vtu,hardlink
58,348,348.097222222222,+5.833333,existing_0_576,floodmar_equalVolume_348.000h_0058.vtu,floodmar_equalVolume_60d_t0348h_0058.vtu,hardlink
59,354,354.097222222222,+5.833333,existing_0_576,floodmar_equalVolume_354.000h_0059.vtu,floodmar_equalVolume_60d_t0354h_0059.vtu,hardlink
60,360,360.097222222222,+5.833333,existing_0_576,floodmar_equalVolume_360.000h_0060.vtu,floodmar_equalVolume_60d_t0360h_0060.vtu,hardlink
61,366,366.097222222222,+5.833333,existing_0_576,floodmar_equalVolume_366.000h_0061.vtu,floodmar_equalVolume_60d_t0366h_0061.vtu,hardlink
62,372,372.097222222222,+5.833333,existing_0_576,floodmar_equalVolume_372.000h_0062.vtu,floodmar_equalVolume_60d_t0372h_0062.vtu,hardlink
63,378,378.097222222222,+5.833333,existing_0_576,floodmar_equalVolume_378.000h_0063.vtu,floodmar_equalVolume_60d_t0378h_0063.vtu,hardlink
64,384,384.097222222222,+5.833333,existing_0_576,floodmar_equalVolume_384.000h_0064.vtu,floodmar_equalVolume_60d_t0384h_0064.vtu,hardlink
65,390,390.097222222222,+5.833333,existing_0_576,floodmar_equalVolume_390.000h_0065.vtu,floodmar_equalVolume_60d_t0390h_0065.vtu,hardlink
66,396,396.097222222222,+5.833333,existing_0_576,floodmar_equalVolume_396.000h_0066.vtu,floodmar_equalVolume_60d_t0396h_0066.vtu,hardlink
67,402,402.097222222222,+5.833333,existing_0_576,floodmar_equalVolume_402.000h_0067.vtu,floodmar_equalVolume_60d_t0402h_0067.vtu,hardlink
68,408,408.097222222222,+5.833333,existing_0_576,floodmar_equalVolume_408.000h_0068.vtu,floodmar_equalVolume_60d_t0408h_0068.vtu,hardlink
69,414,414.097222222222,+5.833333,existing_0_576,floodmar_equalVolume_414.000h_0069.vtu,floodmar_equalVolume_60d_t0414h_0069.vtu,hardlink
70,420,420.097222222222,+5.833333,existing_0_576,floodmar_equalVolume_420.000h_0070.vtu,floodmar_equalVolume_60d_t0420h_0070.vtu,hardlink
71,426,426.097222222222,+5.833333,existing_0_576,floodmar_equalVolume_426.000h_0071.vtu,floodmar_equalVolume_60d_t0426h_0071.vtu,hardlink
72,432,432.097222222222,+5.833333,existing_0_576,floodmar_equalVolume_432.000h_0072.vtu,floodmar_equalVolume_60d_t0432h_0072.vtu,hardlink
73,438,438.097222222222,+5.833333,existing_0_576,floodmar_equalVolume_438.000h_0073.vtu,floodmar_equalVolume_60d_t0438h_0073.vtu,hardlink
74,444,444.097222222222,+5.833333,existing_0_576,floodmar_equalVolume_444.000h_0074.vtu,floodmar_equalVolume_60d_t0444h_0074.vtu,hardlink
75,450,450.097222222222,+5.833333,existing_0_576,floodmar_equalVolume_450.000h_0075.vtu,floodmar_equalVolume_60d_t0450h_0075.vtu,hardlink
76,456,456.097222222222,+5.833333,existing_0_576,floodmar_equalVolume_456.000h_0076.vtu,floodmar_equalVolume_60d_t0456h_0076.vtu,hardlink
77,462,462.097222222222,+5.833333,existing_0_576,floodmar_equalVolume_462.000h_0077.vtu,floodmar_equalVolume_60d_t0462h_0077.vtu,hardlink
78,468,468.097222222222,+5.833333,existing_0_576,floodmar_equalVolume_468.000h_0078.vtu,floodmar_equalVolume_60d_t0468h_0078.vtu,hardlink
79,474,474.097222222222,+5.833333,existing_0_576,floodmar_equalVolume_474.000h_0079.vtu,floodmar_equalVolume_60d_t0474h_0079.vtu,hardlink
80,480,480.000000000000,+0.000000,existing_0_576,floodmar_equalVolume_480.000h_0080.vtu,floodmar_equalVolume_60d_t0480h_0080.vtu,hardlink
81,486,486.002777777778,+0.166667,existing_0_576,floodmar_equalVolume_486.000h_0081.vtu,floodmar_equalVolume_60d_t0486h_0081.vtu,hardlink
82,492,492.069444444444,+4.166667,existing_0_576,floodmar_equalVolume_492.000h_0082.vtu,floodmar_equalVolume_60d_t0492h_0082.vtu,hardlink
83,498,498.061111111111,+3.666667,existing_0_576,floodmar_equalVolume_498.000h_0083.vtu,floodmar_equalVolume_60d_t0498h_0083.vtu,hardlink
84,504,504.061111111111,+3.666667,existing_0_576,floodmar_equalVolume_504.000h_0084.vtu,floodmar_equalVolume_60d_t0504h_0084.vtu,hardlink
85,510,510.061111111111,+3.666667,existing_0_576,floodmar_equalVolume_510.000h_0085.vtu,floodmar_equalVolume_60d_t0510h_0085.vtu,hardlink
86,516,516.061111111111,+3.666667,existing_0_576,floodmar_equalVolume_516.000h_0086.vtu,floodmar_equalVolume_60d_t0516h_0086.vtu,hardlink
87,522,522.061111111111,+3.666667,existing_0_576,floodmar_equalVolume_522.000h_0087.vtu,floodmar_equalVolume_60d_t0522h_0087.vtu,hardlink
88,528,528.061111111111,+3.666667,existing_0_576,floodmar_equalVolume_528.000h_0088.vtu,floodmar_equalVolume_60d_t0528h_0088.vtu,hardlink
89,534,534.061111111111,+3.666667,existing_0_576,floodmar_equalVolume_534.000h_0089.vtu,floodmar_equalVolume_60d_t0534h_0089.vtu,hardlink
90,540,540.061111111111,+3.666667,existing_0_576,floodmar_equalVolume_540.000h_0090.vtu,floodmar_equalVolume_60d_t0540h_0090.vtu,hardlink
91,546,546.061111111111,+3.666667,existing_0_576,floodmar_equalVolume_546.000h_0091.vtu,floodmar_equalVolume_60d_t0546h_0091.vtu,hardlink
92,552,552.061111111111,+3.666667,existing_0_576,floodmar_equalVolume_552.000h_0092.vtu,floodmar_equalVolume_60d_t0552h_0092.vtu,hardlink
93,558,558.061111111111,+3.666667,existing_0_576,floodmar_equalVolume_558.000h_0093.vtu,floodmar_equalVolume_60d_t0558h_0093.vtu,hardlink
94,564,564.061111111111,+3.666667,existing_0_576,floodmar_equalVolume_564.000h_0094.vtu,floodmar_equalVolume_60d_t0564h_0094.vtu,hardlink
95,570,570.061111111111,+3.666667,existing_0_576,floodmar_equalVolume_570.000h_0095.vtu,floodmar_equalVolume_60d_t0570h_0095.vtu,hardlink
96,576,576.061111111111,+3.666667,existing_0_576,floodmar_equalVolume_576.000h_0096.vtu,floodmar_equalVolume_60d_t0576h_0096.vtu,hardlink
97,582,582.061111111111,+3.666667,mac_part1_final_C2,floodmar_FINAL_C2_512_to955_2h-00035.vtu,floodmar_equalVolume_60d_t0582h_0097.vtu,hardlink
98,588,588.097222222222,+5.833333,mac_part1_final_C2,floodmar_FINAL_C2_512_to955_2h-00038.vtu,floodmar_equalVolume_60d_t0588h_0098.vtu,hardlink
99,594,594.063888888889,+3.833333,mac_part1_final_C2,floodmar_FINAL_C2_512_to955_2h-00041.vtu,floodmar_equalVolume_60d_t0594h_0099.vtu,hardlink
100,600,600.091666666667,+5.500000,mac_part1_final_C2,floodmar_FINAL_C2_512_to955_2h-00044.vtu,floodmar_equalVolume_60d_t0600h_0100.vtu,hardlink
101,606,606.097222222222,+5.833333,mac_part1_final_C2,floodmar_FINAL_C2_512_to955_2h-00047.vtu,floodmar_equalVolume_60d_t0606h_0101.vtu,hardlink
102,612,612.116666666667,+7.000000,mac_part1_final_C2,floodmar_FINAL_C2_512_to955_2h-00050.vtu,floodmar_equalVolume_60d_t0612h_0102.vtu,hardlink
103,618,618.088888888889,+5.333333,mac_part1_final_C2,floodmar_FINAL_C2_512_to955_2h-00053.vtu,floodmar_equalVolume_60d_t0618h_0103.vtu,hardlink
104,624,624.111111111111,+6.666667,mac_part1_final_C2,floodmar_FINAL_C2_512_to955_2h-00056.vtu,floodmar_equalVolume_60d_t0624h_0104.vtu,hardlink
105,630,630.108333333333,+6.500000,mac_part1_final_C2,floodmar_FINAL_C2_512_to955_2h-00059.vtu,floodmar_equalVolume_60d_t0630h_0105.vtu,hardlink
106,636,636.141666666667,+8.500000,mac_part1_final_C2,floodmar_FINAL_C2_512_to955_2h-00062.vtu,floodmar_equalVolume_60d_t0636h_0106.vtu,hardlink
107,642,642.116666666667,+7.000000,mac_part1_final_C2,floodmar_FINAL_C2_512_to955_2h-00065.vtu,floodmar_equalVolume_60d_t0642h_0107.vtu,hardlink
108,648,648.116666666667,+7.000000,mac_part1_final_C2,floodmar_FINAL_C2_512_to955_2h-00068.vtu,floodmar_equalVolume_60d_t0648h_0108.vtu,hardlink
109,654,654.116666666667,+7.000000,mac_part1_final_C2,floodmar_FINAL_C2_512_to955_2h-00071.vtu,floodmar_equalVolume_60d_t0654h_0109.vtu,hardlink
110,660,660.116666666667,+7.000000,mac_part1_final_C2,floodmar_FINAL_C2_512_to955_2h-00074.vtu,floodmar_equalVolume_60d_t0660h_0110.vtu,hardlink
111,666,666.116666666667,+7.000000,mac_part1_final_C2,floodmar_FINAL_C2_512_to955_2h-00077.vtu,floodmar_equalVolume_60d_t0666h_0111.vtu,hardlink
112,672,672.116666666667,+7.000000,mac_part1_final_C2,floodmar_FINAL_C2_512_to955_2h-00080.vtu,floodmar_equalVolume_60d_t0672h_0112.vtu,hardlink
113,678,678.116666666667,+7.000000,mac_part1_final_C2,floodmar_FINAL_C2_512_to955_2h-00083.vtu,floodmar_equalVolume_60d_t0678h_0113.vtu,hardlink
114,684,684.116666666667,+7.000000,mac_part1_final_C2,floodmar_FINAL_C2_512_to955_2h-00086.vtu,floodmar_equalVolume_60d_t0684h_0114.vtu,hardlink
115,690,690.116666666667,+7.000000,mac_part1_final_C2,floodmar_FINAL_C2_512_to955_2h-00089.vtu,floodmar_equalVolume_60d_t0690h_0115.vtu,hardlink
116,696,696.116666666667,+7.000000,mac_part1_final_C2,floodmar_FINAL_C2_512_to955_2h-00092.vtu,floodmar_equalVolume_60d_t0696h_0116.vtu,hardlink
117,702,702.116666666667,+7.000000,mac_part1_final_C2,floodmar_FINAL_C2_512_to955_2h-00095.vtu,floodmar_equalVolume_60d_t0702h_0117.vtu,hardlink
118,708,708.116666666667,+7.000000,mac_part1_final_C2,floodmar_FINAL_C2_512_to955_2h-00098.vtu,floodmar_equalVolume_60d_t0708h_0118.vtu,hardlink
119,714,714.116666666667,+7.000000,mac_part1_final_C2,floodmar_FINAL_C2_512_to955_2h-00101.vtu,floodmar_equalVolume_60d_t0714h_0119.vtu,hardlink
120,720,720.116666666667,+7.000000,mac_part1_final_C2,floodmar_FINAL_C2_512_to955_2h-00104.vtu,floodmar_equalVolume_60d_t0720h_0120.vtu,hardlink
121,726,726.116666666667,+7.000000,mac_part1_final_C2,floodmar_FINAL_C2_512_to955_2h-00107.vtu,floodmar_equalVolume_60d_t0726h_0121.vtu,hardlink
122,732,732.116666666667,+7.000000,mac_part1_final_C2,floodmar_FINAL_C2_512_to955_2h-00110.vtu,floodmar_equalVolume_60d_t0732h_0122.vtu,hardlink
123,738,738.116666666667,+7.000000,mac_part1_final_C2,floodmar_FINAL_C2_512_to955_2h-00113.vtu,floodmar_equalVolume_60d_t0738h_0123.vtu,hardlink
124,744,744.116666666667,+7.000000,mac_part1_final_C2,floodmar_FINAL_C2_512_to955_2h-00116.vtu,floodmar_equalVolume_60d_t0744h_0124.vtu,hardlink
125,750,750.116666666667,+7.000000,mac_part1_final_C2,floodmar_FINAL_C2_512_to955_2h-00119.vtu,floodmar_equalVolume_60d_t0750h_0125.vtu,hardlink
126,756,756.116666666667,+7.000000,mac_part1_final_C2,floodmar_FINAL_C2_512_to955_2h-00122.vtu,floodmar_equalVolume_60d_t0756h_0126.vtu,hardlink
127,762,762.116666666667,+7.000000,mac_part1_final_C2,floodmar_FINAL_C2_512_to955_2h-00125.vtu,floodmar_equalVolume_60d_t0762h_0127.vtu,hardlink
128,768,768.116666666667,+7.000000,mac_part1_final_C2,floodmar_FINAL_C2_512_to955_2h-00128.vtu,floodmar_equalVolume_60d_t0768h_0128.vtu,hardlink
129,774,774.116666666667,+7.000000,mac_part1_final_C2,floodmar_FINAL_C2_512_to955_2h-00131.vtu,floodmar_equalVolume_60d_t0774h_0129.vtu,hardlink
130,780,780.116666666667,+7.000000,mac_part1_final_C2,floodmar_FINAL_C2_512_to955_2h-00134.vtu,floodmar_equalVolume_60d_t0780h_0130.vtu,hardlink
131,786,786.116666666667,+7.000000,mac_part1_final_C2,floodmar_FINAL_C2_512_to955_2h-00137.vtu,floodmar_equalVolume_60d_t0786h_0131.vtu,hardlink
132,792,792.116666666667,+7.000000,mac_part1_final_C2,floodmar_FINAL_C2_512_to955_2h-00140.vtu,floodmar_equalVolume_60d_t0792h_0132.vtu,hardlink
133,798,798.116666666667,+7.000000,mac_part1_final_C2,floodmar_FINAL_C2_512_to955_2h-00143.vtu,floodmar_equalVolume_60d_t0798h_0133.vtu,hardlink
134,804,804.116666666667,+7.000000,mac_part1_final_C2,floodmar_FINAL_C2_512_to955_2h-00146.vtu,floodmar_equalVolume_60d_t0804h_0134.vtu,hardlink
135,810,810.116666666667,+7.000000,mac_part1_final_C2,floodmar_FINAL_C2_512_to955_2h-00149.vtu,floodmar_equalVolume_60d_t0810h_0135.vtu,hardlink
136,816,816.116666666667,+7.000000,mac_part1_final_C2,floodmar_FINAL_C2_512_to955_2h-00152.vtu,floodmar_equalVolume_60d_t0816h_0136.vtu,hardlink
137,822,822.116666666667,+7.000000,mac_part1_final_C2,floodmar_FINAL_C2_512_to955_2h-00155.vtu,floodmar_equalVolume_60d_t0822h_0137.vtu,hardlink
138,828,828.116666666667,+7.000000,mac_part1_final_C2,floodmar_FINAL_C2_512_to955_2h-00158.vtu,floodmar_equalVolume_60d_t0828h_0138.vtu,hardlink
139,834,834.116666666667,+7.000000,mac_part1_final_C2,floodmar_FINAL_C2_512_to955_2h-00161.vtu,floodmar_equalVolume_60d_t0834h_0139.vtu,hardlink
140,840,840.116666666667,+7.000000,mac_part1_final_C2,floodmar_FINAL_C2_512_to955_2h-00164.vtu,floodmar_equalVolume_60d_t0840h_0140.vtu,hardlink
141,846,846.116666666667,+7.000000,mac_part1_final_C2,floodmar_FINAL_C2_512_to955_2h-00167.vtu,floodmar_equalVolume_60d_t0846h_0141.vtu,hardlink
142,852,852.116666666667,+7.000000,mac_part1_final_C2,floodmar_FINAL_C2_512_to955_2h-00170.vtu,floodmar_equalVolume_60d_t0852h_0142.vtu,hardlink
143,858,858.116666666667,+7.000000,mac_part1_final_C2,floodmar_FINAL_C2_512_to955_2h-00173.vtu,floodmar_equalVolume_60d_t0858h_0143.vtu,hardlink
144,864,864.116666666667,+7.000000,mac_part1_final_C2,floodmar_FINAL_C2_512_to955_2h-00176.vtu,floodmar_equalVolume_60d_t0864h_0144.vtu,hardlink
145,870,870.116666666667,+7.000000,mac_part1_final_C2,floodmar_FINAL_C2_512_to955_2h-00179.vtu,floodmar_equalVolume_60d_t0870h_0145.vtu,hardlink
146,876,876.116666666667,+7.000000,mac_part1_final_C2,floodmar_FINAL_C2_512_to955_2h-00182.vtu,floodmar_equalVolume_60d_t0876h_0146.vtu,hardlink
147,882,882.116666666667,+7.000000,mac_part1_final_C2,floodmar_FINAL_C2_512_to955_2h-00185.vtu,floodmar_equalVolume_60d_t0882h_0147.vtu,hardlink
148,888,888.116666666667,+7.000000,mac_part1_final_C2,floodmar_FINAL_C2_512_to955_2h-00188.vtu,floodmar_equalVolume_60d_t0888h_0148.vtu,hardlink
149,894,894.116666666667,+7.000000,mac_part1_final_C2,floodmar_FINAL_C2_512_to955_2h-00191.vtu,floodmar_equalVolume_60d_t0894h_0149.vtu,hardlink
150,900,900.116666666667,+7.000000,mac_part1_final_C2,floodmar_FINAL_C2_512_to955_2h-00194.vtu,floodmar_equalVolume_60d_t0900h_0150.vtu,hardlink
151,906,906.116666666667,+7.000000,mac_part1_final_C2,floodmar_FINAL_C2_512_to955_2h-00197.vtu,floodmar_equalVolume_60d_t0906h_0151.vtu,hardlink
152,912,912.116666666667,+7.000000,mac_part1_final_C2,floodmar_FINAL_C2_512_to955_2h-00200.vtu,floodmar_equalVolume_60d_t0912h_0152.vtu,hardlink
153,918,918.116666666667,+7.000000,mac_part1_final_C2,floodmar_FINAL_C2_512_to955_2h-00203.vtu,floodmar_equalVolume_60d_t0918h_0153.vtu,hardlink
154,924,924.116666666667,+7.000000,mac_part1_final_C2,floodmar_FINAL_C2_512_to955_2h-00206.vtu,floodmar_equalVolume_60d_t0924h_0154.vtu,hardlink
155,930,930.116666666667,+7.000000,mac_part1_final_C2,floodmar_FINAL_C2_512_to955_2h-00209.vtu,floodmar_equalVolume_60d_t0930h_0155.vtu,hardlink
156,936,936.116666666667,+7.000000,mac_part1_final_C2,floodmar_FINAL_C2_512_to955_2h-00212.vtu,floodmar_equalVolume_60d_t0936h_0156.vtu,hardlink
157,942,942.116666666667,+7.000000,mac_part1_final_C2,floodmar_FINAL_C2_512_to955_2h-00215.vtu,floodmar_equalVolume_60d_t0942h_0157.vtu,hardlink
158,948,948.116666666667,+7.000000,mac_part1_final_C2,floodmar_FINAL_C2_512_to955_2h-00218.vtu,floodmar_equalVolume_60d_t0948h_0158.vtu,hardlink
159,954,954.116666666667,+7.000000,mac_part1_final_C2,floodmar_FINAL_C2_512_to955_2h-00221.vtu,floodmar_equalVolume_60d_t0954h_0159.vtu,hardlink
160,960,960.000000000000,+0.000000,existing_960_1026,floodmar_equalVolume_960.000h_0097.vtu,floodmar_equalVolume_60d_t0960h_0160.vtu,hardlink
161,966,966.011111111111,+0.666667,existing_960_1026,floodmar_equalVolume_966.000h_0098.vtu,floodmar_equalVolume_60d_t0966h_0161.vtu,hardlink
162,972,971.991666666667,-0.500000,existing_960_1026,floodmar_equalVolume_972.000h_0099.vtu,floodmar_equalVolume_60d_t0972h_0162.vtu,hardlink
163,978,977.997222222222,-0.166667,existing_960_1026,floodmar_equalVolume_978.000h_0100.vtu,floodmar_equalVolume_60d_t0978h_0163.vtu,hardlink
164,984,983.997222222222,-0.166667,existing_960_1026,floodmar_equalVolume_984.000h_0101.vtu,floodmar_equalVolume_60d_t0984h_0164.vtu,hardlink
165,990,989.997222222222,-0.166667,existing_960_1026,floodmar_equalVolume_990.000h_0102.vtu,floodmar_equalVolume_60d_t0990h_0165.vtu,hardlink
166,996,995.997222222222,-0.166667,existing_960_1026,floodmar_equalVolume_996.000h_0103.vtu,floodmar_equalVolume_60d_t0996h_0166.vtu,hardlink
167,1002,1001.997222222222,-0.166667,existing_960_1026,floodmar_equalVolume_1002.000h_0104.vtu,floodmar_equalVolume_60d_t1002h_0167.vtu,hardlink
168,1008,1007.997222222222,-0.166667,existing_960_1026,floodmar_equalVolume_1008.000h_0105.vtu,floodmar_equalVolume_60d_t1008h_0168.vtu,hardlink
169,1014,1013.997222222222,-0.166667,existing_960_1026,floodmar_equalVolume_1014.000h_0106.vtu,floodmar_equalVolume_60d_t1014h_0169.vtu,hardlink
170,1020,1019.997222222222,-0.166667,existing_960_1026,floodmar_equalVolume_1020.000h_0107.vtu,floodmar_equalVolume_60d_t1020h_0170.vtu,hardlink
171,1026,1025.997222222222,-0.166667,existing_960_1026,floodmar_equalVolume_1026.000h_0108.vtu,floodmar_equalVolume_60d_t1026h_0171.vtu,hardlink
172,1032,1032.025000000000,+1.500000,mac_part2_final_C3,floodmar_FINAL_C3_1030_to1440_2h-00001.vtu,floodmar_equalVolume_60d_t1032h_0172.vtu,hardlink
173,1038,1038.025000000000,+1.500000,mac_part2_final_C3,floodmar_FINAL_C3_1030_to1440_2h-00004.vtu,floodmar_equalVolume_60d_t1038h_0173.vtu,hardlink
174,1044,1044.025000000000,+1.500000,mac_part2_final_C3,floodmar_FINAL_C3_1030_to1440_2h-00007.vtu,floodmar_equalVolume_60d_t1044h_0174.vtu,hardlink
175,1050,1050.025000000000,+1.500000,mac_part2_final_C3,floodmar_FINAL_C3_1030_to1440_2h-00010.vtu,floodmar_equalVolume_60d_t1050h_0175.vtu,hardlink
176,1056,1056.025000000000,+1.500000,mac_part2_final_C3,floodmar_FINAL_C3_1030_to1440_2h-00013.vtu,floodmar_equalVolume_60d_t1056h_0176.vtu,hardlink
177,1062,1062.000000000000,+0.000000,mac_part2_final_C3,floodmar_FINAL_C3_1030_to1440_2h-00016.vtu,floodmar_equalVolume_60d_t1062h_0177.vtu,hardlink
178,1068,1068.063888888889,+3.833333,mac_part2_final_C3,floodmar_FINAL_C3_1030_to1440_2h-00019.vtu,floodmar_equalVolume_60d_t1068h_0178.vtu,hardlink
179,1074,1074.005555555555,+0.333333,mac_part2_final_C3,floodmar_FINAL_C3_1030_to1440_2h-00022.vtu,floodmar_equalVolume_60d_t1074h_0179.vtu,hardlink
180,1080,1080.072222222222,+4.333333,mac_part2_final_C3,floodmar_FINAL_C3_1030_to1440_2h-00025.vtu,floodmar_equalVolume_60d_t1080h_0180.vtu,hardlink
181,1086,1086.069444444444,+4.166667,mac_part2_final_C3,floodmar_FINAL_C3_1030_to1440_2h-00028.vtu,floodmar_equalVolume_60d_t1086h_0181.vtu,hardlink
182,1092,1092.055555555556,+3.333333,mac_part2_final_C3,floodmar_FINAL_C3_1030_to1440_2h-00031.vtu,floodmar_equalVolume_60d_t1092h_0182.vtu,hardlink
183,1098,1098.055555555556,+3.333333,mac_part2_final_C3,floodmar_FINAL_C3_1030_to1440_2h-00034.vtu,floodmar_equalVolume_60d_t1098h_0183.vtu,hardlink
184,1104,1104.055555555556,+3.333333,mac_part2_final_C3,floodmar_FINAL_C3_1030_to1440_2h-00037.vtu,floodmar_equalVolume_60d_t1104h_0184.vtu,hardlink
185,1110,1110.055555555556,+3.333333,mac_part2_final_C3,floodmar_FINAL_C3_1030_to1440_2h-00040.vtu,floodmar_equalVolume_60d_t1110h_0185.vtu,hardlink
186,1116,1116.055555555556,+3.333333,mac_part2_final_C3,floodmar_FINAL_C3_1030_to1440_2h-00043.vtu,floodmar_equalVolume_60d_t1116h_0186.vtu,hardlink
187,1122,1122.055555555556,+3.333333,mac_part2_final_C3,floodmar_FINAL_C3_1030_to1440_2h-00046.vtu,floodmar_equalVolume_60d_t1122h_0187.vtu,hardlink
188,1128,1128.055555555556,+3.333333,mac_part2_final_C3,floodmar_FINAL_C3_1030_to1440_2h-00049.vtu,floodmar_equalVolume_60d_t1128h_0188.vtu,hardlink
189,1134,1134.055555555556,+3.333333,mac_part2_final_C3,floodmar_FINAL_C3_1030_to1440_2h-00052.vtu,floodmar_equalVolume_60d_t1134h_0189.vtu,hardlink
190,1140,1140.055555555556,+3.333333,mac_part2_final_C3,floodmar_FINAL_C3_1030_to1440_2h-00055.vtu,floodmar_equalVolume_60d_t1140h_0190.vtu,hardlink
191,1146,1146.055555555556,+3.333333,mac_part2_final_C3,floodmar_FINAL_C3_1030_to1440_2h-00058.vtu,floodmar_equalVolume_60d_t1146h_0191.vtu,hardlink
192,1152,1152.055555555556,+3.333333,mac_part2_final_C3,floodmar_FINAL_C3_1030_to1440_2h-00061.vtu,floodmar_equalVolume_60d_t1152h_0192.vtu,hardlink
193,1158,1158.041666666667,+2.500000,mac_part2_final_C3,floodmar_FINAL_C3_1030_to1440_2h-00064.vtu,floodmar_equalVolume_60d_t1158h_0193.vtu,hardlink
194,1164,1164.041666666667,+2.500000,mac_part2_final_C3,floodmar_FINAL_C3_1030_to1440_2h-00067.vtu,floodmar_equalVolume_60d_t1164h_0194.vtu,hardlink
195,1170,1170.041666666667,+2.500000,mac_part2_final_C3,floodmar_FINAL_C3_1030_to1440_2h-00070.vtu,floodmar_equalVolume_60d_t1170h_0195.vtu,hardlink
196,1176,1176.041666666667,+2.500000,mac_part2_final_C3,floodmar_FINAL_C3_1030_to1440_2h-00073.vtu,floodmar_equalVolume_60d_t1176h_0196.vtu,hardlink
197,1182,1182.041666666667,+2.500000,mac_part2_final_C3,floodmar_FINAL_C3_1030_to1440_2h-00076.vtu,floodmar_equalVolume_60d_t1182h_0197.vtu,hardlink
198,1188,1188.041666666667,+2.500000,mac_part2_final_C3,floodmar_FINAL_C3_1030_to1440_2h-00079.vtu,floodmar_equalVolume_60d_t1188h_0198.vtu,hardlink
199,1194,1194.041666666667,+2.500000,mac_part2_final_C3,floodmar_FINAL_C3_1030_to1440_2h-00082.vtu,floodmar_equalVolume_60d_t1194h_0199.vtu,hardlink
200,1200,1200.041666666667,+2.500000,mac_part2_final_C3,floodmar_FINAL_C3_1030_to1440_2h-00085.vtu,floodmar_equalVolume_60d_t1200h_0200.vtu,hardlink
201,1206,1206.041666666667,+2.500000,mac_part2_final_C3,floodmar_FINAL_C3_1030_to1440_2h-00088.vtu,floodmar_equalVolume_60d_t1206h_0201.vtu,hardlink
202,1212,1212.041666666667,+2.500000,mac_part2_final_C3,floodmar_FINAL_C3_1030_to1440_2h-00091.vtu,floodmar_equalVolume_60d_t1212h_0202.vtu,hardlink
203,1218,1218.041666666667,+2.500000,mac_part2_final_C3,floodmar_FINAL_C3_1030_to1440_2h-00094.vtu,floodmar_equalVolume_60d_t1218h_0203.vtu,hardlink
204,1224,1224.041666666667,+2.500000,mac_part2_final_C3,floodmar_FINAL_C3_1030_to1440_2h-00097.vtu,floodmar_equalVolume_60d_t1224h_0204.vtu,hardlink
205,1230,1230.041666666667,+2.500000,mac_part2_final_C3,floodmar_FINAL_C3_1030_to1440_2h-00100.vtu,floodmar_equalVolume_60d_t1230h_0205.vtu,hardlink
206,1236,1236.041666666667,+2.500000,mac_part2_final_C3,floodmar_FINAL_C3_1030_to1440_2h-00103.vtu,floodmar_equalVolume_60d_t1236h_0206.vtu,hardlink
207,1242,1242.041666666667,+2.500000,mac_part2_final_C3,floodmar_FINAL_C3_1030_to1440_2h-00106.vtu,floodmar_equalVolume_60d_t1242h_0207.vtu,hardlink
208,1248,1248.041666666667,+2.500000,mac_part2_final_C3,floodmar_FINAL_C3_1030_to1440_2h-00109.vtu,floodmar_equalVolume_60d_t1248h_0208.vtu,hardlink
209,1254,1254.041666666667,+2.500000,mac_part2_final_C3,floodmar_FINAL_C3_1030_to1440_2h-00112.vtu,floodmar_equalVolume_60d_t1254h_0209.vtu,hardlink
210,1260,1260.041666666667,+2.500000,mac_part2_final_C3,floodmar_FINAL_C3_1030_to1440_2h-00115.vtu,floodmar_equalVolume_60d_t1260h_0210.vtu,hardlink
211,1266,1266.041666666667,+2.500000,mac_part2_final_C3,floodmar_FINAL_C3_1030_to1440_2h-00118.vtu,floodmar_equalVolume_60d_t1266h_0211.vtu,hardlink
212,1272,1272.041666666667,+2.500000,mac_part2_final_C3,floodmar_FINAL_C3_1030_to1440_2h-00121.vtu,floodmar_equalVolume_60d_t1272h_0212.vtu,hardlink
213,1278,1278.041666666667,+2.500000,mac_part2_final_C3,floodmar_FINAL_C3_1030_to1440_2h-00124.vtu,floodmar_equalVolume_60d_t1278h_0213.vtu,hardlink
214,1284,1284.041666666667,+2.500000,mac_part2_final_C3,floodmar_FINAL_C3_1030_to1440_2h-00127.vtu,floodmar_equalVolume_60d_t1284h_0214.vtu,hardlink
215,1290,1290.041666666667,+2.500000,mac_part2_final_C3,floodmar_FINAL_C3_1030_to1440_2h-00130.vtu,floodmar_equalVolume_60d_t1290h_0215.vtu,hardlink
216,1296,1296.041666666667,+2.500000,mac_part2_final_C3,floodmar_FINAL_C3_1030_to1440_2h-00133.vtu,floodmar_equalVolume_60d_t1296h_0216.vtu,hardlink
217,1302,1302.041666666667,+2.500000,mac_part2_final_C3,floodmar_FINAL_C3_1030_to1440_2h-00136.vtu,floodmar_equalVolume_60d_t1302h_0217.vtu,hardlink
218,1308,1308.041666666667,+2.500000,mac_part2_final_C3,floodmar_FINAL_C3_1030_to1440_2h-00139.vtu,floodmar_equalVolume_60d_t1308h_0218.vtu,hardlink
219,1314,1314.041666666667,+2.500000,mac_part2_final_C3,floodmar_FINAL_C3_1030_to1440_2h-00142.vtu,floodmar_equalVolume_60d_t1314h_0219.vtu,hardlink
220,1320,1320.041666666667,+2.500000,mac_part2_final_C3,floodmar_FINAL_C3_1030_to1440_2h-00145.vtu,floodmar_equalVolume_60d_t1320h_0220.vtu,hardlink
221,1326,1326.041666666667,+2.500000,mac_part2_final_C3,floodmar_FINAL_C3_1030_to1440_2h-00148.vtu,floodmar_equalVolume_60d_t1326h_0221.vtu,hardlink
222,1332,1332.041666666667,+2.500000,mac_part2_final_C3,floodmar_FINAL_C3_1030_to1440_2h-00151.vtu,floodmar_equalVolume_60d_t1332h_0222.vtu,hardlink
223,1338,1338.041666666667,+2.500000,mac_part2_final_C3,floodmar_FINAL_C3_1030_to1440_2h-00154.vtu,floodmar_equalVolume_60d_t1338h_0223.vtu,hardlink
224,1344,1344.041666666667,+2.500000,mac_part2_final_C3,floodmar_FINAL_C3_1030_to1440_2h-00157.vtu,floodmar_equalVolume_60d_t1344h_0224.vtu,hardlink
225,1350,1350.041666666667,+2.500000,mac_part2_final_C3,floodmar_FINAL_C3_1030_to1440_2h-00160.vtu,floodmar_equalVolume_60d_t1350h_0225.vtu,hardlink
226,1356,1356.041666666667,+2.500000,mac_part2_final_C3,floodmar_FINAL_C3_1030_to1440_2h-00163.vtu,floodmar_equalVolume_60d_t1356h_0226.vtu,hardlink
227,1362,1362.041666666667,+2.500000,mac_part2_final_C3,floodmar_FINAL_C3_1030_to1440_2h-00166.vtu,floodmar_equalVolume_60d_t1362h_0227.vtu,hardlink
228,1368,1368.041666666667,+2.500000,mac_part2_final_C3,floodmar_FINAL_C3_1030_to1440_2h-00169.vtu,floodmar_equalVolume_60d_t1368h_0228.vtu,hardlink
229,1374,1374.041666666667,+2.500000,mac_part2_final_C3,floodmar_FINAL_C3_1030_to1440_2h-00172.vtu,floodmar_equalVolume_60d_t1374h_0229.vtu,hardlink
230,1380,1380.041666666667,+2.500000,mac_part2_final_C3,floodmar_FINAL_C3_1030_to1440_2h-00175.vtu,floodmar_equalVolume_60d_t1380h_0230.vtu,hardlink
231,1386,1386.041666666667,+2.500000,mac_part2_final_C3,floodmar_FINAL_C3_1030_to1440_2h-00178.vtu,floodmar_equalVolume_60d_t1386h_0231.vtu,hardlink
232,1392,1392.041666666667,+2.500000,mac_part2_final_C3,floodmar_FINAL_C3_1030_to1440_2h-00181.vtu,floodmar_equalVolume_60d_t1392h_0232.vtu,hardlink
233,1398,1398.041666666667,+2.500000,mac_part2_final_C3,floodmar_FINAL_C3_1030_to1440_2h-00184.vtu,floodmar_equalVolume_60d_t1398h_0233.vtu,hardlink
234,1404,1404.041666666667,+2.500000,mac_part2_final_C3,floodmar_FINAL_C3_1030_to1440_2h-00187.vtu,floodmar_equalVolume_60d_t1404h_0234.vtu,hardlink
235,1410,1410.041666666667,+2.500000,mac_part2_final_C3,floodmar_FINAL_C3_1030_to1440_2h-00190.vtu,floodmar_equalVolume_60d_t1410h_0235.vtu,hardlink
236,1416,1416.041666666667,+2.500000,mac_part2_final_C3,floodmar_FINAL_C3_1030_to1440_2h-00193.vtu,floodmar_equalVolume_60d_t1416h_0236.vtu,hardlink
237,1422,1422.041666666667,+2.500000,mac_part2_final_C3,floodmar_FINAL_C3_1030_to1440_2h-00196.vtu,floodmar_equalVolume_60d_t1422h_0237.vtu,hardlink
238,1428,1428.041666666667,+2.500000,mac_part2_final_C3,floodmar_FINAL_C3_1030_to1440_2h-00199.vtu,floodmar_equalVolume_60d_t1428h_0238.vtu,hardlink
239,1434,1434.041666666667,+2.500000,mac_part2_final_C3,floodmar_FINAL_C3_1030_to1440_2h-00202.vtu,floodmar_equalVolume_60d_t1434h_0239.vtu,hardlink
240,1440,1440.000000000000,+0.000000,mac_part2_final_C3,floodmar_FINAL_C3_1030_to1440_2h-00205.vtu,floodmar_equalVolume_60d_t1440h_0240.vtu,hardlink
