r_target_m,r_cell_m,z_m,depth_m,S_liq,S_gas,p_liq,p_gas,porosity,x^O2_liq,x^O2_gas,rhoMolar_liq,rhoMolar_gas,phase presence,O2_liq_bulk,O2_gas_bulk,O2_total_bulk
1.0,0.9333333333333332,29.833333333333332,0.15833333333333144,0.703148686564797,0.296851313435203,90007.3044217684,91321.3670345163,0.381022,3.5089605436469e-06,0.170452090876916,55344.3987629181,36.8406741814579,3.0,0.052029467470799375,0.7102625712632311,0.7622920387340305
1.0,0.9333333333333332,29.733333333333334,0.2583333333333293,0.814899724286594,0.185100275713407,90282.8774806114,91324.8606875049,0.381022,3.95253375303877e-06,0.191991862224715,55344.4056507845,36.8420835026876,3.0,0.06792091664003488,0.4988662478852519,0.5667871645252868
1.0,0.9333333333333332,29.633333333333336,0.3583333333333272,0.883119224299299,0.116880775700701,90376.698406956,91236.4148095463,0.381022,4.52850502272302e-06,0.220182548844474,55344.4079958106,36.8064048765777,3.0,0.0843330857054897,0.36091042876292645,0.44524351446841615
1.0,0.9333333333333332,29.53333333333333,0.45833333333333215,0.950758459641634,0.0492415403583658,90380.2282313199,91002.9029297777,0.381022,5.26069424712971e-06,0.256438995553134,55344.4080840375,36.7122073503772,3.0,0.10547197025754868,0.17663479025779644,0.2821067605153451
1.0,0.9666666666666667,29.433333333333334,0.55833333333333,1.0,0.0,90643.2041191541,90643.2041191541,0.381022,5.34453017359495e-06,0.261559522936276,55344.4146570414,28.2217766642908,1.0,0.11270245702005735,0.0,0.11270245702005735
1.0,0.9666666666666667,29.333333333333332,0.6583333333333314,1.0,0.0,90922.1104752871,90922.1104752871,0.381022,4.5475983268356e-06,0.221875241030632,55344.4216282226,16.0794653405506,1.0,0.09589721694613036,0.0,0.09589721694613036
1.0,0.9666666666666667,29.233333333333334,0.7583333333333293,1.0,0.0,91193.3068511454,91193.3068511454,0.381022,4.2275024481439e-06,0.205644526901329,55344.4284066951,11.3635945278412,1.0,0.08914722451868798,0.0,0.08914722451868798
1.0,0.9666666666666667,29.133333333333336,0.8583333333333272,1.0,0.0,91457.5400254443,91457.5400254443,0.381022,4.08408607892655e-06,0.198094137657487,55344.4350111244,9.5142841150048,1.0,0.0861229500266752,0.0,0.0861229500266752
1.0,0.9666666666666667,29.03333333333333,0.9583333333333321,1.0,0.0,91715.3823361575,91715.3823361575,0.381022,4.00954041214039e-06,0.193931638322805,55344.4414558161,8.78931686409886,1.0,0.0845509820513301,0.0,0.0845509820513301
1.0,0.9666666666666667,28.933333333333334,1.05833333333333,1.0,0.0,91967.0610129039,91967.0610129039,0.381022,3.96144085011139e-06,0.191080830340926,55344.4477464495,8.49281328869538,1.0,0.08353669444802782,0.0,0.08353669444802782
1.0,0.9666666666666667,28.833333333333332,1.1583333333333314,1.0,0.0,92212.6144090424,92212.6144090424,0.381022,3.92317480426132e-06,0.18873114564338,55344.4538839834,8.35345134911846,1.0,0.08272977021094155,0.0,0.08272977021094155
1.0,0.9666666666666667,28.733333333333334,1.2583333333333293,1.0,0.0,92452.0078094462,92452.0078094462,0.381022,3.88843641534457e-06,0.186575625589547,55344.4598675501,8.26969710587921,1.0,0.08199723488011758,0.0,0.08199723488011758
1.0,0.9666666666666667,28.633333333333336,1.3583333333333272,1.0,0.0,92685.1866214303,92685.1866214303,0.381022,3.85489863781652e-06,0.184501068846192,55344.4656957849,8.2051240801973,1.0,0.08129001700625908,0.0,0.08129001700625908
1.0,0.9666666666666667,28.53333333333333,1.4583333333333321,1.0,0.0,92912.0972406674,92912.0972406674,0.381022,3.82170025954049e-06,0.182465436650095,55344.4713673482,8.14715383467632,1.0,0.0805899558238775,0.0,0.0805899558238775
1.0,0.9666666666666667,28.433333333333334,1.55833333333333,1.0,0.0,93132.6953863765,93132.6953863765,0.381022,3.78848950186773e-06,0.180451363541066,55344.476881133,8.09156818743722,1.0,0.07988963322018564,0.0,0.07988963322018564
1.0,0.9666666666666667,28.333333333333332,1.6583333333333314,1.0,0.0,93346.9501738515,93346.9501738515,0.381022,3.7550742824368e-06,0.178449218952832,55344.4822363675,8.03695776861545,1.0,0.0791849986698571,0.0,0.0791849986698571
1.0,0.9666666666666667,28.233333333333334,1.7583333333333293,1.0,0.0,93554.8465720531,93554.8465720531,0.381022,3.72129715028959e-06,0.176451076242503,55344.487432676,7.98281113551703,1.0,0.07847273193523453,0.0,0.07847273193523453
1.0,0.9666666666666667,28.133333333333336,1.8583333333333272,1.0,0.0,93756.3868152199,93756.3868152199,0.381022,3.68698869195335e-06,0.174448482365284,55344.4924701142,7.92887658248417,1.0,0.0777492605189922,0.0,0.0777492605189922
1.0,0.9666666666666667,28.03333333333333,1.9583333333333321,1.0,0.0,93951.5907803872,93951.5907803872,0.381022,3.65194565013735e-06,0.172431425975222,55344.4973491791,7.87494896114633,1.0,0.0770102982427548,0.0,0.0770102982427548
1.0,0.9333333333333332,27.933333333333334,2.05833333333333,1.0,0.0,94124.880989775,94124.880989775,0.381022,3.62106435528442e-06,0.1706585516058,55344.5016805162,7.82828832776712,1.0,0.07635909580693927,0.0,0.07635909580693927
1.0,0.9666666666666667,27.866666666666664,2.125,1.0,0.0,94196.6439128558,94196.6439128558,0.381022,3.59928252964404e-06,0.169502754759135,55344.5034742091,7.79619045800362,1.0,0.07589977461285179,0.0,0.07589977461285179
1.0,0.9333333333333332,27.733333333333334,2.2583333333333293,1.0,0.0,94407.9607523773,94407.9607523773,0.381022,3.56188255808655e-06,0.167365997861526,55344.5087560105,7.7427461341269,1.0,0.07511111087559605,0.0,0.07511111087559605
1.0,0.9666666666666667,27.666666666666668,2.3249999999999957,1.0,0.0,94477.8114851855,94477.8114851855,0.381022,3.54039263051759e-06,0.166233234628523,55344.5105019087,7.71306921947861,1.0,0.07465794491147036,0.0,0.07465794491147036
1.0,0.9333333333333332,27.53333333333333,2.458333333333332,1.0,0.0,94682.3754588446,94682.3754588446,0.381022,3.50351646003805e-06,0.164146364731493,55344.5156149242,7.66425560965442,1.0,0.07388032637399472,0.0,0.07388032637399472
1.0,0.9666666666666667,27.46666666666667,2.524999999999995,1.0,0.0,94750.2777153947,94750.2777153947,0.381022,3.48234372711191e-06,0.16303745852056,55344.5173121208,7.63753619889759,1.0,0.07343384908553326,0.0,0.07343384908553326
1.0,0.9333333333333332,27.333333333333332,2.6583333333333314,1.0,0.0,94948.2452080728,94948.2452080728,0.381022,3.4460502904031e-06,0.161001870085227,55344.5222602593,7.59440402095209,1.0,0.07266851850989256,0.0,0.07266851850989256
1.0,0.9666666666666667,27.266666666666666,2.724999999999998,1.0,0.0,95014.1778210193,95014.1778210193,0.381022,3.42523650217285e-06,0.159918387143368,55344.5239082253,7.5713214902389,1.0,0.07222961030593843,0.0,0.07222961030593843
1.0,0.9333333333333332,27.133333333333336,2.858333333333327,1.0,0.0,95205.7173007646,95205.7173007646,0.381022,3.38960619006744e-06,0.157936484476441,55344.5286956974,7.53517909372396,1.0,0.07147826295276284,0.0,0.07147826295276284
1.0,0.9666666666666667,27.066666666666666,2.924999999999997,1.0,0.0,95269.673421767,95269.673421767,0.381022,3.36920042903142e-06,0.156880304267832,55344.5302942616,7.51656775102522,1.0,0.0710479588656947,0.0,0.0710479588656947
1.0,0.9333333333333332,26.933333333333334,3.05833333333333,1.0,0.0,95454.9673200867,95454.9673200867,0.381022,3.33431796980588e-06,0.154954692251314,55344.5349256273,7.48900875194266,1.0,0.07031238146200033,0.0,0.07031238146200033
1.0,0.9666666666666667,26.866666666666664,3.125,1.0,0.0,95516.9532296102,95516.9532296102,0.381022,3.31436938471922e-06,0.153927671514927,55344.5364749466,7.47588202521287,1.0,0.06989171792205963,0.0,0.06989171792205963
1.0,0.9333333333333332,26.733333333333334,3.2583333333333293,1.0,0.0,95696.1985732938,95696.1985732938,0.381022,3.28031820761018e-06,0.152060894333534,55344.5409551305,7.45884585092679,1.0,0.06917366980194338,0.0,0.06917366980194338
1.0,0.9666666666666667,26.666666666666668,3.3249999999999957,1.0,0.0,95756.2323180326,95756.2323180326,0.381022,3.26087619416014e-06,0.151064880909231,55344.5424556561,7.45244056523438,1.0,0.06876368844711866,0.0,0.06876368844711866
1.0,0.9333333333333332,26.53333333333333,3.458333333333332,1.0,0.0,95929.6404417467,95929.6404417467,0.381022,3.22774418255134e-06,0.149259692483669,55344.5467899404,7.44830579184711,1.0,0.06806502287191861,0.0,0.06806502287191861
1.0,0.9666666666666667,26.46666666666667,3.524999999999995,1.0,0.0,95987.7504464226,95987.7504464226,0.381022,3.20886321866747e-06,0.148296753504075,55344.5482423826,7.45014300977495,1.0,0.06766687251240794,0.0,0.06766687251240794
1.0,0.9333333333333332,26.333333333333332,3.6583333333333314,1.0,0.0,96155.5461301126,96155.5461301126,0.381022,3.17675257833193e-06,0.146556574088957,55344.5524363857,7.46184511835132,1.0,0.06698974476712888,0.0,0.06698974476712888
1.0,0.9666666666666667,26.266666666666666,3.724999999999998,1.0,0.0,96211.7698665451,96211.7698665451,0.381022,3.15849802825236e-06,0.145629265283019,55344.5538416812,7.47380405506162,1.0,0.06660480377850903,0.0,0.06660480377850903
1.0,0.9333333333333332,26.133333333333336,3.858333333333327,1.0,0.0,96374.1901795745,96374.1901795745,0.381022,3.12753501505234e-06,0.143958625372107,55344.5579013285,7.50497573249242,1.0,0.06595187630468773,0.0,0.06595187630468773
1.0,0.9666666666666667,26.066666666666666,3.924999999999997,1.0,0.0,96428.5729345233,96428.5729345233,0.381022,3.10998857373175e-06,0.143070240086271,55344.5592606092,7.52938169298366,1.0,0.06558186743686238,0.0,0.06558186743686238
1.0,0.9333333333333332,25.933333333333334,4.05833333333333,1.0,0.0,96585.8659944568,96585.8659944568,0.381022,3.08033265804995e-06,0.141475192774037,55344.5631921024,7.58452076421323,1.0,0.06495650308762001,0.0,0.06495650308762001
1.0,0.9666666666666667,25.866666666666664,4.125,1.0,0.0,96638.4597541722,96638.4597541722,0.381022,3.06359771622058e-06,0.140630004219061,55344.5645066677,7.62425108720567,1.0,0.06460360660060217,0.0,0.06460360660060217
1.0,0.9333333333333332,25.733333333333334,4.258333333333329,1.0,0.0,96790.8835426795,96790.8835426795,0.381022,3.03545125350467e-06,0.139118555860244,55344.5683164548,7.70892448643545,1.0,0.0640100725684607,0.0,0.0640100725684607
1.0,0.9666666666666667,25.666666666666668,4.324999999999996,1.0,0.0,96841.7460007737,96841.7460007737,0.381022,3.01965886446002e-06,0.138322084160594,55344.5695877468,7.76753775633463,1.0,0.06367705205703714,0.0,0.06367705205703714
1.0,0.9333333333333332,25.53333333333333,4.458333333333332,1.0,0.0,96989.5673290949,96989.5673290949,0.381022,2.9932784137573e-06,0.136904695592687,55344.5732824968,7.88863141269073,1.0,0.0631207585538292,0.0,0.0631207585538292
1.0,0.9666666666666667,25.46666666666667,4.524999999999995,1.0,0.0,97038.7610180322,97038.7610180322,0.381022,2.97859446244093e-06,0.136164027003867,55344.5745120784,7.97052596300134,1.0,0.06281111212589145,0.0,0.06281111212589145
1.0,0.9333333333333332,25.333333333333332,4.658333333333331,1.0,0.0,97182.2546980461,97182.2546980461,0.381022,2.95430468191167e-06,0.134854227042264,55344.5780986601,8.1365519519386,1.0,0.062298905404824696,0.0,0.062298905404824696
1.0,0.9666666666666667,25.266666666666666,4.724999999999998,1.0,0.0,97229.846242006,97229.846242006,0.381022,2.940938759455e-06,0.134178407845842,55344.5792881965,8.24716070521162,1.0,0.06201705282342544,0.0,0.06201705282342544
1.0,0.9333333333333332,25.133333333333336,4.858333333333327,1.0,0.0,97369.2944938889,97369.2944938889,0.381022,2.91914973220127e-06,0.132993556715854,55344.582773664,8.4686353031666,1.0,0.061557580538072414,0.0,0.061557580538072414
1.0,0.9666666666666667,25.066666666666666,4.924999999999997,1.0,0.0,97415.353979084,97415.353979084,0.381022,2.90736622473774e-06,0.132394084261685,55344.5839249071,8.6146656069869,1.0,0.0613090970571205,0.0,0.0613090970571205
1.0,0.9333333333333332,24.933333333333334,5.05833333333333,1.0,0.0,97551.0460911103,97551.0460911103,0.381022,2.88859518032286e-06,0.131356329220072,55344.587316491,8.9045754928672,1.0,0.06091326631472129,0.0,0.06091326631472129
1.0,0.9666666666666667,24.866666666666664,5.125,1.0,0.0,97595.6465490745,97595.6465490745,0.381022,2.87872719172526e-06,0.130847767344345,55344.5884312661,9.0943051986413,1.0,0.06070517627514085,0.0,0.06070517627514085
1.0,0.9333333333333332,24.733333333333334,5.258333333333329,1.0,0.0,97727.8787976998,97727.8787976998,0.381022,2.86362588211774e-06,0.129985245490869,55344.5917363717,9.46868493484859,1.0,0.060386730927823984,0.0,0.060386730927823984
1.0,0.9666666666666667,24.666666666666668,5.324999999999996,1.0,0.0,97771.0957975776,97771.0957975776,0.381022,2.85609283588975e-06,0.12958600144173,55344.5928165677,9.71233032706428,1.0,0.06022787893802076,0.0,0.06022787893802076
1.0,0.9333333333333332,24.53333333333333,5.458333333333332,1.0,0.0,97900.1716354443,97900.1716354443,0.381022,2.84548235843073e-06,0.128934368154233,55344.5960427798,10.1909844649964,1.0,0.060004133913448984,0.0,0.060004133913448984
1.0,0.9666666666666667,24.46666666666667,5.524999999999995,1.0,0.0,97942.0829836359,97942.0829836359,0.381022,2.84081253245561e-06,0.128667686199832,55344.5970903415,10.5011635379882,1.0,0.05990566005158875,0.0,0.05990566005158875
1.0,0.9333333333333332,24.333333333333332,5.658333333333331,1.0,0.0,98068.3135101157,98068.3135101157,0.381022,2.83572837949999e-06,0.128272091172954,55344.6002454358,11.108586007459,1.0,0.059798451339011044,0.0,0.059798451339011044
1.0,0.9666666666666667,24.266666666666666,5.724999999999998,1.0,0.0,98108.9990606529,98108.9990606529,0.381022,2.83458843273644e-06,0.128167353794265,55344.601262359,11.5009165952348,1.0,0.05977441379824035,0.0,0.05977441379824035
1.0,0.9333333333333332,24.133333333333336,5.858333333333327,1.0,0.0,98232.7038046628,98232.7038046628,0.381022,2.83634062689005e-06,0.128085078831522,55344.6043543222,12.2675018756961,1.0,0.05981136655264674,0.0,0.05981136655264674
1.0,0.9666666666666667,24.066666666666666,5.924999999999997,1.0,0.0,98272.2453936284,98272.2453936284,0.381022,2.83957599461649e-06,0.128179587300961,55344.6053426524,12.7614110162226,1.0,0.05987959347720063,0.0,0.05987959347720063
1.0,0.9333333333333332,23.933333333333334,6.05833333333333,1.0,0.0,98393.7534662942,98393.7534662942,0.381022,2.84983402627398e-06,0.128483775999599,55344.6083797104,13.7251504024685,1.0,0.060095913142886766,0.0,0.060095913142886766
1.0,0.9666666666666667,23.866666666666664,6.125,1.0,0.0,98432.235003222,98432.235003222,0.381022,2.85852820651536e-06,0.128825366831757,55344.609341545,14.3450552640964,1.0,0.06027925283259712,0.0,0.06027925283259712
1.0,0.9333333333333332,23.733333333333334,6.258333333333329,1.0,0.0,98551.8867319834,98551.8867319834,0.381022,2.8794507300031e-06,0.129610731236998,55344.6123322042,15.5541170729758,1.0,0.060720460115285604,0.0,0.060720460115285604
1.0,0.9666666666666667,23.666666666666668,6.324999999999996,1.0,0.0,98589.394521532,98589.394521532,0.381022,2.89501858332602e-06,0.130261900009495,55344.6132697003,16.3312775971199,1.0,0.06104874848800284,0.0,0.06104874848800284
1.0,0.9333333333333332,23.53333333333333,6.458333333333332,1.0,0.0,98707.5438003011,98707.5438003011,0.381022,2.92946015023478e-06,0.131653831108013,55344.6162228062,17.8481043939347,1.0,0.06177503885120963,0.0,0.06177503885120963
1.0,0.9666666666666667,23.46666666666667,6.524999999999995,1.0,0.0,98744.1672556452,98744.1672556452,0.381022,2.95379232988265e-06,0.13269811661211,55344.6171381986,18.8234730976569,1.0,0.06228814511790546,0.0,0.06228814511790546
1.0,0.9333333333333332,23.333333333333332,6.658333333333331,1.0,0.0,98861.1851790531,98861.1851790531,0.381022,3.00560265424609e-06,0.134865853479455,55344.6200630267,20.7306512555039,1.0,0.06338069954824907,0.0,0.06338069954824907
1.0,0.9666666666666667,23.266666666666666,6.724999999999998,1.0,0.0,98897.018275969,98897.018275969,0.381022,3.04124633172302e-06,0.136415793116215,55344.6209586642,21.958376653262,1.0,0.06413233727026413,0.0,0.06413233727026413
1.0,0.9333333333333332,23.133333333333336,6.858333333333327,1.0,0.0,99013.2996057302,99013.2996057302,0.381022,3.11556966019496e-06,0.139585460784283,55344.6238650814,24.3643196110929,1.0,0.06569963525985109,0.0,0.06569963525985109
1.0,0.9666666666666667,23.066666666666666,6.924999999999997,1.0,0.0,99048.4436977866,99048.4436977866,0.381022,3.16584985618143e-06,0.141787815090056,55344.6247434975,25.9139212454672,1.0,0.06675992092142925,0.0,0.06675992092142925
1.0,0.9333333333333332,22.933333333333334,7.05833333333333,1.0,0.0,99164.4203069142,99164.4203069142,0.381022,3.26920581613239e-06,0.146245542410819,55344.6276422982,28.9538699278099,1.0,0.06893944536446407,0.0,0.06893944536446407
1.0,0.9666666666666667,22.866666666666664,7.125,1.0,0.0,99198.9883047678,99198.9883047678,0.381022,3.33821749072725e-06,0.149280691271205,55344.628506315,30.909611629926,1.0,0.07039473158093075,0.0,0.07039473158093075
1.0,0.9333333333333332,22.733333333333334,7.258333333333329,1.0,0.0,99315.1569608155,99315.1569608155,0.381022,3.47852601412739e-06,0.155373151353668,55344.6314099159,34.7450180509028,1.0,0.07335349436902396,0.0,0.07335349436902396
1.0,0.9666666666666667,22.666666666666668,7.324999999999996,1.0,0.0,99349.2736322465,99349.2736322465,0.381022,3.57141293571734e-06,0.15946729344155,55344.632262652,37.2104719736717,1.0,0.07531225054580298,0.0,0.07531225054580298
1.0,0.9333333333333332,22.53333333333333,7.458333333333332,0.993977972024728,0.00602202797527172,99466.2325519435,99759.8202200042,0.381022,3.66386060317523e-06,0.162921926287799,55344.6351860053,40.2447040020122,3.0,0.07679647449082096,0.015044615569107234,0.09184109005992819
1.0,0.9666666666666667,22.46666666666667,7.524999999999995,0.990365100746992,0.0096348992530076,99499.0396454612,99854.4241408847,0.381022,3.62695980599537e-06,0.161128247460964,55344.6360060088,40.2828667507309,3.0,0.07574668979841952,0.023828092830056814,0.09957478262847633
1.0,0.9333333333333332,22.333333333333332,7.658333333333331,0.985723157394276,0.0142768426057241,99603.4237927158,100009.251010296,0.381022,3.56315043473441e-06,0.158048448114397,55344.6386150594,40.3453231358143,3.0,0.07406528975976633,0.034686913558530985,0.10875220331829731
1.0,0.9666666666666667,22.266666666666666,7.724999999999998,0.98482932668186,0.0151706733181402,99629.3324261599,100043.599105254,0.381022,3.52522265583977e-06,0.156312423837749,55344.639262638,40.3591789856507,3.0,0.07321046051144363,0.036466218442139126,0.10967667895358275
1.0,0.9333333333333332,22.133333333333336,7.858333333333327,0.983172779449409,0.016827220550591,99708.9716327657,100138.076092534,0.381022,3.46063430000153e-06,0.153303728289387,55344.6412531962,40.3972905300469,3.0,0.07174822855824887,0.039707029073246435,0.1114552576314953
1.0,0.9666666666666667,22.066666666666666,7.924999999999997,0.982781768419934,0.0172182315800659,99731.2760878741,100163.745803292,0.381022,3.42271266308326e-06,0.151584967987984,55344.6418106894,40.4076455630906,3.0,0.07093379023050551,0.04018447321239395,0.11111826344289946
1.0,0.9333333333333332,21.916666666666668,8.074999999999996,0.981831416005627,0.0181685839943732,99805.9986997468,100246.450397247,0.381022,3.35055541917291e-06,0.148266847687718,55344.6436783588,40.4410081828999,3.0,0.0693712272949924,0.041508511643395044,0.11087973893838744
1.0,0.9666666666666667,21.833333333333332,8.158333333333331,0.981581626011073,0.0184183739889271,99827.7895414364,100270.295124273,0.381022,3.30577934915101e-06,0.146250655502787,55344.6442230144,40.4506270266457,3.0,0.06842675343090239,0.04151685227916545,0.10994360571006784
1.0,0.9333333333333332,21.666666666666668,8.324999999999996,0.980954240509198,0.0190457594908019,99900.298219877,100347.885964442,0.381022,3.22895315385718e-06,0.142741339786797,55344.6460353472,40.4819267837574,3.0,0.06679380120725852,0.041933324213996565,0.10872712542125508
1.0,0.9666666666666667,21.583333333333332,8.408333333333331,0.980783996376843,0.019216003623157,99920.1215328663,100369.070061368,0.381022,3.1848062926669e-06,0.140760037693653,55344.646530825,40.4904723426231,3.0,0.06586915070919978,0.04172970761718909,0.10759885832638888
1.0,0.9333333333333332,21.416666666666668,8.574999999999996,0.980324836476895,0.0196751635231046,99985.6023051409,100438.183463506,0.381022,3.10883320118509e-06,0.137307678385813,55344.6481674973,40.5183523436204,3.0,0.06426775216360892,0.04170758116838387,0.10597533333199279
1.0,0.9666666666666667,21.333333333333332,8.658333333333331,0.980193611180388,0.0198063888196122,100003.823283765,100457.432794773,0.381022,3.065257857283e-06,0.135357146707423,55344.6486229253,40.5261174276923,3.0,0.06335845357796606,0.041397254779705975,0.10475570835767203
1.0,0.9333333333333332,21.166666666666668,8.824999999999996,0.979825402483245,0.0201745975167547,100063.824957423,100520.297244587,0.381022,2.99022253623863e-06,0.131961121630444,55344.6501226492,40.5514766325663,3.0,0.061784267686300465,0.04113463073751548,0.10291889842381594
1.0,0.9666666666666667,21.083333333333332,8.908333333333331,0.979716244029531,0.0202837559704694,100080.655673041,100537.970328773,0.381022,2.94730464932327e-06,0.130044254077454,55344.6505433279,40.5586058664461,3.0,0.060890710264743554,0.04076360791746223,0.10165431818220579
1.0,0.9333333333333332,20.916666666666668,9.074999999999996,0.979402950987077,0.0205970490129232,100136.105408467,100595.822012705,0.381022,2.87348086543978e-06,0.12671400503904,55344.6519292775,40.5819429466258,3.0,0.05934654362909565,0.0403564084192551,0.09970295204835075
1.0,0.9666666666666667,20.833333333333332,9.158333333333331,0.979307566285143,0.0206924337148568,100151.68867672,100612.132012073,0.381022,2.83139022339286e-06,0.124837662527977,55344.6523187767,40.5885223189041,3.0,0.05847154291504932,0.03994942141297552,0.09842096432802484
1.0,0.9333333333333332,20.666666666666668,9.324999999999996,0.979030470182755,0.0209695298172449,100203.212898446,100665.75555945,0.381022,2.75912788436979e-06,0.121586770977628,55344.6536066092,40.6101537899357,3.0,0.05696311949354744,0.0394511533360825,0.09641427282962994
1.0,0.9666666666666667,20.583333333333332,9.408333333333331,0.978944400957708,0.021055599042292,100217.657311519,100680.848501205,0.381022,2.718062207254e-06,0.119759169938515,55344.653967643,40.6162422072565,3.0,0.056110371949621055,0.03902349578744692,0.09513386773706797
1.0,0.9333333333333332,20.416666666666668,9.574999999999996,0.978692982953038,0.0213070170469618,100265.722724729,100730.798872602,0.381022,2.64772610866468e-06,0.116602277120267,55344.6551690237,40.6363919374605,3.0,0.05464435079285356,0.038467581087133475,0.09311193187998704
1.0,0.9666666666666667,20.333333333333332,9.658333333333331,0.978613639917122,0.0213863600828782,100279.118821438,100744.786932493,0.381022,2.60788566844422e-06,0.114831811804073,55344.6555038551,40.6420346509593,3.0,0.05381775201485624,0.03802984768639118,0.09184759970124742
1.0,0.9333333333333332,20.166666666666668,9.824999999999996,0.978381569294851,0.0216184307051492,100324.100535128,100791.492223532,0.381022,2.53982987333832e-06,0.11178332000315,55344.6566281596,40.6608753319682,3.0,0.05240088713671535,0.03743931940672964,0.08984020654344499
1.0,0.9666666666666667,20.083333333333332,9.908333333333331,0.978307338977935,0.021692661022065,100336.528614081,100804.46916049,0.381022,2.50140617401405e-06,0.110078038609355,55344.6569387958,40.6661101635289,3.0,0.05160422748090392,0.036999529172714804,0.08860375665361872
1.0,0.9333333333333332,19.916666666666668,10.074999999999996,0.978090571875055,0.0219094281249455,100378.745097738,100848.281720675,0.381022,2.43596054029156e-06,0.10715143660368,55344.6579939842,40.6837839313703,3.0,0.050242944330292805,0.036391539762946915,0.08663448409323972
1.0,0.9666666666666667,19.833333333333332,10.158333333333331,0.978020386319525,0.0219796136804752,100390.279118617,100860.330406194,0.381022,2.3991295272234e-06,0.105518731446536,55344.6582822736,40.6886443109386,3.0,0.049479735112016095,0.03595612558741254,0.08543586069942863
1.0,0.9333333333333332,19.666666666666668,10.324999999999996,0.977816201402574,0.022183798597426,100430.0111645,100901.553904504,0.381022,2.33659017838641e-06,0.102726134073209,55344.6592753642,40.7052736641593,3.0,0.04817986137160319,0.03534415388304959,0.08352401525465278
1.0,0.9666666666666667,19.583333333333332,10.408333333333331,0.977749328658784,0.0222506713412158,100440.720737332,100912.750077874,0.381022,2.30150868989416e-06,0.101172581010211,55344.6595430468,40.7097901445862,3.0,0.04745324519455087,0.03491844250587248,0.08237168770042334
1.0,0.9333333333333332,19.416666666666668,10.574999999999996,0.977555791466615,0.0224442085333853,100478.222317222,100951.654806585,0.381022,2.24212927809515e-06,0.0985243230633111,55344.6604803876,40.7254841177383,3.0,0.04621979157072664,0.034313424472752166,0.08053321604347881
1.0,0.9666666666666667,19.333333333333332,10.658333333333331,0.977491712887211,0.0225082871127892,100488.173760208,100962.069154927,0.381022,2.2089325811456e-06,0.0970555713411582,55344.660729121,40.729685213854,3.0,0.04553248224911059,0.033901898769138926,0.07943438101824951
1.0,0.9333333333333332,19.166666666666668,10.824999999999996,0.977307393981729,0.0226926060182705,100523.678132604,100998.900483131,0.381022,2.15291720715028e-06,0.0945598849428485,55344.6616165421,40.7445427876026,3.0,0.04436947624493031,0.033312774829292985,0.0776822510742233
1.0,0.9666666666666667,19.083333333333332,10.908333333333331,0.977245702581114,0.0227542974188859,100532.934921447,101008.599900309,0.381022,2.12171809417442e-06,0.0931806168059997,55344.6618479128,40.7484554840574,3.0,0.04372373364395179,0.032919271494201464,0.07664300513815325
1.0,0.9333333333333332,18.916666666666668,11.074999999999996,0.977069498983311,0.0229305010166888,100566.658375742,101043.583486806,0.381022,2.0692219091367e-06,0.0908436510244272,55344.6626908205,40.7625676880332,3.0,0.04263421996352653,0.032353383783166136,0.07498760374669267
1.0,0.9666666666666667,18.833333333333332,11.158333333333331,0.977009869491913,0.0229901305080872,100575.281291159,101052.631478855,0.381022,2.04009453187105e-06,0.0895568720562015,55344.6629063477,40.7662176028438,3.0,0.04203151474943288,0.03198091049327713,0.07401242524271001
1.0,0.9333333333333332,18.666666666666668,11.324999999999996,0.976840882870383,0.023159117129617,100607.425447395,101085.976557995,0.381022,1.99122602368322e-06,0.0873827887248302,55344.6637097813,40.779668841137,3.0,0.04101759495851218,0.03144427942077417,0.07246187437928635
1.0,0.9666666666666667,18.583333333333332,11.408333333333331,0.976783043290148,0.0232169567098518,100615.472597902,101094.433497586,0.381022,1.96421281030125e-06,0.08619013249013,55344.6639109174,40.7830803283373,3.0,0.04045874970610607,0.031095168675199198,0.07155391838130527
1.0,0.9333333333333332,18.416666666666668,11.574999999999996,0.976620507411524,0.0233794925884764,100646.225798623,101126.334860002,0.381022,1.91902715669767e-06,0.0841808109980835,55344.6646795845,40.7959491785155,3.0,0.03952144116601638,0.030592522009386426,0.0701139631754028
1.0,0.9666666666666667,18.333333333333332,11.658333333333331,0.976564222225638,0.0234357777743618,100653.752545333,101134.258049315,0.381022,1.89414005175155e-06,0.0830825938491709,55344.6648677133,40.7991453535179,3.0,0.03900665515911384,0.030268474679952563,0.0692751298390664
1.0,0.9333333333333332,18.166666666666668,11.824999999999996,0.97640745627137,0.0235925437286303,100683.290751377,101164.897316493,0.381022,1.85263918713849e-06,0.0812376315280087,55344.6656060119,40.8115050807803,3.0,0.03814589011134302,0.029803322717830504,0.06794921282917352
1.0,0.9666666666666667,18.083333333333332,11.908333333333331,0.976352514857651,0.023647485142349,100690.349606542,101172.340980592,0.381022,1.82986051382832e-06,0.0802328905443225,55344.6657824459,40.8145078177049,3.0,0.03767475670451743,0.02950543460855833,0.06718019131307576
1.0,0.9333333333333332,17.916666666666668,12.074999999999996,0.976200894280756,0.0237991057192439,100718.837009479,101201.887455908,0.381022,1.79199496128127e-06,0.0785496806952385,55344.6664944801,40.8264267181868,3.0,0.03688941876023013,0.029080139464616416,0.06596955822484654
1.0,0.9666666666666667,17.833333333333332,12.158333333333331,0.976147103316332,0.0238528966836677,100725.47754016,101208.902709008,0.381022,1.77127895371103e-06,0.0776362407643657,55344.6666604582,40.8292566362524,3.0,0.03646095675753548,0.028808931473161704,0.06526988823069718
1.0,0.9333333333333332,17.666666666666668,12.324999999999996,0.976000042147812,0.0239999578521878,100753.067029163,101237.513992675,0.381022,1.73695102917163e-06,0.0761101108466899,55344.6673500492,40.8407982850917,3.0,0.03574894621902417,0.028424779742946767,0.06417372596197093
1.0,0.9666666666666667,17.583333333333332,12.408333333333331,0.975947220728921,0.0240527792710785,100759.335785094,101244.148806911,0.381022,1.71822603412818e-06,0.0752846808619965,55344.6675067349,40.8434747360175,3.0,0.03536164514789651,0.02818023524627877,0.06354188039417528
1.0,0.9333333333333332,17.416666666666668,12.574999999999996,0.975804160257167,0.0241958397428328,100786.16934776,101271.971293856,0.381022,1.68729419814321e-06,0.0739090808881276,55344.6681774318,40.8546981881965,3.0,0.03471996820524191,0.027837521134494607,0.06255748933973651
1.0,0.9666666666666667,17.333333333333332,12.658333333333331,0.975752136695913,0.0242478633040872,100792.109819046,101278.270484424,0.381022,1.67046548437828e-06,0.0731673763575488,55344.6683259121,40.8572392502089,3.0,0.03437184613089001,0.027619132113316427,0.061990978244206435
1.0,0.9333333333333332,17.166666666666668,12.824999999999996,0.975612541903462,0.0243874580965384,100818.3189198,101305.439781773,0.381022,1.64274982183108e-06,0.0719341166210799,55344.6689810007,40.8681992089642,3.0,0.03379672749962935,0.027317251736102968,0.06111397923573232
1.0,0.9666666666666667,17.083333333333332,12.908333333333331,0.97556115292584,0.0244388470741602,100823.971534077,101311.445013785,0.381022,1.62770299114622e-06,0.0712710084541828,55344.6691222861,40.8706216895617,3.0,0.03348540126131191,0.027124073586374756,0.06060947484768667
1.0,0.9333333333333332,16.916666666666668,13.074999999999996,0.975424511621788,0.024575488378212,100849.677529179,101338.086373937,0.381022,1.60299171509661e-06,0.0701705419743731,55344.6697647998,40.8813686810853,3.0,0.032972417883642136,0.026861636488555194,0.059834054372197326
1.0,0.9666666666666667,16.833333333333332,13.158333333333331,0.975373602075017,0.0246263979249834,100855.079691703,101343.836208062,0.381022,1.58959656036844e-06,0.0695802246678605,55344.6698998253,40.8836881354486,3.0,0.0326951824815129,0.026692351702694912,0.059387534184207814
1.0,0.9333333333333332,16.666666666666668,13.324999999999996,0.975239426269834,0.0247605737301659,100880.39429023,101370.064990771,0.381022,1.5676529881508e-06,0.0686019501871485,55344.6705325561,40.8942686952888,3.0,0.03223940690546528,0.02646730145443796,0.05870670835990324
1.0,0.9666666666666667,16.583333333333332,13.408333333333331,0.975188849312383,0.0248111506876168,100885.5804625,101375.594963634,0.381022,1.55576741721146e-06,0.0680781127487317,55344.6706621829,40.8964994587152,3.0,0.03199331619547554,0.02632028591096092,0.05831360210643646
1.0,0.9333333333333332,16.416666666666668,13.574999999999996,0.975056677434812,0.0249433225651883,100910.606240825,101401.517144806,0.381022,1.53633680950656e-06,0.0672106716379009,55344.6712876948,40.9069563370237,3.0,0.031589457057003015,0.026130020948366074,0.057719478005369085
1.0,0.9666666666666667,16.333333333333332,13.658333333333331,0.975006295097056,0.0249937049029444,100915.60805198,101406.859879339,0.381022,1.52581066839105e-06,0.066746663998492,55344.6714127136,40.9091115694408,3.0,0.03137140233173202,0.026003409941889228,0.05737481227362125
1.0,0.9333333333333332,16.166666666666668,13.824999999999996,0.974875695175467,0.025124304824533,100940.4390234,101432.572607729,0.381022,1.50862695869512e-06,0.0659782323146033,55344.6720333563,40.9194839555397,3.0,0.031013942525706835,0.025844904402321057,0.056858846928027895
1.0,0.9666666666666667,16.083333333333332,13.908333333333331,0.974825379275056,0.0251746207249436,100945.285411534,101437.757950843,0.381022,1.49930577035951e-06,0.0655672279612695,55344.6721544903,40.9215756970432,3.0,0.030820729318557626,0.02573665848357598,0.05655738780213361
1.0,0.9333333333333332,15.916666666666666,14.074999999999998,0.974695952335316,0.0253040476646839,100970.007655376,101463.350162347,0.381022,1.48409807626938e-06,0.064885798917221,55344.6727724154,40.9318994672287,3.0,0.030504059615092716,0.02560658154441441,0.056110641159507126
1.0,0.9666666666666667,15.833333333333334,14.15833333333333,0.974645585364037,0.0253544146359625,100974.725035197,101468.405349045,0.381022,1.47582658767876e-06,0.0645209490763408,55344.6728903249,40.9339387042827,3.0,0.030332480519169543,0.025514550559524708,0.05584703107869425
1.0,0.9333333333333332,15.666666666666666,14.324999999999998,0.974516968286329,0.025483031713671,100999.417382685,101493.958441099,0.381022,1.46232526089648e-06,0.0639145952944353,55344.6735075028,40.9442466938741,3.0,0.030051023617981985,0.02540938043152929,0.055460404049511275
1.0,0.9666666666666667,15.583333333333334,14.40833333333333,0.974466444055515,0.0255335559444848,101004.029833921,101498.908280868,0.381022,1.45495066974149e-06,0.0635891690502812,55344.6736227896,40.9462434345017,3.0,0.029897924473692883,0.025331363533346102,0.05522928800703898
1.0,0.9333333333333332,15.416666666666666,14.574999999999998,0.974338311546465,0.0256616884535346,101028.76460138,101524.496839839,0.381022,1.44289268328251e-06,0.0630462758025749,55344.6742410278,40.9565657312669,3.0,0.029646245359807834,0.025247492462152642,0.05489373782196048
1.0,0.9666666666666667,15.333333333333334,14.65833333333333,0.974287535565719,0.0257124644342809,101033.294071932,101529.363919488,0.381022,1.43626744436858e-06,0.0627537817991307,55344.6743542406,40.9585290868745,3.0,0.029508582764055536,0.025181292131372122,0.05468987489542766
1.0,0.9333333333333332,15.166666666666666,14.824999999999998,0.974159601354853,0.0258403986451467,101058.137828876,101555.056487799,0.381022,1.42540095644986e-06,0.0622632442399592,55344.6749752028,40.9688933404852,3.0,0.02928148208482499,0.025115119011184885,0.05439660109600987
1.0,0.9666666666666667,15.083333333333334,14.90833333333333,0.974108491113628,0.0258915088863716,101062.604347956,101559.86138484,0.381022,1.41938509011382e-06,0.0619975305920374,55344.6750868422,40.9708316119384,3.0,0.029156370639439842,0.02505858730869022,0.05421495794813006
1.0,0.9333333333333332,14.916666666666666,15.074999999999998,0.97398050828303,0.0260194917169696,101087.618708951,101585.721257319,0.381022,1.40947307652871e-06,0.0615489102813495,55344.6757120686,40.9812633552119,3.0,0.0289489588915264,0.025006595638968405,0.053955554530494804
1.0,0.9666666666666667,14.833333333333334,15.15833333333333,0.973928993084959,0.0260710069150407,101092.040606135,101590.482762131,0.381022,1.40393594503071e-06,0.0613042412263982,55344.6758225926,40.9831841224559,3.0,0.028833707488884905,0.024957672171479196,0.0537913796603641
1.0,0.9333333333333332,14.666666666666666,15.324999999999998,0.973800752974677,0.0261992470253233,101117.283032882,101616.568801588,0.381022,1.39475889862869e-06,0.06088788191479,55344.6764535196,40.9937071003555,3.0,0.02864145998429967,0.024916493413805304,0.05355795339810497
1.0,0.9666666666666667,14.583333333333334,15.40833333333333,0.973748773307398,0.026251226692602,101121.677156773,101621.304142115,0.381022,1.3895804746491e-06,0.060658992281831,55344.6765633494,40.995617313057,3.0,0.028533597633697005,0.024873235183108362,0.05340683281680537
1.0,0.9333333333333332,14.416666666666666,15.574999999999998,0.973620103184442,0.0263798968155581,101147.201754112,101647.671596447,0.381022,1.38093824949124e-06,0.0602660983811065,55344.6772013291,41.0062538123096,3.0,0.028352391856766256,0.02483969829115473,0.053192090147920985
1.0,0.9666666666666667,14.333333333333334,15.65833333333333,0.973567609818313,0.0264323901816866,101151.583685925,101652.396659408,0.381022,1.37600992353772e-06,0.0600482279412498,55344.6773108542,41.0081598790919,3.0,0.02824968402587202,0.02480030183682107,0.05304998586269309
1.0,0.9333333333333332,14.166666666666666,15.824999999999998,0.973438369964563,0.0265616300354369,101177.441977353,101679.097961409,0.381022,1.36772279832582e-06,0.0596709089724405,55344.6779571744,41.0189310508236,3.0,0.028075820942782506,0.024771469329253497,0.052847290272036
1.0,0.9666666666666667,14.083333333333334,15.90833333333333,0.973385322998853,0.0266146770011473,101181.826236841,101683.827505995,0.381022,1.36294776367595e-06,0.0594598183751515,55344.6780667577,41.0208389254708,3.0,0.027976277219982113,0.024734285446531057,0.05271056266651317
1.0,0.9333333333333332,13.916666666666666,16.074999999999996,0.973255403232599,0.0267445967674014,101208.06791236,101710.913048514,0.381022,1.35485678946012e-06,0.0590911022602973,55344.6787226606,41.0317650979058,3.0,0.02780648788517036,0.024707476880479116,0.05251396476564947
1.0,0.9666666666666667,13.833333333333334,16.15833333333333,0.973201770974273,0.0267982290257269,101212.468154413,101715.660911637,0.381022,1.35015004699959e-06,0.0588830724201195,55344.6788326433,41.0336803621588,3.0,0.027708361835119835,0.02467101859045931,0.052379380425579145
1.0,0.9333333333333332,13.666666666666666,16.324999999999996,0.973071086501219,0.0269289134987806,101239.141781695,101743.179789721,0.381022,1.34211676992596e-06,0.0585168916095177,55344.6794993427,41.044781339994,3.0,0.027539801164229324,0.02464382286529909,0.05218362402952841
1.0,0.9666666666666667,13.583333333333334,16.40833333333333,0.97301684410159,0.0269831558984102,101243.570980852,101747.959080519,0.381022,1.33740481242497e-06,0.058308709157296,55344.6796100492,41.0467092820144,3.0,0.02744158360274455,0.024606767590825227,0.05204835119356978
1.0,0.9333333333333332,13.416666666666666,16.574999999999996,0.972885331181201,0.0271146688187994,101270.724670918,101775.959788495,0.381022,1.32931049056122e-06,0.0579398648172202,55344.6802887475,41.0580046276188,3.0,0.02727181377845807,0.024577045501932987,0.051848859280391055
1.0,0.9666666666666667,13.333333333333334,16.65833333333333,0.972830459241574,0.0271695407584257,101275.195292067,101780.783068988,0.381022,1.3245307371073e-06,0.0577287967150466,55344.6804004894,41.0599503148622,3.0,0.027172220929545937,0.024538232369638195,0.05171045329918413
1.0,0.9333333333333332,13.166666666666666,16.824999999999996,0.972698070994453,0.027301929005547,101302.877317606,101809.31414852,0.381022,1.3162751795591e-06,0.0573529065908723,55344.6810923934,41.0714596097005,3.0,0.02699918708811632,0.024504111218819038,0.051503298306935355
1.0,0.9666666666666667,13.083333333333334,16.90833333333333,0.972642554237909,0.0273574457620908,101307.401472968,101814.19359987,0.381022,1.31137523165248e-06,0.0571366670390005,55344.6812054733,41.0734279559868,3.0,0.02689714509743786,0.024462534573734023,0.05135967967117189
1.0,0.9333333333333332,12.916666666666666,17.074999999999996,0.972509256643966,0.0274907433560344,101335.660840013,101843.304239454,0.381022,1.30287538278278e-06,0.056750102363701,55344.6819118077,41.0851710424529,3.0,0.02671914582290256,0.02442239686746829,0.05114154269037085
1.0,0.9666666666666667,12.833333333333334,17.15833333333333,0.972453082640994,0.027546917359006,101340.250432717,101848.251814252,0.381022,1.29781216830403e-06,0.0565268148921116,55344.6820265232,41.0871668693979,3.0,0.0266137729888645,0.024377197132014375,0.05099097012087887
1.0,0.9333333333333332,12.666666666666666,17.324999999999996,0.972318850804237,0.0276811491957629,101369.13740691,101877.992400929,0.381022,1.28900054724756e-06,0.0561266311524723,55344.6827485445,41.0991640733719,3.0,0.02642942788167339,0.024329665209242558,0.05075909309091595
1.0,0.9666666666666667,12.583333333333334,17.40833333333333,0.972262008765349,0.0277379912346513,101373.80426139,101883.019961664,0.381022,1.28373941020966e-06,0.0558947884242455,55344.6828651912,41.1011921662446,3.0,0.026320015794573402,0.024280118082523887,0.05060013387709729
1.0,0.9333333333333332,12.416666666666666,17.574999999999996,0.972126823536338,0.027873176463662,101403.370852192,101913.442587804,0.381022,1.27456249941124e-06,0.0554786540713162,55344.6836041993,41.1134645015286,3.0,0.02612823204187587,0.024224036264740713,0.050352268306616585
1.0,0.9666666666666667,12.333333333333334,17.65833333333333,0.972069303202793,0.0279306967972074,101408.126832147,101918.562032066,0.381022,1.26907628339176e-06,0.0552370774845917,55344.6837230736,41.1155296597568,3.0,0.026014226615329258,0.024169541095548284,0.05018376771087754
1.0,0.9333333333333332,12.166666666666666,17.824999999999996,0.971933148181862,0.0280668518181377,101438.42724003,101949.720962187,0.381022,1.25949294090987e-06,0.0548032038400636,55344.6844804232,41.1280990163855,3.0,0.025814166096834613,0.024103956723750704,0.04991812282058532
1.0,0.9666666666666667,12.083333333333334,17.90833333333333,0.971874938818245,0.0281250611817549,101443.284354916,101954.94433559,0.381022,1.25376110250764e-06,0.0545510045088238,55344.6846018254,41.1302060991103,3.0,0.025695149236970822,0.024044024733914017,0.04973917397088484
1.0,0.9333333333333332,11.916666666666666,18.074999999999996,0.97173779772011,0.02826220227989,101474.375387125,101986.896438991,0.381022,1.24374105000288e-06,0.0540980791194185,55344.6853789364,41.1430954178753,3.0,0.025486197229519173,0.023968169118074707,0.049454366347593884
1.0,0.9666666666666667,11.833333333333334,18.15833333333333,0.97167888719698,0.0283211128030196,101479.345888158,101992.236036871,0.381022,1.23774882343322e-06,0.053834621147875,55344.6855031726,41.1452493849731,3.0,0.025361869573947978,0.023902411904379164,0.04926428147832714
1.0,0.9333333333333332,11.666666666666666,18.324999999999996,0.971540741544941,0.0284592584550588,101511.28734912,102025.041192446,0.381022,1.2272712294494e-06,0.0533617454299105,55344.6863015399,41.1584828207207,3.0,0.025143605454170822,0.023815681641365185,0.04895928709553601
1.0,0.9666666666666667,11.583333333333334,18.40833333333333,0.971481115503207,0.0285188844967926,101516.383815704,102030.509651323,0.381022,1.22100884483579e-06,0.0530866115868053,55344.6864289246,41.160688769701,3.0,0.02501377023207103,0.02374380003970649,0.04875757027177752
1.0,0.9333333333333332,11.416666666666666,18.574999999999996,0.971341942632822,0.0286580573671782,101549.238878568,102064.231131212,0.381022,1.21006100264479e-06,0.0525932427177915,55344.6872501271,41.1742918460961,3.0,0.024785940159714304,0.023645738766182787,0.04843167892589709
1.0,0.9666666666666667,11.333333333333334,18.65833333333333,0.971281583738752,0.0287184162612477,101554.47429615,102069.841510997,0.381022,1.20352297807162e-06,0.0523062033779578,55344.6873809848,41.1765550452616,3.0,0.024650488583320807,0.02356751249305347,0.04821800107637428
1.0,0.9333333333333332,11.166666666666666,18.824999999999996,0.971141355123498,0.0288586448765023,101588.309862691,102104.546350288,0.381022,1.19209919068233e-06,0.0517921053161852,55344.6882266947,41.1905548039235,3.0,0.02441298246939284,0.023457795346578016,0.04787077781597086
1.0,0.9666666666666667,11.083333333333334,18.90833333333333,0.971080242308449,0.0289197576915511,101593.697693166,102110.312209009,0.381022,1.18528381491588e-06,0.051493095741051,55344.6883613619,41.192880722515,3.0,0.024271883046535346,0.023373075863456497,0.04764495890999185
1.0,0.9333333333333332,10.916666666666666,19.074999999999996,0.97093892078612,0.0290610792138802,101628.584747874,102146.071576161,0.381022,1.17338470331652e-06,0.0509583087271775,55344.6892333534,41.2073058724438,3.0,0.024024720189214265,0.023251502259845007,0.04727622244905927
1.0,0.9666666666666667,10.833333333333334,19.15833333333333,0.970877025413685,0.0291229745863152,101634.138990039,102152.007053524,0.381022,1.16629538721304e-06,0.0506474875261144,55344.6893721801,41.2097002143478,3.0,0.023878046231709468,0.023160244768343774,0.047038291000053245
1.0,0.9333333333333332,10.666666666666666,19.324999999999996,0.970734543225698,0.0292654567743019,101670.152915567,102188.896699396,0.381022,1.15393480956575e-06,0.0500926279728479,55344.6902723374,41.224581313062,3.0,0.023621516302578718,0.023026897573837034,0.04664841387641575
1.0,0.9666666666666667,10.583333333333334,19.40833333333333,0.970671823222371,0.029328176777629,101675.888094146,102195.016540692,0.381022,1.14658038306592e-06,0.0497703896664347,55344.6904156864,41.2270500264555,3.0,0.023469451772984505,0.022929174471453487,0.046398626244437996
1.0,0.9333333333333332,10.416666666666666,19.574999999999996,0.970528093291442,0.0294719067085579,101713.108710862,102233.116765207,0.381022,1.13377464496254e-06,0.0491961810754126,55344.6913460047,41.2424194665416,3.0,0.023203894045828597,0.022784201483027924,0.04598809552885652
1.0,0.9666666666666667,10.333333333333334,19.65833333333333,0.970464498392613,0.0295355016073869,101719.039862882,102239.436274013,0.381022,1.12616443364934e-06,0.048862942153019,55344.691494252,41.2449687248104,3.0,0.023046632851175034,0.022680101573943026,0.04572673442511806
1.0,0.9333333333333332,10.166666666666666,19.824999999999996,0.970319415989184,0.0296805840108161,101757.551658717,102278.832143383,0.381022,1.1129310280378e-06,0.0482701604269278,55344.6924568429,41.2608608215536,3.0,0.02277241045203047,0.022523688942862986,0.04529609939489346
1.0,0.9666666666666667,10.083333333333334,19.90833333333333,0.97025488677678,0.0297451132232199,101763.694346555,102285.367199389,0.381022,1.10507513559372e-06,0.0479263716097872,55344.6926103775,41.2634970304858,3.0,0.022610162210818865,0.022413323559913028,0.0450234857707319
1.0,0.9333333333333332,9.916666666666666,20.074999999999996,0.970108326732735,0.0298916732672654,101803.586765555,102326.148849269,0.381022,1.09143310828043e-06,0.0473158609306404,55344.6936074767,41.2799481441585,3.0,0.02232766954895452,0.022245704734535757,0.04457337428349027
1.0,0.9666666666666667,9.833333333333334,20.15833333333333,0.970042792972166,0.0299572070278336,101809.957076536,102332.915916758,0.381022,1.08334255585182e-06,0.0469620132024662,55344.6937667007,41.2826779453634,3.0,0.022160662411576378,0.022129211568754074,0.04428987398033045
1.0,0.9333333333333332,9.666666666666666,20.324999999999996,0.969894605112551,0.0301053948874494,101851.324810935,102375.178869213,0.381022,1.06931263940452e-06,0.0463346918239835,55344.6948006749,41.2997266090886,3.0,0.021870327833002884,0.021950672797071167,0.04382100063007405
1.0,0.9666666666666667,9.583333333333334,20.40833333333333,0.969827983255724,0.0301720167442762,101857.939335153,102382.194988485,0.381022,1.06099939340819e-06,0.0459713176131696,55344.6949660029,41.302556876538,3.0,0.021698809004080808,0.021828217968174413,0.04352702697225522
1.0,0.9333333333333332,9.416666666666666,20.574999999999996,0.969677985874536,0.0303220141254642,101900.882603763,102426.040466277,0.381022,1.04660395526754e-06,0.0453281755867945,55344.6960393571,41.3202439230716,3.0,0.021401093613524956,0.02163910100834592,0.04304019462187088
1.0,0.9666666666666667,9.333333333333334,20.65833333333333,0.969610175641195,0.0303898243588049,101907.75838041,102433.323218705,0.381022,1.03808085774468e-06,0.0449558457263453,55344.6962112151,41.3231817490035,3.0,0.021225327869034555,0.021510879524325337,0.04273620739335989
1.0,0.9333333333333332,9.166666666666666,20.824999999999996,0.96945814672589,0.0305418532741097,101952.383175448,102478.858440409,0.381022,1.02334369766644e-06,0.0442979361122727,55344.6973265985,41.3415504297831,3.0,0.02092072124493077,0.021311582083168586,0.04223230332809935
1.0,0.9666666666666667,9.083333333333334,20.90833333333333,0.969389026565921,0.0306109734340789,101959.537596196,102486.425876645,0.381022,1.0146243229063e-06,0.0439172536188745,55344.6975054212,41.3446030957398,3.0,0.020740987931396088,0.021177817107890247,0.041918805039286335
1.0,0.9333333333333332,8.916666666666666,21.074999999999996,0.969234692133159,0.0307653078668407,102005.955877436,102533.76431483,0.381022,9.99570362279829e-07,0.0432456790507404,55344.6986656322,41.363699185032,3.0,0.020430001603444933,0.02096879190089574,0.04139879350434067
1.0,0.9666666666666667,8.833333333333334,21.15833333333333,0.969164113212878,0.0308358867871218,102013.406531918,102541.634833098,0.381022,9.90668821121531e-07,0.0428572706620711,55344.6988518591,41.3668741127651,3.0,0.02024659055615921,0.020829733298506743,0.041076323854665954
1.0,0.9333333333333332,8.666666666666666,21.324999999999996,0.969007131739655,0.0309928682603453,102061.736339164,102590.896411982,0.381022,9.75323713679161e-07,0.042173166566451,55344.7000598482,41.3867459873997,3.0,0.019929749842492295,0.020611486551059325,0.040541236393551616
1.0,0.9666666666666667,8.583333333333334,21.40833333333333,0.968934909911846,0.0310650900881535,102069.500782146,102599.088568934,0.381022,9.66254418708944e-07,0.0417776726200237,55344.7002539182,41.3900506625703,3.0,0.019742956489670612,0.020467409089197523,0.04021036557886813
1.0,0.9333333333333332,8.416666666666666,21.574999999999996,0.968774851367832,0.0312251486321678,102119.866223697,102650.399767184,0.381022,9.50644098451593e-07,0.0410821877995789,55344.7015127874,41.4107493434093,3.0,0.019420791005063394,0.020240499199292807,0.0396612902043562
1.0,0.9666666666666667,8.333333333333334,21.65833333333333,0.968700756339882,0.0312992436601184,102127.961635483,102658.931997049,0.381022,9.41421496589097e-07,0.0406802507458594,55344.7017151298,41.4141912022927,3.0,0.019230910784808573,0.02009170073613641,0.03932261152094498
1.0,0.9333333333333332,8.166666666666666,21.824999999999996,0.968537073649361,0.0314629263506387,102180.492689754,102712.425804451,0.381022,9.25571668786553e-07,0.0399745256075068,55344.7030281278,41.4357703367507,3.0,0.018903943720921135,0.01985673782805831,0.03876068154897944
1.0,0.9666666666666667,8.083333333333334,21.90833333333333,0.968460814208856,0.0315391857911445,102188.93538974,102721.316012408,0.381022,9.16209942961738e-07,0.0395667772446211,55344.7032391506,41.4393566022069,3.0,0.018711265836799724,0.019703537809337746,0.038414803646137474
1.0,0.9333333333333332,7.916666666666667,22.074999999999996,0.968292803967124,0.0317071960328764,102243.767426169,102777.131663359,0.381022,9.00145516543123e-07,0.0388519196352768,55344.704609661,41.461872356743,3.0,0.01838000195221899,0.019461185041757742,0.03784118699397673
1.0,0.9666666666666667,7.833333333333333,22.15833333333333,0.968214007594388,0.0317859924056117,102252.572182498,102786.39664491,0.381022,8.9065825434943e-07,0.0384389669910182,55344.7048297332,41.4656098039932,3.0,0.018184802410971333,0.019303923692126197,0.03748872610309753
1.0,0.9333333333333332,7.666666666666667,22.324999999999996,0.968040755341107,0.0319592446588931,102309.845061041,102844.679012772,0.381022,8.74402707102365e-07,0.0377160253168827,55344.7062612517,41.4891206197974,3.0,0.017849714514877775,0.019054901459240558,0.03690461597411833
1.0,0.9666666666666667,7.583333333333333,22.40833333333333,0.967958939730833,0.0320410602691669,102319.024114496,102854.333630195,0.381022,8.64802530525519e-07,0.0372984349452359,55344.7064906794,41.4930152442103,3.0,0.017652248306221478,0.01889394017279721,0.036546188479018686
1.0,0.9333333333333332,7.416666666666667,22.574999999999996,0.96777924272733,0.0322207572726704,102378.880652035,102915.232107732,0.381022,8.48377190544839e-07,0.0365683679229502,55344.7079867757,41.5175813855768,3.0,0.017313761837063037,0.018639034796636412,0.03595279663369945
1.0,0.9666666666666667,7.333333333333333,22.65833333333333,0.967693775487247,0.0323062245127528,102388.442335582,102925.288124396,0.381022,8.38675336084627e-07,0.0361466481832604,55344.7082257672,41.5216379324369,3.0,0.01711425400855852,0.018474758430161813,0.035589012438720334
1.0,0.9333333333333332,7.166666666666667,22.824999999999996,0.967506032221714,0.0324939677782859,102451.02581916,102988.954726109,0.381022,8.22098551544309e-07,0.0354102901052068,55344.7097900227,41.5473207212548,3.0,0.016772729046985044,0.018214837667209063,0.034987566714194104
1.0,0.9666666666666667,7.083333333333333,22.90833333333333,0.967416073022503,0.0325839269774966,102460.972599567,102999.41915454,0.381022,8.12304382633023e-07,0.0349848706828951,55344.7100386395,41.5515420193795,3.0,0.016571364261135126,0.01804765974564435,0.03461902400677948
1.0,0.9333333333333332,6.916666666666667,23.074999999999996,0.967218122628598,0.0327818773714022,102526.422858988,103066.005439925,0.381022,7.95590532958898e-07,0.034242890295657,55344.7116745492,41.5784025939922,3.0,0.016227073880975194,0.017783698559070738,0.03401077244004593
1.0,0.9666666666666667,6.833333333333333,23.15833333333333,0.967122538818342,0.0328774611816576,102536.748543515,103076.87819239,0.381022,7.85710953299593e-07,0.0338140976664566,55344.7119326366,41.582788607991,3.0,0.016023983747519507,0.01761407086048818,0.033638054608007686
1.0,0.9333333333333332,6.666666666666667,23.324999999999996,0.96691142348891,0.0330885765110903,102605.195833731,103146.530397604,0.381022,7.68869219691977e-07,0.0330669473017849,55344.7136434562,41.6108859593323,3.0,0.015677086813178573,0.017347192675720532,0.033024279488899105
1.0,0.9666666666666667,6.583333333333333,23.40833333333333,0.966808664670395,0.0331913353296051,102615.881555951,103157.800926363,0.381022,7.58907930510848e-07,0.0326349737613052,55344.7139105426,41.6154324342994,3.0,0.015472333728067875,0.017175621342898625,0.0326479550709665
1.0,0.9333333333333332,6.416666666666667,23.574999999999996,0.966580270656325,0.0334197293436753,102687.437081368,103230.652360038,0.381022,7.41940675698038e-07,0.0318828225126816,55344.7156990517,41.6448203384053,3.0,0.01512283872428931,0.016907162818790983,0.03203000154308029
1.0,0.9666666666666667,6.333333333333333,23.65833333333333,0.966468178065519,0.0335318219344808,102698.445476475,103242.294817896,0.381022,7.31897168744334e-07,0.0314476842293942,55344.7159742032,41.6495168477113,3.0,0.014916393836995634,0.016734234145938994,0.03165062798293463
1.0,0.9333333333333332,6.166666666666667,23.824999999999996,0.966216679432389,0.033783320567611,102773.186707815,103318.454048764,0.381022,7.14797638586152e-07,0.0306903232002503,55344.717842338,41.6802391006654,3.0,0.014564107281968343,0.016465846034919213,0.031029953316887557
1.0,0.9666666666666667,6.083333333333333,23.90833333333333,0.966092188354123,0.0339078116458768,102784.453357663,103330.420255191,0.381022,7.04665707645836e-07,0.0302517981250027,55344.7181239445,41.6850662085252,3.0,0.014355817870964979,0.016292266431613286,0.030648084302578267
1.0,0.9333333333333332,5.916666666666667,24.074999999999996,0.965809157656005,0.0341908423439951,102862.401155764,103409.952772299,0.381022,6.87414460699495e-07,0.0294884928361134,55344.7200722265,41.7171492282821,3.0,0.014000264168037933,0.01602607061151767,0.030026334779555602
1.0,0.9666666666666667,5.833333333333333,24.15833333333333,0.965667816526893,0.0343321834731073,102873.821829843,103422.16188098,0.381022,6.77179748079199e-07,0.0290460179792868,55344.7203576828,41.7220743216969,3.0,0.013789800044822194,0.015852726656958895,0.029642526701781087
1.0,0.9333333333333332,5.666666666666667,24.324999999999996,0.965340732943231,0.034659267056769,102954.904404795,103505.061566399,0.381022,6.59738429114384e-07,0.028275249522208,55344.7223843176,41.7555156403141,3.0,0.013430082468287075,0.015591565519236019,0.029021647987523096
1.0,0.9666666666666667,5.583333333333333,24.40833333333333,0.965175881343064,0.0348241186569358,102966.315620881,103517.384717558,0.381022,6.49373798958543e-07,0.0278277262506191,55344.7226695376,41.7604867378943,3.0,0.013216835672910206,0.015419612525665526,0.028636448198575734
1.0,0.9333333333333332,5.416666666666667,24.574999999999996,0.964785370314017,0.0352146296859825,103050.310295387,103603.529371548,0.381022,6.31672727256946e-07,0.0270466716201488,55344.7247689594,41.7952370606082,3.0,0.012851360907572223,0.015167492858501374,0.028018853766073597
1.0,0.9666666666666667,5.333333333333333,24.65833333333333,0.964586560034649,0.0354134399653512,103061.458526571,103615.766682875,0.381022,6.21128344294913e-07,0.026592046125836,55344.7250476061,41.8001735308297,3.0,0.012634231812929227,0.014998506217261388,0.027632738030190614
1.0,0.9333333333333332,5.166666666666667,24.824999999999996,0.964100148558192,0.0358998514418081,103147.890459882,103704.847850811,0.381022,6.03039083566752e-07,0.0257954229789515,55344.7272079465,41.836108428587,3.0,0.012260097200903894,0.014761708914225376,0.02702180611512927
1.0,0.9666666666666667,5.083333333333333,24.90833333333333,0.963849345611364,0.0361506543886363,103158.378617257,103716.693631243,0.381022,5.92219673475817e-07,0.0253297217555532,55344.7274700949,41.8408869572038,3.0,0.01203700089734182,0.014598139750510613,0.026635140647852433
1.0,0.9333333333333332,4.916666666666667,25.074999999999996,0.96320278669895,0.0367972133010498,103246.306727047,103808.095932767,0.381022,5.73492532719606e-07,0.0245071491774091,55344.7296678318,41.8777581886454,3.0,0.011648548725007408,0.014389350845515124,0.026037899570522532
1.0,0.9666666666666667,4.833333333333333,25.15833333333333,0.962862277285333,0.0371377227146668,103255.479367229,103819.083650334,0.381022,5.62205156401436e-07,0.0240222612283194,55344.7298970992,41.8821905789945,3.0,0.011415247221641018,0.014236675809931452,0.02565192303157247
1.0,0.9333333333333332,4.666666666666667,25.324999999999996,0.961891181869827,0.0381088181301731,103342.870928612,103911.597933876,0.381022,5.42328409613739e-07,0.0231523236078853,55344.7320813708,41.9195103784241,3.0,0.011000556106829587,0.014092444010747354,0.02509300011757694
1.0,0.9666666666666667,4.583333333333333,25.40833333333333,0.961357037787005,0.0386429622129953,103349.475987331,103920.987765187,0.381022,5.3016075557057e-07,0.0226308341871987,55344.7322464399,41.923298189449,3.0,0.010747776570176665,0.013969358642453777,0.024717135212630442
1.0,0.9333333333333332,4.416666666666667,25.574999999999996,0.959527640661084,0.0404723593389163,103430.829840859,104011.710628748,0.381022,5.08019950253687e-07,0.0216668003096916,55344.7342795808,41.9598953390206,3.0,0.010279325451438394,0.014019668723861744,0.02429899417530014
1.0,0.9666666666666667,4.333333333333333,25.65833333333333,0.958428228317599,0.0415717716824011,103431.703181967,104018.095056986,0.381022,4.93988859269857e-07,0.0210670880634941,55344.7343014068,41.9624707854774,3.0,0.009983966384800659,0.014002776218635127,0.023986742603435786
1.0,0.9333333333333332,4.166666666666667,25.824999999999996,0.953605589115463,0.046394410884537,103487.759953986,104097.374343039,0.381022,4.66821860168542e-07,0.0198933379975804,55344.7357023399,41.994451653113,3.0,0.009387422028609703,0.014767782692976485,0.024155204721586186
1.0,0.9666666666666667,4.083333333333333,25.90833333333333,0.950104430571427,0.0498955694285732,103471.121999198,104096.735539964,0.381022,4.48565652012918e-07,0.0191154777678834,55344.7352865354,41.9941939631847,3.0,0.008987185907289747,0.015261121242497984,0.02424830714978773
1.0,0.9333333333333332,3.8333333333333335,26.15833333333333,0.916052087985792,0.0839479120142082,103382.273182174,104138.973590464,0.381022,3.92183022751663e-07,0.0167059719845296,55344.7330660854,42.0112325816729,3.0,0.007575918743456597,0.022449006381278114,0.03002492512473471
1.0,0.9666666666666667,3.6666666666666665,26.324999999999996,0.861924998573974,0.138075001426026,103172.075341861,104091.558714518,0.381022,3.69177532138534e-07,0.0157331615674554,55344.7278124404,41.9921056578491,3.0,0.00671013174967939,0.034757518593924286,0.041467650343603675
1.0,0.9333333333333332,3.3333333333333335,26.65833333333333,0.51533347448836,0.484666525511641,101964.162374508,103798.827275624,0.381022,3.15788433992039e-07,0.0134958432324597,55344.6976210161,41.8740192592322,3.0,0.0034317105093952882,0.10436088442478005,0.10779259493417534
1.0,0.9666666666666667,3.1666666666666665,26.824999999999996,0.321949845901563,0.678050154098437,100975.803023848,103770.130572158,0.381022,3.01200303295257e-07,0.012875950362265,55344.672917269,41.862443152574,3.0,0.002044887894041806,0.1392565834507449,0.1413014713447867
1.0,0.9333333333333332,2.8333333333333335,27.15833333333333,0.307008427715629,0.692991572284371,100798.796108863,103718.088656847,0.381022,2.37557397125243e-07,0.0101603882924922,55344.6684930339,41.8414497042903,3.0,0.0015379587892893412,0.11225224464874715,0.1137902034380365
1.0,0.9666666666666667,2.6666666666666665,27.324999999999996,0.306879338279703,0.693120661720297,100776.474272778,103696.908274133,0.381022,2.16537701951021e-07,0.00926326242177035,55344.6679351063,41.8329056438534,3.0,0.0014012867348870708,0.10233893568444759,0.10374022241933466
1.0,0.9333333333333332,2.3333333333333335,27.65833333333333,0.306877806692643,0.693122193307357,100732.87346918,103653.321020153,0.381022,1.40753471068716e-07,0.00602382219678217,55344.6668453172,41.8153227637007,3.0,0.0009108574712994061,0.06652233041117403,0.06743318788247343
1.0,0.9666666666666667,2.1666666666666665,27.824999999999996,0.306877793579553,0.693122206420447,100712.779911838,103633.22757882,0.381022,1.20991104382145e-07,0.00517905673838494,55344.6663430847,41.8072171699797,3.0,0.0007829692926308374,0.057182323048503826,0.057965292341134664
1.0,0.9333333333333332,1.8333333333333333,28.15833333333333,0.306877763083196,0.693122236916804,100677.280648367,103597.728585146,0.381022,6.5042285624852e-08,0.00278510653868888,55344.6654557912,41.7928970535499,3.0,0.00042090785723085904,0.03074002204386626,0.031160929901097117
1.0,0.9666666666666667,1.6666666666666667,28.324999999999996,0.306877757515293,0.693122242484707,100658.345816908,103578.793802945,0.381022,5.30368400735062e-08,0.00227144928054396,55344.6649825208,41.7852588571132,3.0,0.0003432170610126211,0.025066057340172018,0.02540927440118464
1.0,0.9333333333333332,1.3333333333333333,28.65833333333333,0.30687773039743,0.69312226960257,100631.756057584,103552.204283528,0.381022,2.34712469297969e-08,0.00100547914365279,55344.6643179177,41.774532777995,3.0,0.0001518893578460559,0.011092886588870693,0.011244775946716749
1.0,0.9666666666666667,1.1666666666666667,28.824999999999996,0.306877695277846,0.693122304722154,100614.014183872,103534.462720514,0.381022,1.82886352167545e-08,0.000783596731139355,55344.6638744648,41.7673759201974,3.0,0.00011835113520397861,0.008643501938830902,0.00876185307403488
1.0,0.9333333333333332,0.8333333333333334,29.15833333333333,0.306877053031075,0.693122946968925,100596.992025565,103517.446244077,0.381022,6.61076346985589e-09,0.000283292007010466,55344.663449001,41.7605115587133,3.0,4.278010406533322e-05,0.003124355623479372,0.003167135727544705
1.0,0.9666666666666667,0.6666666666666666,29.324999999999996,0.306876000929229,0.693123999070771,100580.415958042,103500.879484417,0.381022,4.99855225749869e-09,0.00021423797208491,55344.6630346872,41.753828610707,3.0,3.2346922106452926e-05,0.0023624016737311838,0.0023947485958376365
1.0,0.9333333333333332,0.3333333333333333,29.65833333333333,0.306856090227643,0.693143909772357,100573.377374013,103494.017063004,0.381022,1.63629685339116e-09,7.01363406972365e-05,55344.6628587599,41.7510603442298,3.0,1.0588212310177025e-05,0.0007733642226673593,0.0007839524349775363
