target_time_h	actual_dumux_time_h	offset_minutes	archived_file	original_file
0.000000	0.000000000	+0.000000	dumux_head8m_000h.vtu	drywell_head8m_phaseguardV2_faceSymDisp_gasAdvON_720h_1h-00000.vtu
6.000000	6.065638889	+3.938333	dumux_head8m_006h.vtu	drywell_head8m_phaseguardV2_faceSymDisp_gasAdvON_720h_1h-00006.vtu
12.000000	12.065638889	+3.938333	dumux_head8m_012h.vtu	drywell_head8m_phaseguardV2_faceSymDisp_gasAdvON_720h_1h-00012.vtu
18.000000	18.065638889	+3.938333	dumux_head8m_018h.vtu	drywell_head8m_phaseguardV2_faceSymDisp_gasAdvON_720h_1h-00018.vtu
24.000000	24.065638889	+3.938333	dumux_head8m_024h.vtu	drywell_head8m_phaseguardV2_faceSymDisp_gasAdvON_720h_1h-00024.vtu
30.000000	30.065555556	+3.933333	dumux_head8m_030h.vtu	drywell_head8m_phaseguardV2_faceSymDisp_gasAdvON_720h_1h-00030.vtu
36.000000	36.065555556	+3.933333	dumux_head8m_036h.vtu	drywell_head8m_phaseguardV2_faceSymDisp_gasAdvON_720h_1h-00036.vtu
42.000000	42.065555556	+3.933333	dumux_head8m_042h.vtu	drywell_head8m_phaseguardV2_faceSymDisp_gasAdvON_720h_1h-00042.vtu
48.000000	48.065555556	+3.933333	dumux_head8m_048h.vtu	drywell_head8m_phaseguardV2_faceSymDisp_gasAdvON_720h_1h-00048.vtu
54.000000	54.065555556	+3.933333	dumux_head8m_054h.vtu	drywell_head8m_phaseguardV2_faceSymDisp_gasAdvON_720h_1h-00054.vtu
60.000000	60.065555556	+3.933333	dumux_head8m_060h.vtu	drywell_head8m_phaseguardV2_faceSymDisp_gasAdvON_720h_1h-00060.vtu
66.000000	66.065555556	+3.933333	dumux_head8m_066h.vtu	drywell_head8m_phaseguardV2_faceSymDisp_gasAdvON_720h_1h-00066.vtu
72.000000	72.065555556	+3.933333	dumux_head8m_072h.vtu	drywell_head8m_phaseguardV2_faceSymDisp_gasAdvON_720h_1h-00072.vtu
78.000000	78.065555556	+3.933333	dumux_head8m_078h.vtu	drywell_head8m_phaseguardV2_faceSymDisp_gasAdvON_720h_1h-00078.vtu
84.000000	84.065555556	+3.933333	dumux_head8m_084h.vtu	drywell_head8m_phaseguardV2_faceSymDisp_gasAdvON_720h_1h-00084.vtu
90.000000	90.065555556	+3.933333	dumux_head8m_090h.vtu	drywell_head8m_phaseguardV2_faceSymDisp_gasAdvON_720h_1h-00090.vtu
96.000000	96.000000000	+0.000000	dumux_head8m_096h.vtu	drywell_head8m_phaseguardV2_faceSymDisp_gasAdvON_720h_1h-00096.vtu
102.000000	102.091666667	+5.500000	dumux_head8m_102h.vtu	drywell_head8m_phaseguardV2_faceSymDisp_gasAdvON_720h_1h-00102.vtu
108.000000	108.091666667	+5.500000	dumux_head8m_108h.vtu	drywell_head8m_phaseguardV2_faceSymDisp_gasAdvON_720h_1h-00108.vtu
114.000000	114.091666667	+5.500000	dumux_head8m_114h.vtu	drywell_head8m_phaseguardV2_faceSymDisp_gasAdvON_720h_1h-00114.vtu
120.000000	120.091666667	+5.500000	dumux_head8m_120h.vtu	drywell_head8m_phaseguardV2_faceSymDisp_gasAdvON_720h_1h-00120.vtu
126.000000	126.091666667	+5.500000	dumux_head8m_126h.vtu	drywell_head8m_phaseguardV2_faceSymDisp_gasAdvON_720h_1h-00126.vtu
132.000000	132.091666667	+5.500000	dumux_head8m_132h.vtu	drywell_head8m_phaseguardV2_faceSymDisp_gasAdvON_720h_1h-00132.vtu
138.000000	138.091666667	+5.500000	dumux_head8m_138h.vtu	drywell_head8m_phaseguardV2_faceSymDisp_gasAdvON_720h_1h-00138.vtu
144.000000	144.091666667	+5.500000	dumux_head8m_144h.vtu	drywell_head8m_phaseguardV2_faceSymDisp_gasAdvON_720h_1h-00144.vtu
150.000000	150.091666667	+5.500000	dumux_head8m_150h.vtu	drywell_head8m_phaseguardV2_faceSymDisp_gasAdvON_720h_1h-00150.vtu
156.000000	156.091666667	+5.500000	dumux_head8m_156h.vtu	drywell_head8m_phaseguardV2_faceSymDisp_gasAdvON_720h_1h-00156.vtu
162.000000	162.091666667	+5.500000	dumux_head8m_162h.vtu	drywell_head8m_phaseguardV2_faceSymDisp_gasAdvON_720h_1h-00162.vtu
168.000000	168.091666667	+5.500000	dumux_head8m_168h.vtu	drywell_head8m_phaseguardV2_faceSymDisp_gasAdvON_720h_1h-00168.vtu
174.000000	174.091666667	+5.500000	dumux_head8m_174h.vtu	drywell_head8m_phaseguardV2_faceSymDisp_gasAdvON_720h_1h-00174.vtu
180.000000	180.091666667	+5.500000	dumux_head8m_180h.vtu	drywell_head8m_phaseguardV2_faceSymDisp_gasAdvON_720h_1h-00180.vtu
186.000000	186.091666667	+5.500000	dumux_head8m_186h.vtu	drywell_head8m_phaseguardV2_faceSymDisp_gasAdvON_720h_1h-00186.vtu
192.000000	192.072500000	+4.350000	dumux_head8m_192h.vtu	drywell_head8m_phaseguardV2_faceSymDisp_gasAdvON_720h_1h-00192.vtu
198.000000	198.072500000	+4.350000	dumux_head8m_198h.vtu	drywell_head8m_phaseguardV2_faceSymDisp_gasAdvON_720h_1h-00198.vtu
204.000000	204.072500000	+4.350000	dumux_head8m_204h.vtu	drywell_head8m_phaseguardV2_faceSymDisp_gasAdvON_720h_1h-00204.vtu
210.000000	210.072500000	+4.350000	dumux_head8m_210h.vtu	drywell_head8m_phaseguardV2_faceSymDisp_gasAdvON_720h_1h-00210.vtu
216.000000	216.072500000	+4.350000	dumux_head8m_216h.vtu	drywell_head8m_phaseguardV2_faceSymDisp_gasAdvON_720h_1h-00216.vtu
222.000000	222.072500000	+4.350000	dumux_head8m_222h.vtu	drywell_head8m_phaseguardV2_faceSymDisp_gasAdvON_720h_1h-00222.vtu
228.000000	228.072500000	+4.350000	dumux_head8m_228h.vtu	drywell_head8m_phaseguardV2_faceSymDisp_gasAdvON_720h_1h-00228.vtu
234.000000	234.072500000	+4.350000	dumux_head8m_234h.vtu	drywell_head8m_phaseguardV2_faceSymDisp_gasAdvON_720h_1h-00234.vtu
240.000000	240.000000000	+0.000000	dumux_head8m_240h.vtu	drywell_head8m_phaseguardV2_faceSymDisp_gasAdvON_720h_1h-00240.vtu
246.000000	246.037222222	+2.233333	dumux_head8m_246h.vtu	drywell_head8m_phaseguardV2_faceSymDisp_gasAdvON_720h_1h-00246.vtu
252.000000	252.006111111	+0.366667	dumux_head8m_252h.vtu	drywell_head8m_phaseguardV2_faceSymDisp_gasAdvON_720h_1h-00252.vtu
258.000000	258.006111111	+0.366667	dumux_head8m_258h.vtu	drywell_head8m_phaseguardV2_faceSymDisp_gasAdvON_720h_1h-00258.vtu
264.000000	264.006111111	+0.366667	dumux_head8m_264h.vtu	drywell_head8m_phaseguardV2_faceSymDisp_gasAdvON_720h_1h-00264.vtu
270.000000	270.006111111	+0.366667	dumux_head8m_270h.vtu	drywell_head8m_phaseguardV2_faceSymDisp_gasAdvON_720h_1h-00270.vtu
276.000000	276.006111111	+0.366667	dumux_head8m_276h.vtu	drywell_head8m_phaseguardV2_faceSymDisp_gasAdvON_720h_1h-00276.vtu
282.000000	282.005555556	+0.333333	dumux_head8m_282h.vtu	drywell_head8m_phaseguardV2_faceSymDisp_gasAdvON_720h_1h-00282.vtu
288.000000	288.005555556	+0.333333	dumux_head8m_288h.vtu	drywell_head8m_phaseguardV2_faceSymDisp_gasAdvON_720h_1h-00288.vtu
294.000000	294.005555556	+0.333333	dumux_head8m_294h.vtu	drywell_head8m_phaseguardV2_faceSymDisp_gasAdvON_720h_1h-00294.vtu
300.000000	300.005555556	+0.333333	dumux_head8m_300h.vtu	drywell_head8m_phaseguardV2_faceSymDisp_gasAdvON_720h_1h-00300.vtu
306.000000	306.005555556	+0.333333	dumux_head8m_306h.vtu	drywell_head8m_phaseguardV2_faceSymDisp_gasAdvON_720h_1h-00306.vtu
312.000000	312.005555556	+0.333333	dumux_head8m_312h.vtu	drywell_head8m_phaseguardV2_faceSymDisp_gasAdvON_720h_1h-00312.vtu
318.000000	318.005555556	+0.333333	dumux_head8m_318h.vtu	drywell_head8m_phaseguardV2_faceSymDisp_gasAdvON_720h_1h-00318.vtu
324.000000	324.005555556	+0.333333	dumux_head8m_324h.vtu	drywell_head8m_phaseguardV2_faceSymDisp_gasAdvON_720h_1h-00324.vtu
330.000000	330.005555556	+0.333333	dumux_head8m_330h.vtu	drywell_head8m_phaseguardV2_faceSymDisp_gasAdvON_720h_1h-00330.vtu
336.000000	336.000000000	+0.000000	dumux_head8m_336h.vtu	drywell_head8m_phaseguardV2_faceSymDisp_gasAdvON_720h_1h-00336.vtu
342.000000	342.086111111	+5.166667	dumux_head8m_342h.vtu	drywell_head8m_phaseguardV2_faceSymDisp_gasAdvON_720h_1h-00342.vtu
348.000000	348.086111111	+5.166667	dumux_head8m_348h.vtu	drywell_head8m_phaseguardV2_faceSymDisp_gasAdvON_720h_1h-00348.vtu
354.000000	354.086111111	+5.166667	dumux_head8m_354h.vtu	drywell_head8m_phaseguardV2_faceSymDisp_gasAdvON_720h_1h-00354.vtu
360.000000	360.086111111	+5.166667	dumux_head8m_360h.vtu	drywell_head8m_phaseguardV2_faceSymDisp_gasAdvON_720h_1h-00360.vtu
366.000000	366.086111111	+5.166667	dumux_head8m_366h.vtu	drywell_head8m_phaseguardV2_faceSymDisp_gasAdvON_720h_1h-00366.vtu
372.000000	372.019444444	+1.166667	dumux_head8m_372h.vtu	drywell_head8m_phaseguardV2_faceSymDisp_gasAdvON_720h_1h-00372.vtu
378.000000	378.000000000	+0.000000	dumux_head8m_378h.vtu	drywell_head8m_phaseguardV2_faceSymDisp_gasAdvON_720h_1h-00378.vtu
384.000000	384.000000000	+0.000000	dumux_head8m_384h.vtu	drywell_head8m_phaseguardV2_faceSymDisp_gasAdvON_720h_1h-00384.vtu
390.000000	390.000000000	+0.000000	dumux_head8m_390h.vtu	drywell_head8m_phaseguardV2_faceSymDisp_gasAdvON_720h_1h-00390.vtu
396.000000	396.000000000	+0.000000	dumux_head8m_396h.vtu	drywell_head8m_phaseguardV2_faceSymDisp_gasAdvON_720h_1h-00396.vtu
402.000000	402.000000000	+0.000000	dumux_head8m_402h.vtu	drywell_head8m_phaseguardV2_faceSymDisp_gasAdvON_720h_1h-00402.vtu
408.000000	408.000000000	+0.000000	dumux_head8m_408h.vtu	drywell_head8m_phaseguardV2_faceSymDisp_gasAdvON_720h_1h-00408.vtu
414.000000	414.000000000	+0.000000	dumux_head8m_414h.vtu	drywell_head8m_phaseguardV2_faceSymDisp_gasAdvON_720h_1h-00414.vtu
420.000000	420.000000000	+0.000000	dumux_head8m_420h.vtu	drywell_head8m_phaseguardV2_faceSymDisp_gasAdvON_720h_1h-00420.vtu
426.000000	426.000000000	+0.000000	dumux_head8m_426h.vtu	drywell_head8m_phaseguardV2_faceSymDisp_gasAdvON_720h_1h-00426.vtu
432.000000	432.000000000	+0.000000	dumux_head8m_432h.vtu	drywell_head8m_phaseguardV2_faceSymDisp_gasAdvON_720h_1h-00432.vtu
438.000000	438.000000000	+0.000000	dumux_head8m_438h.vtu	drywell_head8m_phaseguardV2_faceSymDisp_gasAdvON_720h_1h-00438.vtu
444.000000	444.000000000	+0.000000	dumux_head8m_444h.vtu	drywell_head8m_phaseguardV2_faceSymDisp_gasAdvON_720h_1h-00444.vtu
450.000000	450.000000000	+0.000000	dumux_head8m_450h.vtu	drywell_head8m_phaseguardV2_faceSymDisp_gasAdvON_720h_1h-00450.vtu
456.000000	456.000000000	+0.000000	dumux_head8m_456h.vtu	drywell_head8m_phaseguardV2_faceSymDisp_gasAdvON_720h_1h-00456.vtu
462.000000	462.000000000	+0.000000	dumux_head8m_462h.vtu	drywell_head8m_phaseguardV2_faceSymDisp_gasAdvON_720h_1h-00462.vtu
468.000000	468.000000000	+0.000000	dumux_head8m_468h.vtu	drywell_head8m_phaseguardV2_faceSymDisp_gasAdvON_720h_1h-00468.vtu
474.000000	474.000000000	+0.000000	dumux_head8m_474h.vtu	drywell_head8m_phaseguardV2_faceSymDisp_gasAdvON_720h_1h-00474.vtu
480.000000	480.000000000	+0.000000	dumux_head8m_480h.vtu	drywell_head8m_phaseguardV2_faceSymDisp_gasAdvON_720h_1h-00480.vtu
486.000000	486.080555556	+4.833333	dumux_head8m_486h.vtu	drywell_head8m_phaseguardV2_faceSymDisp_gasAdvON_720h_1h-00486.vtu
492.000000	492.016666667	+1.000000	dumux_head8m_492h.vtu	drywell_head8m_phaseguardV2_faceSymDisp_gasAdvON_720h_1h-00492.vtu
498.000000	498.016666667	+1.000000	dumux_head8m_498h.vtu	drywell_head8m_phaseguardV2_faceSymDisp_gasAdvON_720h_1h-00498.vtu
504.000000	504.016666667	+1.000000	dumux_head8m_504h.vtu	drywell_head8m_phaseguardV2_faceSymDisp_gasAdvON_720h_1h-00504.vtu
510.000000	510.016666667	+1.000000	dumux_head8m_510h.vtu	drywell_head8m_phaseguardV2_faceSymDisp_gasAdvON_720h_1h-00510.vtu
516.000000	516.016666667	+1.000000	dumux_head8m_516h.vtu	drywell_head8m_phaseguardV2_faceSymDisp_gasAdvON_720h_1h-00516.vtu
522.000000	522.016666667	+1.000000	dumux_head8m_522h.vtu	drywell_head8m_phaseguardV2_faceSymDisp_gasAdvON_720h_1h-00522.vtu
528.000000	528.016666667	+1.000000	dumux_head8m_528h.vtu	drywell_head8m_phaseguardV2_faceSymDisp_gasAdvON_720h_1h-00528.vtu
534.000000	534.016666667	+1.000000	dumux_head8m_534h.vtu	drywell_head8m_phaseguardV2_faceSymDisp_gasAdvON_720h_1h-00534.vtu
540.000000	540.016666667	+1.000000	dumux_head8m_540h.vtu	drywell_head8m_phaseguardV2_faceSymDisp_gasAdvON_720h_1h-00540.vtu
546.000000	546.016666667	+1.000000	dumux_head8m_546h.vtu	drywell_head8m_phaseguardV2_faceSymDisp_gasAdvON_720h_1h-00546.vtu
552.000000	552.016666667	+1.000000	dumux_head8m_552h.vtu	drywell_head8m_phaseguardV2_faceSymDisp_gasAdvON_720h_1h-00552.vtu
558.000000	558.016666667	+1.000000	dumux_head8m_558h.vtu	drywell_head8m_phaseguardV2_faceSymDisp_gasAdvON_720h_1h-00558.vtu
564.000000	564.016666667	+1.000000	dumux_head8m_564h.vtu	drywell_head8m_phaseguardV2_faceSymDisp_gasAdvON_720h_1h-00564.vtu
570.000000	570.016666667	+1.000000	dumux_head8m_570h.vtu	drywell_head8m_phaseguardV2_faceSymDisp_gasAdvON_720h_1h-00570.vtu
576.000000	576.000000000	+0.000000	dumux_head8m_576h.vtu	drywell_head8m_phaseguardV2_faceSymDisp_gasAdvON_720h_1h-00576.vtu
582.000000	582.025000000	+1.500000	dumux_head8m_582h.vtu	drywell_head8m_phaseguardV2_faceSymDisp_gasAdvON_720h_1h-00582.vtu
588.000000	588.025000000	+1.500000	dumux_head8m_588h.vtu	drywell_head8m_phaseguardV2_faceSymDisp_gasAdvON_720h_1h-00588.vtu
594.000000	594.025000000	+1.500000	dumux_head8m_594h.vtu	drywell_head8m_phaseguardV2_faceSymDisp_gasAdvON_720h_1h-00594.vtu
600.000000	600.025000000	+1.500000	dumux_head8m_600h.vtu	drywell_head8m_phaseguardV2_faceSymDisp_gasAdvON_720h_1h-00600.vtu
606.000000	606.025000000	+1.500000	dumux_head8m_606h.vtu	drywell_head8m_phaseguardV2_faceSymDisp_gasAdvON_720h_1h-00606.vtu
612.000000	612.025000000	+1.500000	dumux_head8m_612h.vtu	drywell_head8m_phaseguardV2_faceSymDisp_gasAdvON_720h_1h-00612.vtu
618.000000	618.025000000	+1.500000	dumux_head8m_618h.vtu	drywell_head8m_phaseguardV2_faceSymDisp_gasAdvON_720h_1h-00618.vtu
624.000000	624.025000000	+1.500000	dumux_head8m_624h.vtu	drywell_head8m_phaseguardV2_faceSymDisp_gasAdvON_720h_1h-00624.vtu
630.000000	630.025000000	+1.500000	dumux_head8m_630h.vtu	drywell_head8m_phaseguardV2_faceSymDisp_gasAdvON_720h_1h-00630.vtu
636.000000	636.025000000	+1.500000	dumux_head8m_636h.vtu	drywell_head8m_phaseguardV2_faceSymDisp_gasAdvON_720h_1h-00636.vtu
642.000000	642.025000000	+1.500000	dumux_head8m_642h.vtu	drywell_head8m_phaseguardV2_faceSymDisp_gasAdvON_720h_1h-00642.vtu
648.000000	648.058333333	+3.500000	dumux_head8m_648h.vtu	drywell_head8m_phaseguardV2_faceSymDisp_gasAdvON_720h_1h-00648.vtu
654.000000	654.025000000	+1.500000	dumux_head8m_654h.vtu	drywell_head8m_phaseguardV2_faceSymDisp_gasAdvON_720h_1h-00654.vtu
660.000000	660.025000000	+1.500000	dumux_head8m_660h.vtu	drywell_head8m_phaseguardV2_faceSymDisp_gasAdvON_720h_1h-00660.vtu
666.000000	666.025000000	+1.500000	dumux_head8m_666h.vtu	drywell_head8m_phaseguardV2_faceSymDisp_gasAdvON_720h_1h-00666.vtu
672.000000	672.025000000	+1.500000	dumux_head8m_672h.vtu	drywell_head8m_phaseguardV2_faceSymDisp_gasAdvON_720h_1h-00672.vtu
678.000000	678.025000000	+1.500000	dumux_head8m_678h.vtu	drywell_head8m_phaseguardV2_faceSymDisp_gasAdvON_720h_1h-00678.vtu
684.000000	684.025000000	+1.500000	dumux_head8m_684h.vtu	drywell_head8m_phaseguardV2_faceSymDisp_gasAdvON_720h_1h-00684.vtu
690.000000	690.025000000	+1.500000	dumux_head8m_690h.vtu	drywell_head8m_phaseguardV2_faceSymDisp_gasAdvON_720h_1h-00690.vtu
696.000000	696.025000000	+1.500000	dumux_head8m_696h.vtu	drywell_head8m_phaseguardV2_faceSymDisp_gasAdvON_720h_1h-00696.vtu
702.000000	702.025000000	+1.500000	dumux_head8m_702h.vtu	drywell_head8m_phaseguardV2_faceSymDisp_gasAdvON_720h_1h-00702.vtu
708.000000	708.025000000	+1.500000	dumux_head8m_708h.vtu	drywell_head8m_phaseguardV2_faceSymDisp_gasAdvON_720h_1h-00708.vtu
714.000000	714.025000000	+1.500000	dumux_head8m_714h.vtu	drywell_head8m_phaseguardV2_faceSymDisp_gasAdvON_720h_1h-00714.vtu
720.000000	720.000000000	+0.000000	dumux_head8m_720h.vtu	drywell_head8m_phaseguardV2_faceSymDisp_gasAdvON_720h_1h-00720.vtu
