path	size_bytes	sha256
.gitignore	91	c58245f4846c37e2d0d09c5ae31493729b7a6249dd011f07399d67379c88cd16
README.md	1515	fb2cbc461633f684eff711c15416150124bed361e70f5025078aa4cd3c05a17c
model/config/floodmar_nonames.msh	646281	bc54a942ed8797b7698a9214c3a1dc6b9fcb366e53ad315be1d563b72773957b
model/config/oxygenIC_trueStagnantO2_2880h_2d_xO2.dat	929433	f12133c8cf7399d14c1a0d36fc953696ebd6495e9e1050ed4db88d1050d140b8
model/config/params.input	1775	13420a4c10cd8f47237bb3ccbe99a952e3edb701028780846bf93962759de6e5
model/source/CMakeLists.txt	6635	4a88c0109c73a4350650387bc64f9f473864948052e372ea5ed1e3607a826d98
model/source/dispersionmodeltraits.hh	347	a11473b656ade3762910515da2e90f67bee10e603acef074e3ff13495a6376d3
model/source/floodmar_noGasO2Adv_current_localresidual.hh	13024	3a7957091ec9754e1c03dbf1b10cbb986fbe3cdb3d4cb436a79dd8373cf4e102
model/source/floodmarchoppednewtonsolver_restart_v4.hh	7790	81fa22bc560d8712294a40ceb4b4df41842eb84a0d29ed6e57fe543187317d39
model/source/floodmarprimaryvariableswitch_phaseguard_v2.hh	14218	f51872366cb2ba456a1857ebd32b4dee598e3a0a6837db5d9c7297143b6cbebb
model/source/main_oldboundary_phaseguard_v2_facedisp.cc	9880	591492e9b671a32deb5d51741e666051cbd3f0e6017938ed1737e279a258c76f
model/source/main_oldboundary_phaseguard_v2_facedisp_noGasO2Adv_diag.cc	9896	5bc48cb6b45a7cca4df297513e2497bd884530d428a424f9e1e433cbd5cf3f8b
model/source/problem_oldboundary.hh	27747	132c6b79a208d8fe46537423a8b893280e08c35b2a5209d029fd85a6eff2f55b
model/source/properties_oldboundary_phaseguard_v2_facedisp.hh	5127	52e88bf535ef8471bd30bebf76ae87287ebf1e5f71329bcf9517d1f5c1fc5f1b
model/source/properties_oldboundary_phaseguard_v2_facedisp_noGasO2Adv_diag.hh	768	f5a891bbbd5e4a8aec86683511b6e8f4247acd754239ac8e09f742518f27a442
model/source/spatialparams.hh	5286	be680e255098520cec6aa41fdf6b140045784ea5788f1ab2f5fe5cad39acef0d
model/source/transientcctpfadispersionflux_facesymmetric_v2.hh	12906	d7829deb37209d2b6221f1ba9803a010f9410b219f93a89660cfc0c177c2ba05
results/doubleOFF_240h/drywell_head4p5m_phaseguardV2_faceSymDisp_gasO2AdvOFF_diag240h_6h.log	1771277	be58b4a2ccfddb97c5cbf4de1ee6b424da98a2b97110c8111b8d9f920383b4a3
results/doubleOFF_240h/drywell_head4p5m_phaseguardV2_faceSymDisp_gasO2AdvOFF_diag240h_6h.pvd	5831	f3c579e6e6505adc995d988d68792bfb620d4d942e892e925ea09c574109555c
results/doubleOFF_240h/vtu_6h/drywell_head4p5m_phaseguardV2_faceSymDisp_gasO2AdvOFF_diag240h_6h-00000.vtu	5960399	3041603bf64f7812b8c8d0d95b552e23a59fc01577293ab96c14ab33341a28ce
results/doubleOFF_240h/vtu_6h/drywell_head4p5m_phaseguardV2_faceSymDisp_gasO2AdvOFF_diag240h_6h-00001.vtu	5833872	d286f5f36b0e60f86d7a3efea68dd9ff91441e131c8fefb24b4abc8f2b063d18
results/doubleOFF_240h/vtu_6h/drywell_head4p5m_phaseguardV2_faceSymDisp_gasO2AdvOFF_diag240h_6h-00002.vtu	5816554	841f3e1b0deaf904ee9ecfc0f27a07751ff0000eaaf7423347da2133cf6a7e06
results/doubleOFF_240h/vtu_6h/drywell_head4p5m_phaseguardV2_faceSymDisp_gasO2AdvOFF_diag240h_6h-00003.vtu	5807371	a90e7a3d6f661ecb37d70675559f859a0de37d243dc3465e6f14d0224cfb4f30
results/doubleOFF_240h/vtu_6h/drywell_head4p5m_phaseguardV2_faceSymDisp_gasO2AdvOFF_diag240h_6h-00004.vtu	5800505	33f04ca31610813039b8404fd113c5a1da8bbe6c95929421efe615659d5a4015
results/doubleOFF_240h/vtu_6h/drywell_head4p5m_phaseguardV2_faceSymDisp_gasO2AdvOFF_diag240h_6h-00005.vtu	5794593	384e216e82cdb47e851632feba67b9036d0d6a74bba0ce4209501f7c10db7cef
results/doubleOFF_240h/vtu_6h/drywell_head4p5m_phaseguardV2_faceSymDisp_gasO2AdvOFF_diag240h_6h-00006.vtu	5789058	1009016e79f91df40f66fe45857ec96665bb6faecc0ab13e76a79497bfb32e6b
results/doubleOFF_240h/vtu_6h/drywell_head4p5m_phaseguardV2_faceSymDisp_gasO2AdvOFF_diag240h_6h-00007.vtu	5784390	3bbead88c060bda549108eb1afa343c71f6b00c2a1a1a417d30d42b594b22d59
results/doubleOFF_240h/vtu_6h/drywell_head4p5m_phaseguardV2_faceSymDisp_gasO2AdvOFF_diag240h_6h-00008.vtu	5781612	407812cf8ce607feecdf73af0b9169232012a561fe2e1f5bc8d4f95f3d867db2
results/doubleOFF_240h/vtu_6h/drywell_head4p5m_phaseguardV2_faceSymDisp_gasO2AdvOFF_diag240h_6h-00009.vtu	5778901	8543165deefd1c3c6f038b0c0d74f8e4aa88afab8bd789d2ae8c6e76998ce50b
results/doubleOFF_240h/vtu_6h/drywell_head4p5m_phaseguardV2_faceSymDisp_gasO2AdvOFF_diag240h_6h-00010.vtu	5777158	74c5b08a9abd75c4f4fa5e6b5d4a423a4a4819c0ae9337bd4d3345352a0ca593
results/doubleOFF_240h/vtu_6h/drywell_head4p5m_phaseguardV2_faceSymDisp_gasO2AdvOFF_diag240h_6h-00011.vtu	5776860	4a012956cd98451fc4053bae4ca0887aafdcc3831d4dd7644f7b077a66c9b613
results/doubleOFF_240h/vtu_6h/drywell_head4p5m_phaseguardV2_faceSymDisp_gasO2AdvOFF_diag240h_6h-00012.vtu	5775657	6ee4b705e76d6af25d55663743f9bfbd03e32ba370daa84540df8ef5bb1fd067
results/doubleOFF_240h/vtu_6h/drywell_head4p5m_phaseguardV2_faceSymDisp_gasO2AdvOFF_diag240h_6h-00013.vtu	5775086	5b3254ed5d0d7ef85eefcaddd16d261457fea369eaba6d88e4989840edccb0ee
results/doubleOFF_240h/vtu_6h/drywell_head4p5m_phaseguardV2_faceSymDisp_gasO2AdvOFF_diag240h_6h-00014.vtu	5774676	5006e571458b736423cff58e6e8f6f09015a53fca79706ace469863ff262d868
results/doubleOFF_240h/vtu_6h/drywell_head4p5m_phaseguardV2_faceSymDisp_gasO2AdvOFF_diag240h_6h-00015.vtu	5774185	8b7de54023b23a4728b3bdc2f24bcc3bba79800437389a1f01eb99d8bfa36cbb
results/doubleOFF_240h/vtu_6h/drywell_head4p5m_phaseguardV2_faceSymDisp_gasO2AdvOFF_diag240h_6h-00016.vtu	5774202	3dba8752872c9de934454b29da179ce63b23ad8df9b8545567a410301dd0ac9b
results/doubleOFF_240h/vtu_6h/drywell_head4p5m_phaseguardV2_faceSymDisp_gasO2AdvOFF_diag240h_6h-00017.vtu	5773888	1b8ce0904ed38459da3f96799e810885461bcc7004d62178ab099c1f015fb15f
results/doubleOFF_240h/vtu_6h/drywell_head4p5m_phaseguardV2_faceSymDisp_gasO2AdvOFF_diag240h_6h-00018.vtu	5773697	80e0ad2b2fa2719af2474d7bfcfb9dcaafb09073e662d847c42ad50ed7ad916c
results/doubleOFF_240h/vtu_6h/drywell_head4p5m_phaseguardV2_faceSymDisp_gasO2AdvOFF_diag240h_6h-00019.vtu	5773377	b2e6639ef61269ad80c6c193664e7285451c67b6812bd08391790e1d3454a525
results/doubleOFF_240h/vtu_6h/drywell_head4p5m_phaseguardV2_faceSymDisp_gasO2AdvOFF_diag240h_6h-00020.vtu	5773084	f59e46812969093eb2c89281b7189e80452e9039c1160b0c68379b043a88f99d
results/doubleOFF_240h/vtu_6h/drywell_head4p5m_phaseguardV2_faceSymDisp_gasO2AdvOFF_diag240h_6h-00021.vtu	5773600	1809efdc0104be02431fa35e407dfd72498b5522b9ea85083d0833af33688af1
results/doubleOFF_240h/vtu_6h/drywell_head4p5m_phaseguardV2_faceSymDisp_gasO2AdvOFF_diag240h_6h-00022.vtu	5772794	5f155658c19aff49137d16bc57c126d03fcbb5f64c95f079c6ef03e7a4d2cd90
results/doubleOFF_240h/vtu_6h/drywell_head4p5m_phaseguardV2_faceSymDisp_gasO2AdvOFF_diag240h_6h-00023.vtu	5772941	901c54165cf8065c7f37f62a69016b3a64c2df299662c39ca42413e3f6105fc4
results/doubleOFF_240h/vtu_6h/drywell_head4p5m_phaseguardV2_faceSymDisp_gasO2AdvOFF_diag240h_6h-00024.vtu	5772553	58a2dc90fb60fcac84a804e1bf143b298402acabd1390880abc65f9deffacaa2
results/doubleOFF_240h/vtu_6h/drywell_head4p5m_phaseguardV2_faceSymDisp_gasO2AdvOFF_diag240h_6h-00025.vtu	5772191	8c542131d082ef5022ffb6ea9c24f584b006c6aea456f3a4f965ff8470274132
results/doubleOFF_240h/vtu_6h/drywell_head4p5m_phaseguardV2_faceSymDisp_gasO2AdvOFF_diag240h_6h-00026.vtu	5771654	e91f87f8ae0808b496556606fe5fbb6a50a7c2be62612eed2aefb0450bc26f10
results/doubleOFF_240h/vtu_6h/drywell_head4p5m_phaseguardV2_faceSymDisp_gasO2AdvOFF_diag240h_6h-00027.vtu	5771291	e9bbd14f5c566d1e6a4da472efe140f2c1b93fd5b0a232feb81761f683f695ac
results/doubleOFF_240h/vtu_6h/drywell_head4p5m_phaseguardV2_faceSymDisp_gasO2AdvOFF_diag240h_6h-00028.vtu	5770852	4d0cc2abeec3ffaf79fe6c36c2f6563b90a2f01b174761ad7f9b51003d3a55f6
results/doubleOFF_240h/vtu_6h/drywell_head4p5m_phaseguardV2_faceSymDisp_gasO2AdvOFF_diag240h_6h-00029.vtu	5770621	ed5f86bf2ce90b5e264def5acf1848a7dbe1aa4e844313489a226faec9e3639d
results/doubleOFF_240h/vtu_6h/drywell_head4p5m_phaseguardV2_faceSymDisp_gasO2AdvOFF_diag240h_6h-00030.vtu	5770883	5187e70ad48d38f536a60bd87f2fc5c8b35a7c641d516296659d63f9aff291cf
results/doubleOFF_240h/vtu_6h/drywell_head4p5m_phaseguardV2_faceSymDisp_gasO2AdvOFF_diag240h_6h-00031.vtu	5770596	05ca0efc5c4a6cf969656f0ec4ea24cdef758a4be102db5415f4765be69d10b7
results/doubleOFF_240h/vtu_6h/drywell_head4p5m_phaseguardV2_faceSymDisp_gasO2AdvOFF_diag240h_6h-00032.vtu	5770344	d38af28001f0d487cd9afde2504e5ef6fefe12fbf69956bcc44fde65661569ec
results/doubleOFF_240h/vtu_6h/drywell_head4p5m_phaseguardV2_faceSymDisp_gasO2AdvOFF_diag240h_6h-00033.vtu	5770237	db5ad108c38582118e6bbf88e4a5e3b8e602124d1965474df1cd23fdf8574e23
results/doubleOFF_240h/vtu_6h/drywell_head4p5m_phaseguardV2_faceSymDisp_gasO2AdvOFF_diag240h_6h-00034.vtu	5770638	2fbaa0b955b5f8de3decffef14bf8a603228ffd178c047dde3220f2b98f8f79f
results/doubleOFF_240h/vtu_6h/drywell_head4p5m_phaseguardV2_faceSymDisp_gasO2AdvOFF_diag240h_6h-00035.vtu	5771099	92916a5097feeed01d8f67b3d96faf9fc06ec425ad0bc98011f4d7b3d5eb4925
results/doubleOFF_240h/vtu_6h/drywell_head4p5m_phaseguardV2_faceSymDisp_gasO2AdvOFF_diag240h_6h-00036.vtu	5772028	6cbf255140068ec53fa06044ce59213e316e6fec8f3853f9a50a73d6b55062b5
results/doubleOFF_240h/vtu_6h/drywell_head4p5m_phaseguardV2_faceSymDisp_gasO2AdvOFF_diag240h_6h-00037.vtu	5772833	6148382960eadc062e6f34c126b07b929c9156527ea83f8d237a25ad645afa85
results/doubleOFF_240h/vtu_6h/drywell_head4p5m_phaseguardV2_faceSymDisp_gasO2AdvOFF_diag240h_6h-00038.vtu	5773789	e2e17b93795f350778818588e05108aa095fe9e0a2d6b666356c62797a8eafbe
results/doubleOFF_240h/vtu_6h/drywell_head4p5m_phaseguardV2_faceSymDisp_gasO2AdvOFF_diag240h_6h-00039.vtu	5773919	d3173135059993699b3aa1f3674fbce75de9d46e53abc57d7b7dd271670081be
results/doubleOFF_240h/vtu_6h/drywell_head4p5m_phaseguardV2_faceSymDisp_gasO2AdvOFF_diag240h_6h-00040.vtu	5774961	7576828d6855dd3f719c7af1cd0b46075efe7b0326518cad0eca4fa6e590258a
