time_h,time_d,flood_water_diff_m3,flood_water_diff_pct,flood_DO_diff_mgL,flood_DO_diff_pct,flood_O2mass_diff_kg,flood_O2mass_diff_pct,drywell_water_diff_m3,drywell_water_diff_pct,drywell_DO_diff_mgL,drywell_DO_diff_pct,drywell_O2mass_diff_kg,drywell_O2mass_diff_pct
0.0,0.0,0.00025793689928832464,3.601130854497085e-06,3.3221713735542835e-07,3.518593919948582e-05,2.623097567600041e-06,3.8787071324898746e-05,0.0,0.0,0.0,0.0,0.0,0.0
6.0,0.25,-0.7763274059188916,-0.010502098071906177,0.0002574644437711715,0.02316050305117836,0.0010400007400175326,0.012655972640533279,-1.0385205397942627,-0.01405375660095788,9.533645270609625e-05,0.009887880995578462,-0.0002969132387455886,-0.004167265224098881
12.0,0.5,2.8220231405657614,0.03702805384570868,0.0015949705160909211,0.1338791863740964,0.015522286397954943,0.17095681307704322,-0.9414145280952653,-0.01242545953797238,9.178664683762161e-05,0.009672337394318801,-0.0001980302457269545,-0.002754323976019715
18.0,0.75,2.8035480969629134,0.03570721073357236,0.00011791521503767832,0.00990262238976898,0.004264458223589784,0.045613369073577395,-0.8865569601975949,-0.011439605310408994,4.399137363975125e-05,0.0046840093167253025,-0.0004917490061773222,-0.006756131825853934
24.0,1.0,2.7855426399928547,0.034473059886033254,0.00018805032814750433,0.015920279926106475,0.004810318252394197,0.05039882801976962,-0.8513945402919489,-0.010757123741641228,2.657467091682353e-05,0.0028434472007197527,-0.0005853997116149756,-0.007913982414070745
30.0,1.25,2.7753614528282924,0.033406155919820164,8.770584159978334e-05,0.0075143795415812415,0.003968225928783653,0.04092304572674352,-0.827129765421887,-0.010244615991525801,3.208166451862393e-05,0.0034488523215591054,-0.0005104122709589376,-0.006796116991636014
36.0,1.5,2.7694252885648893,0.0324483532794882,-2.7200976723706916e-05,-0.0023675938002001274,0.002949524459557651,0.030079991234089377,-0.8072160096817242,-0.009809603058749868,2.011300818283157e-05,0.0021697063232470437,-0.0005827925554662272,-0.00764010957507649
42.0,1.75,2.7654562948246166,0.03156402809925963,-0.0002300817333149574,-0.020419372217194375,0.0010995869120193902,0.011138210705682527,-0.7950034975056042,-0.009485815189743028,2.7333990716749135e-05,0.0029596748680886845,-0.0005051594807117255,-0.006526421070936174
48.0,2.0,2.7626583996425325,0.030738228077467084,-0.0003692418916110274,-0.03352859682102946,-0.00027720856071411504,-0.0028006748401261583,-0.7848740280860511,-0.009200105851274643,2.75862835178442e-05,0.0030013119295670887,-0.00048608893889223737,-0.006199070045580081
54.0,2.25,2.760662878119547,0.029962313718320175,-0.0004134940393796249,-0.03848232246627236,-0.0008446433845907819,-0.00853153894214497,-0.7764420163330215,-0.008945705247650988,2.4106759225261953e-05,0.002636050183071439,-0.0005008428168169488,-0.006309890877867281
60.0,2.5,2.759213323561198,0.029229726162701645,-0.00040135156835252594,-0.03825868393434214,-0.0008952218187339156,-0.009040140680217688,-0.7653740775422193,-0.008671648814378747,1.775600988063175e-05,0.001950480647430381,-0.0005400469164680288,-0.00672133730577342
66.0,2.75,2.7561664065178775,0.028515419368595394,-0.0003852164998048302,-0.03755991245800742,-0.0008976441276313807,-0.009055203455947798,-0.7544751762870874,-0.008410564261230697,2.960111457495085e-05,0.003266431157265183,-0.0004182055256194417,-0.005144407829255598
72.0,3.0,2.749596979485432,0.027799256580849935,-0.0003229088253535739,-0.03210815008856632,-0.0004295017692452774,-0.004317819334725255,-0.7390709318042354,-0.008110446193037716,3.639486954876148e-05,0.004042117407315738,-0.00033382868809184174,-0.0040686566194778435
78.0,3.25,2.7393737809306913,0.027080857979860398,-0.0002899477300108977,-0.029347030037208396,-0.0002272781631891263,-0.002274119484866223,-0.7241730340865615,-0.007827358432345988,4.771113656376613e-05,0.005351069422146422,-0.0002043059837131267,-0.002476707857578159
84.0,3.5,2.726724044125149,0.026372766712819105,-0.0002806440332812077,-0.028938682928021583,-0.0002580446408657622,-0.0025735481465338278,-0.7021720216143876,-0.007479985644790534,5.997657610312679e-05,0.006801920211595346,-5.6168166334913394e-05,-0.0006785742158460766
90.0,3.75,2.7114783601991803,0.025673105979545207,-0.00029645679402234837,-0.031228691933154668,-0.0005578166866655465,-0.005563603328782608,-0.6798940485732601,-0.007142784124261461,6.45973640638342e-05,0.007427330650135669,2.3512487178578567e-05,0.00028401600767561714
96.0,4.0,0.1559326911410608,0.001446185041566504,-8.187820181859706e-06,-0.0008833032785590202,5.6257325892872245e-05,0.0005628689888062068,-0.6556408513042697,-0.006797463881754681,7.35176208745969e-05,0.008585394724420131,0.0001476247622758109,0.0017873472535627646
102.0,4.25,0.27305764795892173,0.0024938321996468464,0.010025271968145177,1.1879109931439085,0.11000308500396727,1.1904344498504147,-0.6310062205793656,-0.006460106129165244,8.519073709900571e-05,0.010134783546992899,0.00030165721786268307,0.00367402270005509
108.0,4.5,0.2693476871645544,0.002460031496346481,0.012873005101127433,1.8363133927232125,0.14113821174038854,1.838818598107373,-0.6088132850691181,-0.0061586358179125875,9.359407637343775e-05,0.0113714671912202,0.00042407901631946743,0.005212131046047003
114.0,4.75,0.268635292432009,0.0024536045696739103,0.01107497750662878,1.783271675345474,0.12142528339018455,1.7857690343504466,-0.5840291871609224,-0.005840879176535211,9.2251777803809e-05,0.011457823026047422,0.00045214454780051483,0.00561627461191336
120.0,5.0,0.2680946624986973,0.0024487458672403507,0.009548801690825615,1.7023392719716233,0.10469554719917706,1.704829703801455,-0.5632887123701948,-0.005572626339980384,0.00010265899046757454,0.013061087960081817,0.0005948934056716482,0.007487733774467537
126.0,5.25,0.2685775779209507,0.002453239086525507,0.008475018821839542,1.6521949782155483,0.09292350124342974,1.6546887495950628,-0.5395245887048077,-0.005282838673904157,0.000111432577023729,0.01456386977894511,0.0007251694590681979,0.009280261719286958
132.0,5.5,0.2728291916409944,0.0024921700791782878,0.007953521104730854,1.678726499086197,0.08720224416593414,1.6812605058849033,-0.5132769490319333,-0.004977072835311753,0.0001097575763974179,0.014755953651406684,0.000750069534334763,0.009778146401528548
138.0,5.75,0.2679670457437169,0.0024478754409592188,0.006967399144574615,1.5737404521621852,0.07639208738780301,1.5762268508091704,-0.4923595644213492,-0.004730331188062597,0.00011637881982806686,0.016123923854007287,0.0008559051821919184,0.01139282995093833
144.0,6.0,0.2726380986023287,0.002490752635879865,0.006536224293070603,1.5739553896907295,0.07166059527673507,1.576485345661952,-0.47196101486588304,-0.004494809484918878,0.00011476677632205057,0.016422692224239876,0.0008751916190767872,0.01192714457060283
150.0,6.25,0.28587457411595096,0.002612166217995783,0.0052912261507233604,1.3725201992845735,0.05801871796488278,1.37516821801155,-0.4498738667352882,-0.004248958171446189,0.00012097617546169559,0.01788659959289864,0.0009765521484315087,0.013636881427316765
156.0,6.5,0.24903672325308435,0.0022764186129616863,0.0035853461520059526,1.0145691756399295,0.03931203889881374,1.0168686900944361,-0.4267891002000397,-0.003999440086928377,0.00011860509948280473,0.01815087219315532,0.0009867294736771726,0.014150706172968337
162.0,6.75,0.26598461986213806,0.0024327717846256685,0.0030417367994651223,0.9217826700684891,0.03334509858343049,0.924237866721838,-0.4011227597420657,-0.003731392143103286,0.00011516898059893421,0.0182561704647392,0.000984966356192274,0.014524097112314786
168.0,7.0,0.26254633989992726,0.00240321558343688,0.0026183148165426773,0.844758187755436,0.028686611951323826,0.8471817046992947,2.572685305349296,0.02390790704430654,0.0042567961083912476,0.7553566897233028,0.04726737189996122,0.7794451867428385
174.0,7.25,0.26073998746142024,0.0023890112780539496,0.00241255470250179,0.8175453729656128,0.026408527657224568,0.8199539154948289,2.947612926180227,0.0274050017640018,0.0077455615970976055,1.5121820420615482,0.0848419390288857,1.5400014573408405
180.0,7.5,0.18235082282990334,0.0016727053577738791,0.0024130914324667074,0.8464156872726933,0.026358866015941285,0.8481025506710084,3.0833894860134023,0.028685729065128195,0.010287374289494056,2.185555331107033,0.11206063508023956,2.214868002653005
186.0,7.75,0.17231104644997686,0.0015826667885068704,0.0026704824817815886,0.9616351328986398,0.029122885596133408,0.9632330191670047,3.2335683790806797,0.030107612602235215,0.01268271467944626,2.9159854628953594,0.13766022061361394,2.9469710091042916
192.0,8.0,0.12545969944585522,0.0011539598760515518,0.0031743813627750916,1.165500693376649,0.03454676796658207,1.1666681026630827,3.444923359860695,0.03210720951654044,0.014214839934848678,3.5194279930362837,0.15395761443736777,3.5526651926723187
198.0,8.25,0.3661084657032916,0.0033727193505745756,0.0040470817479942855,1.5054655601023865,0.04403094711804467,1.5088890545812084,3.4669332285357086,0.032348893367030014,0.011040052241312104,2.932065435514622,0.11966340520996521,2.9653628196028334
204.0,8.5,0.38696695894395816,0.0035712860810858606,0.005065004430346853,1.8964070217547568,0.05498720452818606,1.9000460339558376,3.733223227867711,0.03487829549992833,0.006559302580217641,1.867254292884592,0.0715438591962978,1.9027838548545195
210.0,8.75,0.4590862616241793,0.004245768175004409,0.006125981935552249,2.293727407350815,0.06636441745141308,2.2980705618740784,4.013730427119299,0.03755173654124975,0.007549628419044607,2.3167865791779043,0.08203270801580809,2.3552083093115934
216.0,9.0,0.543544790289161,0.005038981116739058,0.007127550660516235,2.652879445681789,0.07703336949532558,2.658052104892841,4.244753439152191,0.039773275917205544,0.008415673537952917,2.771786918948509,0.09113974040407236,2.8126626253248297
222.0,9.25,0.5758231327490648,0.00535261824566604,0.008054708856294779,2.963445546025612,0.08681196965666693,2.9689567861982744,4.493194700262393,0.04216996960432907,0.008087263351686302,2.8418568003357314,0.08748448892048621,2.885225180088958
228.0,9.5,0.6036572388384229,0.005627911343473033,0.008914247715712864,3.227154596573256,0.09578753102133275,3.232964129316341,4.766522443494978,0.044814820220169665,0.007103224026268895,2.6509727450181106,0.07686121569663396,2.6969755939080406
234.0,9.75,0.6276492607503315,0.005870161714034405,0.009726160650094129,3.450284005966806,0.104177062218207,3.4563567049315576,5.055298344383118,0.047623536199727735,0.005979130960650114,2.3652612380579745,0.06477738055256221,2.4140111952996133
240.0,10.0,0.6459189889064874,0.006061357265540602,0.010493575867906502,3.6350327720082083,0.11201637948652587,3.6413144615967803,5.355460825656337,0.050562946792760265,0.0052222480358619094,2.198018444387702,0.05661269720090134,2.2496927740769883
246.0,10.25,0.6559510922561458,0.006176997463045787,0.011235233165611536,3.790715636312484,0.11951158830432185,3.7971267861842106,5.650505041794531,0.05348017316042674,0.003871717562311472,1.7453007005181667,0.04218241364534281,1.7997142635153955
252.0,10.5,0.6631648983038758,0.00626721175790648,0.011957868156468154,3.9204211684385952,0.12674236537757544,3.9269340812929316,5.901543698957539,0.05600252096861375,0.0031510297151627065,1.5767772239451598,0.034403499831538564,1.6336627799092462
258.0,10.75,0.6701932787509577,0.006356644657488404,0.012660242527598176,4.026582612474387,0.13369857793726947,4.033195212680412,6.098435028174208,0.05802446361647183,0.0025880576387263543,1.418462060827836,0.028329245023718475,1.477309579446716
264.0,11.0,0.6777463346843433,0.006452096023214056,0.013362905129981506,4.118443794429133,0.14059667990157054,4.125161616400625,6.255551240199566,0.059675520794154537,0.0020562641689239047,1.1937172177306699,0.022645439312971805,1.254105095491295
270.0,11.25,0.6851213589670806,0.00654697782688887,0.014055731405447136,4.192736675600612,0.1473282731098755,4.199558150967977,6.388934853495812,0.06110484354058863,0.0017597184823617829,1.0548383444085783,0.019476143575461125,1.1165877452691166
276.0,11.5,0.6916880528333422,0.0066352779596105145,0.014743531144678468,4.25326050590193,0.1539424616943199,4.260177999518445,6.506623912580835,0.06238759730980813,0.0016293029540790094,0.9921905857875923,0.018071650228638436,1.055197186964617
282.0,11.75,0.6972618945474096,0.006715154329343199,0.015428676805326058,4.3021538716351175,0.1604630660169799,4.309157922236424,6.535518064449207,0.06282039253810731,0.001586490609680108,0.9714062495727795,0.017582793905741134,1.0348368833300223
288.0,12.0,0.7015909157908027,0.006784053279915655,0.016120816063777355,4.342163306998569,0.16698949201045732,4.349241934950737,6.644655143174532,0.06402642095064749,0.0015827421774587125,0.9677926139724017,0.01752287483483439,1.0324386778960044
294.0,12.25,0.7045087329097441,0.006840187367630076,0.01681016435111854,4.372364362568211,0.17341988216394988,4.379503627850632,6.814705627379226,0.06582547971055958,0.0015637461855017576,0.9505950870091701,0.017320662128609277,1.017046300495859
300.0,12.5,0.7063117505622358,0.0068862385360770354,0.01749748411724944,4.394008495727936,0.1797628414498993,4.401197316170315,6.911789460431464,0.06692639235757514,0.0015474028544562868,0.9323386321029804,0.017138570373791406,0.9998890050715595
306.0,12.75,0.7071636759155808,0.006923631598784114,0.018189891331292896,4.409091719894027,0.18609193845250793,4.416320620760342,7.0009479432246735,0.06795616432755322,0.001532695597667888,0.9133049380954612,0.016975684004854497,0.9818817494275633
312.0,13.0,0.7073035028188315,0.006954559705410546,0.01887510134894127,4.416396368486975,0.19228214907978725,4.423658069114658,7.083330303190451,0.06892614105177813,0.0015293888106065745,0.8998636762089955,0.016931765228619833,0.9694100585675133
318.0,13.25,0.7067565722536528,0.006979150060750228,0.01956605889901114,4.419709996677702,0.19846603317011002,4.426997604931374,7.169032152854925,0.06993485838267002,0.0015341533198744983,0.8903556661769362,0.016972906629971973,0.9609131935338486
324.0,13.5,0.7057402594655287,0.006999442961013409,0.020253194420308485,4.417209307359733,0.20454691159171556,4.424517930366683,7.250154602152179,0.07090563582271152,0.0015371009318361772,0.8790601833759084,0.016995859359855814,0.9505891224109106
330.0,13.75,0.7042139100958593,0.007014948280869245,0.02093140580322106,4.409987620101818,0.2104743713267574,4.417311926733439,7.325760640007502,0.07182904888691255,0.0015425826876707405,0.8687876156186949,0.01704465210189987,0.9412407063867567
336.0,14.0,0.7020819155950448,0.0070246195097388685,0.02161482920328689,4.399184061748439,0.21639148910699468,4.406517707200039,7.39875548416785,0.07273317864670054,0.0015526724241334833,0.8606273752855746,0.017140812205290512,0.9339865155786287
342.0,14.25,0.6994471684593009,0.007029387993786869,0.022291850160660598,4.384866508569272,0.22218240091800912,4.392204125842958,7.462841040784042,0.07355557773913783,0.001565725916447075,0.853678282727423,0.01726606521796903,0.9278617884594548
348.0,14.5,0.6964762925799732,0.007030845733748197,0.02296409510424524,4.367522361287849,0.22786475517334193,4.374860280781193,7.515330290638303,0.07426878508851467,0.0015819903168050597,0.8480581628746088,0.017422132165087367,0.9229567904575223
354.0,14.75,0.6930594320274395,0.0070278121347958095,0.02362142052482863,4.34673797337292,0.23333958334057048,4.354071266086478,7.571868251830892,0.0750266935228642,0.001603631006651951,0.8451878740187092,0.017633020022221446,0.920848684057502
360.0,15.0,0.6893987471394212,0.007022267692009714,0.02426715232030785,4.322865230678297,0.23864222414268976,4.330191061538763,7.627486112036422,0.07578008705707089,0.0016154370374488747,0.836956425155153,0.01774437133730178,0.9133707585198406
366.0,15.25,0.6859362847080774,0.007018691898913069,0.02489639935145993,4.296296990044996,0.2437269096987924,4.303617225792686,7.673081240076499,0.07643809045924835,0.0016362367624559448,0.8333221564047602,0.017944200295766155,0.9103972224077467
372.0,15.5,0.6825308299485187,0.007015657030903133,0.025509477492142052,4.267176806269308,0.2485989788667604,4.274491833789838,7.724938062097863,0.07716249099829989,0.001657094112229307,0.8296929142953126,0.018145255838861507,0.9074956170139133
378.0,15.75,0.6792164158705418,0.00701352238936886,0.026098902393044132,4.235095111314902,0.25318807971619695,4.242405663048105,7.762840566378145,0.07775130019680417,0.0016699620542196536,0.8218471051070093,0.018263568266285723,0.9002374021136499
384.0,16.0,0.6760237913949823,0.007012618058914138,0.02667276195692292,4.201688762119615,0.2575754223138347,4.208996028563459,7.793064542569482,0.07826642235261394,0.0016907585843571882,0.8177359927166147,0.01845952678342977,0.8966424277750279
390.0,16.25,0.6725797479848552,0.007009066412917071,0.027220848102921247,4.16568785890595,0.2616650798401645,4.172988901147467,7.830480242606427,0.078857005784262,0.0017224644106851594,0.818810594598187,0.018764748329628933,0.8983132899003905
396.0,16.5,0.6687965302990051,0.0070019026171390854,0.027747903240221472,4.128500883602875,0.26550604205215134,4.135791859831415,7.869462178874528,0.07946686939751568,0.0017517259070261582,0.8189841947227334,0.019044013860921805,0.8991018852206702
402.0,16.75,0.6648684612155193,0.0069931075130967475,0.028251927533128107,4.089591724651705,0.26908279350573494,4.096870821710947,7.905972424996435,0.08005529346568979,0.0017589742625367388,0.8089096856705416,0.019104056491019428,0.8896125541589547
408.0,17.0,0.6606980713331723,0.0069816138624628635,0.02872674138319986,4.04907748607788,0.27234037582821635,4.056341790895417,7.699610892344936,0.07818109181416825,0.0018075261971315093,0.8175357734993273,0.019517555516673557,0.8963560237071924
414.0,17.25,0.6562165747254767,0.006966638673417087,0.029184902421118042,4.008223783888019,0.2754016533025263,4.015469661029687,7.725712229464989,0.07866365143082032,0.0018342885213477877,0.8160423145783221,0.01976565504513461,0.8953478946910122
420.0,17.5,0.6515147538266319,0.006949088023189574,0.029611546599860206,3.9657883849341293,0.27813009823376333,3.9730130590829993,7.743081985589015,0.07905994083843429,0.0018368045694442392,0.8034813361395515,0.019773886620277015,0.8831765088469984
426.0,17.75,0.6466935571570502,0.006929995486658012,0.030017498683488353,3.9229366660468497,0.28063164608520186,3.9301385208674096,7.748367878157296,0.07933490055698428,0.0018520091505883352,0.7963157506916975,0.019904343840227323,0.8762824075576071
432.0,18.0,0.6417533279018244,0.006909333018606578,0.030395298056173692,3.879142864183309,0.28284025371524546,3.88632022010066,7.761086259944932,0.07968786984260688,0.0018820393190961127,0.7955979173608119,0.020180395909541016,0.8759197822362775
438.0,18.25,0.636715467866452,0.0068873010147604136,0.03074805706240491,3.8347421108100463,0.28478897715020235,3.8418935220571253,7.790039299448836,0.08021009900697187,0.0019153268046723515,0.7965863825484443,0.020489707977147997,0.877435424281528
444.0,18.5,0.6314883042759902,0.006862876226046342,0.03107257179653755,3.7895815128349315,0.2864520173090179,3.7967044633497005,7.820254753443805,0.08074838963826228,0.0019068991321941897,0.7803755631897833,0.020393625778228675,0.8617540935284402
450.0,18.75,0.6262076927796443,0.0068375013062184666,0.03137157122167189,3.743959780134815,0.287858663327607,3.7510532747399075,7.826097448582004,0.08103740371399995,0.0019100877829507368,0.7688742756454802,0.020405619933056673,0.8505347551102845
456.0,19.0,0.6208897906162747,0.006811333964526092,0.03164927404902185,3.698554143790797,0.28905114434925494,3.7056173986299146,7.83231308237373,0.08133198390213768,0.0019308600282373356,0.7643992442867337,0.020587836848358965,0.8463529292591991
462.0,19.25,0.615312263920714,0.006781906665745989,0.03189933213044549,3.6524575671008717,0.2899748977070118,3.6594871800298296,7.855013929342022,0.08180000561226689,0.0019491554540508327,0.7590320538883991,0.020749604498161656,0.8414529477633544
468.0,19.5,0.6098745524777769,0.006753591989428998,0.03212781653293462,3.60670265108564,0.2906890278252341,3.613699825056378,7.87179462093809,0.08220902155274581,0.0019548849333797524,0.7488487763550651,0.020789027400577975,0.8316734191597629
474.0,19.75,0.6042718518419861,0.006723009920308235,0.032333209606109525,3.5606737340609054,0.29118285663359167,3.5676361284295934,7.882012055717496,0.08255182645982766,0.001964156122144012,0.7400420464210421,0.020861133736856274,0.823204791106769
480.0,20.0,0.0307991555728222,0.0003442491389434141,0.03274329797166631,3.5406272873014197,0.29297602728820493,3.540983725019313,7.886588650917474,0.08283426983318913,0.0019996593470727464,0.7414676670219029,0.02118130601229007,0.8249161261831168
486.0,20.25,-1.1204091578747466,-0.012383871209573492,0.04211270456488991,4.278603515983808,0.37985739213822,4.265689788025262,18.496446083188857,0.19110920177196383,0.007698346705776293,2.179959575895175,0.08118247372018095,2.3752348810115778
492.0,20.5,-2.7983913715634117,-0.030275516171297305,0.04464904361327182,4.259080777269379,0.40963628631284443,4.227515802408604,16.565206426153964,0.169029184293155,0.006415291967574732,1.5691306068564224,0.06975002714670175,1.7408120798148274
498.0,20.75,-0.8714312674110261,-0.00923748447317601,0.042952987643159135,3.839232488277651,0.40419075258631665,3.8296403552994738,15.511019413950635,0.15652770741263944,0.005212282211211672,1.1538451632795035,0.05873846245808956,1.3121789580733056
504.0,21.0,-0.8615265021235246,-0.008953198222883872,0.03911367295040091,3.437382518688835,0.37535948278678966,3.428121564795388,14.801539931393563,0.14784143928681978,0.004546243344169476,0.9377686954770721,0.052758911927978325,1.0869965455004758
510.0,21.25,-0.8581171248315513,-0.008747372412606914,0.035259322326120834,3.0944397393919325,0.3448858774821968,3.0854216848112492,14.096302504061896,0.13944257185287065,0.003925217439186168,0.7664839936057353,0.046954316913288885,0.9069953704521306
516.0,21.5,-0.8570189677757298,-0.008572864585438949,0.032482201556099044,2.857953578519114,0.3237187778281836,2.849135705443487,13.431953183782753,0.13165756029746845,0.0031897120474349006,0.5989739889650917,0.03973779810019806,0.7314201438032537
522.0,21.75,-0.857177600133582,-0.00841732111443772,0.030064109390450344,2.6413026243236866,0.3051563165316793,2.632662976285741,12.784694125617534,0.12423185140818974,0.0027237615127859716,0.4974536167032226,0.03506518133256975,0.622303463949335
528.0,22.0,-0.8575890309894021,-0.008269951671262642,0.027678519451899142,2.4267079223275085,0.28602270278049247,2.418237283083871,12.091381391821415,0.11653567647504116,0.002357069578812543,0.42178643173338864,0.031241753216285417,0.5388136398799448
534.0,22.25,-0.857354364308776,-0.0081218249442806,0.025368325394114155,2.224549528167199,0.266793119441056,2.216247029204418,11.381296003115494,0.10885168399284818,0.0018713666869970558,0.3301555971399391,0.026038975681352383,0.4393666610600669
540.0,22.5,-0.8542247224559105,-0.007952161735164694,0.0233343270480042,2.0519390985450636,0.24966702715954625,2.0438237632940703,10.575404124816487,0.10042167669430518,0.0014731345814451569,0.25800327711187393,0.021567448273045464,0.3586840450229811
546.0,22.75,-0.8454925503992854,-0.007737568834598748,0.021564746412363167,1.9059530513198724,0.2346654679061828,1.898068008055977,9.755111825657877,0.09202375036226217,0.0011872210795546012,0.2076627489820057,0.018173950796187555,0.29987759839397965
552.0,23.0,-0.8273870701450505,-0.00744691480226767,0.020003895368487346,1.7816590869585516,0.22130712051930956,1.7740794935219972,8.930093746927014,0.08373861515309956,0.0008980139070040583,0.15736294877236123,0.01468074673075126,0.2412333374795311
558.0,23.25,-0.7996057402870065,-0.007082085656934042,0.018612840987584756,1.675690667973815,0.20924598249965776,1.668489908468442,8.193473786013783,0.07641427531581252,0.000662309569053221,0.11680924005795998,0.01175270823272534,0.1933127743080516
564.0,23.5,-0.7685597053696256,-0.006703260355915985,0.017346471700142363,1.58387008831641,0.19803024085837428,1.5770606570247765,7.521589797423076,0.06980281906809503,0.0006655751384134767,0.11835379069223965,0.011406744794205004,0.18823922404271823
570.0,23.75,-0.7395392836097017,-0.006356679973666705,0.016175059111397605,1.5029410410166182,0.18737356122075255,1.496488823890762,6.904179591329012,0.06378565569906172,0.00038902625859227324,0.06987876963990645,0.008057185384628518,0.13370899797037653
576.0,24.0,-0.7138127618618455,-0.0060512878788862474,0.01510796774393719,1.4296486135427884,0.17744918378663854,1.4235108135106485,6.358914841954174,0.058508170162150756,0.0003587964410893818,0.06520978601446699,0.007400626591263837,0.12375610922918788
582.0,24.25,-0.8820711053485866,-0.0074102146778789405,0.02080141040387551,2.0898792367594616,0.24671221311455227,2.082314157543642,5.823050034618063,0.053378070833425176,0.0002920599951798941,0.0537752887195625,0.0063503708214938115,0.10718206376469887
588.0,24.5,-0.6669367706763296,-0.005635041300808866,0.02234862902636081,2.5755910709138443,0.2639141649024701,2.569810893992458,5.347204471678197,0.04884960360768053,0.00024384058260118469,0.04550748341589639,0.005535613330899913,0.09437931724882002
594.0,24.75,-1.1287100854624441,-0.009593716528531337,0.01976228134367053,2.4927712177353922,0.2315880343956902,2.4829383518025203,4.902615998395049,0.04464955392268761,-6.817397049108109e-06,-0.0012916571863451495,0.002512722377149501,0.04335732001716291
600.0,25.0,-0.4681223937768664,-0.004003953035281103,0.018430555425632433,2.507127238229111,0.21512818526188227,2.5030229009966676,4.523149442204158,0.04107710926412435,3.174488993940017e-05,0.006123581521181888,0.0026945167248948465,0.04720320617557492
606.0,25.25,-0.05770807127919397,-0.0004967660170762986,0.01714221171285879,2.482820542906117,0.19909597233706933,2.4823114430803193,4.181885721762228,0.03787917295377002,0.00018485647935695404,0.03625192630947002,0.004174035537588772,0.07414483119308976
612.0,25.5,-0.3202488002643804,-0.0027748292185779725,0.015829326943840205,2.416804125769079,0.18247472572017287,2.4139622343634604,3.879669590292906,0.03505757461700487,0.0003698585907068175,0.0735897851078577,0.006044401980545899,0.10867315851870106
618.0,25.75,-0.8086808618991199,-0.00705268098201532,0.014586356935442968,2.3242583713747713,0.16673210040527042,2.3170417678646187,3.5897070186038036,0.03236586978079984,0.00041327813030400673,0.0833042338318233,0.00636604077627112,0.11569706575248594
624.0,26.0,-0.8393985382645042,-0.007368885412296725,0.013803061876878964,2.2782780308377992,0.15671218630324812,2.2707412617280327,3.32388667521991,0.029908293698720702,0.0004051051324369115,0.0826968974348514,0.006131784642627203,0.11262992436453634
630.0,26.25,-0.032880630426006974,-0.00029054804386973137,0.01330219606819083,2.259491132048095,0.1505179910473089,2.2591940190969497,3.0673038931454357,0.027548083611499092,0.0003435328039443908,0.07106356720417664,0.005308857416475021,0.09863122746657908
636.0,26.5,0.1291051156622416,0.0011483561764085968,0.012552656827327535,2.1812114861716223,0.1412004454027933,2.1823848904248537,2.8017731112504407,0.025120503931422393,0.00032268132979890174,0.06766797914014987,0.004935928679016932,0.0928054816089405
642.0,26.75,-0.04338246722545591,-0.00038838940962230726,0.011895237761048283,2.098949869308567,0.13284277490748586,2.0985533277999484,2.579598401378462,0.023092691717953796,0.00048027000277012233,0.10203552673812503,0.006580344448031461,0.12515178120571016
648.0,27.0,0.09695623064362735,0.0008736798424525848,0.011428163155379423,2.03375742479284,0.12687912067113682,2.034648873163966,2.387791591245332,0.02134529799027076,0.0005291035647255748,0.11367086821844949,0.007031524876467188,0.1350404295942732
654.0,27.25,0.09309678889258066,0.0008443548917491198,0.01107365001811289,1.9725988018886773,0.12214902171922049,1.9734598125149072,2.2179540287652344,0.019801156537112778,0.0005539997372184802,0.12028535971007641,0.007228179674550361,0.1401103341395492
660.0,27.5,0.0894682283669681,0.0008166997374833453,0.010835583606457644,1.92094244431981,0.11875362568301995,1.921774832389188,2.065740427671699,0.01841999093697036,0.0005614477373093729,0.1231339594597425,0.007239513853629198,0.14157663166087747
666.0,27.75,0.08611339982235222,0.0007911458764859045,0.01067633517225941,1.8751161163609218,0.11625804060368772,1.8759220971412394,1.9228960208056378,0.017127130093570964,0.000543795348543874,0.12047000767756347,0.006974326476322901,0.1376177708260722
672.0,28.0,0.08300975310521608,0.0007675308358178641,0.010582024075657115,1.8344107812204926,0.11449513694945956,1.8351923917247173,1.7831175473747862,0.015865779977918257,0.0005301633416460727,0.11864550356324244,0.006756105878913843,0.13453010757570563
678.0,28.25,0.08013276490055432,0.0007456689609542722,0.010549279723634286,1.7993743849251753,0.11341488162802982,1.8001334712623847,1.6443131862397422,0.01461690591388656,0.0005783953686854248,0.13071979815724258,0.007235106455848239,0.1453558112610202
684.0,28.5,0.07743301327718655,0.0007251359222958555,0.010563067800664516,1.768138934066746,0.11284388465795026,1.7688768913995898,1.5076677510533045,0.013390668622717837,0.0006152768259528596,0.14029056302298173,0.007589608943699311,0.1537000174900992
690.0,28.75,0.07485033177727018,0.0007053941020981977,0.010624167098193249,1.741478685915151,0.11278094724851773,1.7421963643051894,1.3810020699129382,0.012256070723327198,0.0006655842619470165,0.1530191332215862,0.008101349289112214,0.16529395807809824
696.0,29.0,0.0723072746040998,0.0006857270509718299,0.010719337235460591,1.717726419714778,0.11307717758863944,1.7184239256804656,1.2683788357808226,0.011248578127082123,0.0007049867579515534,0.163267797670226,0.00849794016411387,0.1745347411030748
702.0,29.25,0.06974086555783288,0.0006655374056658391,0.010848779646575268,1.6971094660525072,0.11372839766948406,1.6977862983564762,1.1669328460302495,0.010342228727822048,0.0007268521550562457,0.16945085860499062,0.008702606656007639,0.179810612328197
708.0,29.5,0.06708451314443664,0.0006441777427034512,0.011003666779125676,1.6787745372520801,0.11463662696322352,1.679429529286714,1.0733932401581114,0.00950762698463117,0.0007481815268615133,0.17549687292614832,0.008905243091899884,0.18502118549884022
714.0,29.75,0.06428681858233176,0.0006211317550974617,0.011179718218738088,1.6621836721815046,0.11575346859409041,1.6628151282872161,0.9844261521957378,0.008714951437412442,0.0007595402807470397,0.17915529497596808,0.008997739800367555,0.18788585971033625
720.0,30.0,0.061342992274148855,0.000596325276630597,0.011375181648701993,1.6473861651261679,0.11705766223490333,1.647992314182893,0.8994289653364831,0.007958653960547981,0.0007922558851371497,0.18783668693725297,0.009333570512447764,0.19581029016971668
726.0,30.25,0.05832155059943034,0.0005704021304507224,0.011585389299425874,1.6340500906582998,0.11849843239971491,1.6346298134452732,0.8159670917812036,0.00721701679380963,0.0008219905636076552,0.1957697872343723,0.009636828373309925,0.2030009327666095
732.0,30.5,0.0553444814067916,0.0005445503867399617,0.011805945925987715,1.6217687091800332,0.12002872874999237,1.6223220909145515,0.7342474831930303,0.006491733345078458,0.0008418321378048099,0.20127885101498566,0.009829253223561984,0.20778365084634992
738.0,30.75,0.0525109094378422,0.0005197616075888284,0.01203729771736628,1.6103396871032607,0.12165129992592494,1.6108678186382972,1.9534470062790206,0.017277603169799278,0.0038813275489956722,0.9545412601135318,0.044685101458599163,0.9719837851343391
744.0,31.0,0.049864825941767776,0.000496501541464452,0.012278218316109757,1.5997433964489902,0.12335193915196818,1.6002478407410787,2.1490346704158583,0.0190855470543064,0.013064022032068245,3.504584570836765,0.14793019951043096,3.524338987028408
750.0,31.25,0.04738496639220102,0.0004745918969260093,0.01252863485652933,1.590350685600475,0.1251283314035554,1.5908328251728956,2.6036058527479327,0.023218754196005473,0.019784850628131623,5.657704201285537,0.22281692514422646,5.6822366039131555
756.0,31.5,0.04502867968403734,0.00045363321380687514,0.012778020238279897,1.5812923840002329,0.1268745396639801,1.5817531904815003,2.5636150795326103,0.0229586377197163,0.024882455321518393,7.4931307014520545,0.27875839361813526,7.517809659903379
762.0,31.75,0.04276321511133574,0.00043331603941846176,0.013020389664785359,1.5716663089279228,0.12853197131319227,1.5721064352495502,2.6200528822664637,0.023562472166655843,0.028888933781811954,9.061500487547878,0.32214440449401804,9.08719807324478
768.0,32.0,0.04056471418334695,0.0004134140607334657,0.01327022055672833,1.5630609058567158,0.13024407157506346,1.5634807818310184,2.611209264923673,0.02358138186530006,0.031738319822826266,10.269370060584164,0.35233407350110246,10.29537310181861
774.0,32.25,0.03841573821591737,0.00039376153466456844,0.013513746730841936,1.5544296761630947,0.13187527517918696,1.5548295584439027,3.597463828386026,0.032627240655190404,0.033587735658564266,11.130521557057769,0.37154316464879544,11.166780379767552
780.0,32.5,0.03631516010318592,0.0003743567482792518,0.013756945143324595,1.546169642731881,0.13348456973866085,1.5465497876705654,4.092191209303564,0.03727015847714415,0.03511322763850411,11.83599170067299,0.38689413746887347,11.877673152014312
786.0,32.75,0.03426146737729141,0.00035519331100822613,0.013997156359914942,1.5379947913807186,0.1350463416843759,1.5383554475463423,3.8749983427369443,0.03544001253070506,0.03585173058378954,12.22716188026977,0.3932766733280224,12.266935200503006
792.0,33.0,0.03225825429035467,0.0003363171957798951,0.014227463365536819,1.5296500460667513,0.13649482940136437,1.529991507738673,4.818284123746707,0.04425155799097584,0.035818135363585635,12.295164819581796,0.3915782204436189,12.344857179562998
798.0,33.25,0.0303113610825676,0.00031779827837887957,0.014450707465460177,1.5209305434769524,0.13785899989833084,1.5212531752464158,5.631805142962548,0.051937383405789746,0.03578238824331664,12.312413579072755,0.38984283972230926,12.370745707925623
804.0,33.5,0.028430263464542804,0.0002997458883816018,0.014666998931991193,1.5122620351772857,0.13914137306910668,1.5125663140089365,6.202386728295096,0.05743528097591227,0.0350417355385253,12.029502797322856,0.3804367834480118,12.093847257030424
810.0,33.75,0.026615721440975904,0.0002821791488665629,0.014874666740519737,1.5035547515414613,0.14032766263274077,1.5038411734083375,6.272110434503702,0.05831887803698478,0.03457572120058361,11.809495985567805,0.3739100529126853,11.874702029165396
816.0,34.0,0.02486856201721821,0.00026511815964220614,0.01507955077814671,1.4951383950731743,0.1414743655003221,1.4954074771162127,6.737683245124572,0.06290292621112438,0.034168618007664686,11.575683889250328,0.3682072782840642,11.645868259356742
822.0,34.25,0.023180727801445755,0.00024848811418278275,0.01527674252635669,1.4868681680336027,0.14253642412854184,1.4871203508384625,7.17295405279765,0.06723774135141684,0.03362064070571652,11.282371954027006,0.3610452323989861,11.357195707451165
828.0,34.5,0.021541150337725412,0.00023217995376953075,0.015462884001289146,1.4780792380269523,0.14348413768285617,1.4783148497844127,7.57991301257789,0.07133856751964565,0.03314688306866398,10.985045742438771,0.354732925986057,11.064220884232457
834.0,34.75,0.019951078087615315,0.0002162155699936901,0.015635020713725467,1.4688624042964258,0.14429215727824563,1.469081795775644,8.276615946970196,0.07820979503135866,0.032604306741693234,10.648160781723135,0.3478418853324463,10.734698481476482
840.0,35.0,0.01840924022872059,0.0002005897590440211,0.015802229858869588,1.4598416237169405,0.14504608942367447,1.4600451417687792,8.883557276643842,0.08428111096360814,0.032158723256997035,10.347622623875914,0.3420120139275169,10.440624826145255
846.0,35.25,0.016924014800679288,0.00018540275072936982,0.015961929702886346,1.450903907319764,0.1457232721561379,1.4510920000862533,9.219259849125592,0.08781163092844912,0.031521323813742896,9.971409411728102,0.3341443575507781,10.067977099887534
852.0,35.5,0.015499287810598616,0.0001707072976420544,0.01611954921302794,1.4424972444940538,0.14637424949164135,1.4426704142397582,9.130906735708777,0.08730800931869383,0.031032691131838597,9.63261070104175,0.3277732363379622,9.728328751008954
858.0,35.75,0.01412572249864752,0.0001564106457627508,0.01625213606532938,1.4324963902305576,0.14679217551819157,1.4326550414531694,9.763829483150403,0.09372375590367593,0.030364792727052392,9.24680608699744,0.3198330584191966,9.349196296866989
864.0,36.0,0.012807507629986503,0.00014256840580087409,0.016382553378835985,1.4231602400650791,0.14718618373604464,1.4233048374477695,10.148121613638068,0.09778957187578256,0.02983899690237496,8.916131960536273,0.31335346947914733,9.022640579684145
870.0,36.25,0.011543819464350236,0.00012918109046464947,0.016515609300012946,1.414523491571672,0.14759967505594318,1.4146544999590154,10.135709018153648,0.09804526095599155,0.029184275942718496,8.556713949163992,0.30545356881134955,8.663148662640701
876.0,36.5,0.010330992447052267,0.0001162170731676138,0.016620251265936803,1.404373580091695,0.14775634446500696,1.4044914292867408,10.55012848174556,0.10244318529591519,0.028330499058762892,8.147428031016778,0.2957295309542327,8.258217701107355
882.0,36.75,0.00917530270635325,0.00010375629998416429,0.0167263150885697,1.3947093404375175,0.14792410710669834,1.394814543836295,11.11209905094438,0.1083119842541529,0.026344799939805208,7.430708186433359,0.2745127897347417,7.547068518168365
888.0,37.0,0.008075072826613905,9.178980271769391e-05,0.01681919137825716,1.3848904167215466,0.1479743040441761,1.3849834777124475,10.848482913537737,0.10613868538617169,0.023312389104139797,6.444638866557762,0.24245413960793316,6.557617806914781
894.0,37.25,0.007028167501630378,8.030299396032632e-05,0.016907110961701832,1.3749515285353562,0.1479808377123284,1.3750329356565654,10.807203422411476,0.10612811824660061,0.020599575223028244,5.587283363346876,0.21397600967787955,5.699341160288096
900.0,37.5,0.006030013544659596,6.925279657069632e-05,0.016986090779977037,1.3652208722530035,0.1479097295764067,1.3652910705032077,10.668398304114817,0.10515436662730228,0.018258470849265684,4.8600544891520085,0.18944339724693426,4.970319415295117
906.0,37.75,0.005081602952486719,5.865930266403018e-05,0.017058848993623643,1.3552228065559586,0.14778576703766078,1.3552822608228612,10.818695219268193,0.10702954821910841,0.016125114592305534,4.209878463360316,0.16731323731223702,4.321413825479337
912.0,38.0,0.004181621865427587,4.851609058080234e-05,0.01711975623271833,1.345197105695601,0.14756127871175373,1.3452462744232236,10.950281754143361,0.1087288994200356,0.014321598934420865,3.6702737146315814,0.1486650645115999,3.7829932622672557
918.0,38.25,0.0033358823602611665,3.889952927981157e-05,0.017177702500830616,1.3351340378364496,0.14731408746543906,1.3351734567265712,11.0803098539036,0.11042134876151408,0.012651310840751051,3.180655730154077,0.13149795248692264,3.2945892018722844
924.0,38.5,0.0025406398835912114,2.977535757605137e-05,0.017222782034057582,1.3249850648228694,0.14696005975268456,1.3250152346994883,11.285085421581243,0.11286996101878,0.011314200175135902,2.7917810144813355,0.11782401666986697,2.907802057642892
930.0,38.75,0.0017897465550049674,2.108013050162039e-05,0.017265171040951488,1.3148138859666598,0.14658724395069989,1.3148352432616326,11.37497679097396,0.11417936399662906,0.01011728605415646,2.4526996866973008,0.10559941636623815,2.569679527596938
936.0,39.0,0.001084320745576406,1.2834974303248035e-05,0.017293099801136913,1.3044100617991636,0.14609654324036647,1.3044230641941763,11.464941825795904,0.11549519451884085,0.009016809679804338,2.147703936104126,0.09442455133305572,2.265679625461667
942.0,39.25,0.0004229668793414021,5.0313740105816645e-06,0.017318988298093085,1.2941481472493697,0.14559417102360683,1.294153243736809,11.555429342140997,0.1168220066112659,0.00804509679898191,1.8824125557751603,0.08460949083181113,2.0014336345067747
948.0,39.5,-0.0001992995457840152,-2.3824129547861914e-06,0.01733301621481642,1.2837336655289489,0.1449981943091725,1.283731252532164,11.615941366468178,0.11785039532322268,0.00729482406503934,1.6782762841710017,0.07703528052040198,1.7981045347297313
954.0,39.75,-0.0007794743942213245,-9.363334259117221e-06,0.017342891562140528,1.2734143597918106,0.1443742031961257,1.2734048772234938,11.673236374192129,0.11884954051946292,0.0065605950539000535,1.4837524793441927,0.06967530024916702,1.6043654528678053
960.0,40.0,-0.7044547777077241,-0.008502490180318324,0.017566698741942943,1.2795311727836423,0.14456542561102914,1.2709198905909944,12.11816572614407,0.12381242542531916,0.005980480810328259,1.3307589773715367,0.06405249633115861,1.4562190477633088
966.0,40.25,-0.19092399727196607,-0.0022764282521637804,0.02962188654015896,2.023190470609884,0.24815351935201946,2.020867985878259,20.145070465772733,0.20297214084205206,0.01174576508077041,2.2248898244840767,0.1274489327337145,2.4323778718342504
972.0,40.5,0.49259742932918016,0.00573976996578107,0.03964650536185377,2.518278420385291,0.34104852283364195,2.5241627337394834,18.285166944431694,0.1823136367014803,0.010099687357799758,1.7475609749214094,0.1120471589102019,1.9330606535898294
978.0,40.75,1.2499157995080168,0.014242950933005004,0.039490009231978096,2.381508097337688,0.34867364633891107,2.3960902453004724,17.124054343501484,0.16916253867976083,0.008993206390951913,1.4654810025670773,0.10169930170497388,1.6371225861146657
984.0,41.0,1.2470567552227294,0.013906399569732907,0.037741802821491977,2.2434905633636797,0.3405946836040137,2.2577089516954625,16.17745675417609,0.15845255256552357,0.007691358439522511,1.1991015101411595,0.08902718639166807,1.3594540696573616
990.0,41.25,1.2477876522170845,0.013624783056864612,0.03550938402869086,2.1060403132252286,0.32735093246979474,2.1199520397058462,15.303161649309914,0.14869136221969215,0.006752289852048676,1.0203084739659656,0.07972466710687165,1.1705169467544316
996.0,41.5,1.2534641009478946,0.01340817736755313,0.03332512404566135,1.990142810395353,0.313680790134379,2.0038178296408007,14.456254645072477,0.13940480340203448,0.006082391338166571,0.897845821062415,0.07295550915062066,1.0385022646661486
1002.0,41.75,1.2608543828246184,0.01321833958434162,0.030949580936230126,1.8648402307989478,0.29734956109222566,1.8783050712976912,13.640652901151043,0.13060547962309105,0.005285644273616219,0.7677060279036766,0.06466781374032493,0.8993141736666104
1008.0,42.0,1.2690093111232272,0.013043704827201076,0.028313292131394885,1.7251554069700312,0.27757588655476084,1.7384241359763333,12.767445934785428,0.12143252237918575,0.004502511835883571,0.647729491117295,0.05627194401668678,0.7699485677557375
1014.0,42.25,1.277645972722894,0.012880461871401936,0.025675199283954342,1.5866704833677792,0.2567791378726767,1.599755315725821,11.771616609968987,0.11127178993845685,0.004025143698189737,0.5764303590029893,0.050849984837968876,0.6883435533196733
1020.0,42.5,1.2865274028990825,0.012725603395389043,0.023198723816981293,1.4567654887102501,0.2366120453432039,1.469676474304128,10.899863851242117,0.10245031279998369,0.0033486386157531856,0.4792239498440208,0.04327965738585693,0.5821652290796248
1026.0,42.75,1.294203523410033,0.01256472556689612,0.020953201088781626,1.3391485168581678,0.2178762203095843,1.3518815027611546,9.965973902280894,0.09318963367682118,0.0030408853091917765,0.43668535255563123,0.03949029574865648,0.5302819317128165
1032.0,43.0,0.35493721035527415,0.003383214001760033,0.019107965734306287,1.2447637977941244,0.20101569198672564,1.2481891248189838,9.129077897139723,0.0849647932697268,0.002849388424778554,0.4110485406241811,0.0369696625577296,0.49636258043667847
1038.0,43.25,0.3555168038383272,0.003329266240391913,0.01736063686492617,1.1539747158442777,0.18592715763130485,1.1573424009752964,8.305765570847143,0.07697401133136964,0.002509918462206717,0.3647053470086956,0.032819811484459116,0.4419600866752019
1044.0,43.5,0.354872295531095,0.0032671253455247777,0.015807242349586526,1.073814400008854,0.1722248874165082,1.077116608216796,7.580203590725432,0.06997890870961233,0.002328863611590015,0.3411978219347755,0.030418105103338533,0.41141549715672315
1050.0,43.75,0.3529181904723373,0.0031965045769572586,0.014418640928931747,1.00275139987199,0.15970521251356296,1.00597995744334,6.902433508243121,0.06349827413232635,0.0021290301455790805,0.31488355512798555,0.02782478671156685,0.37858177488334704
1056.0,44.0,0.3473957109636103,0.0030977186821446305,0.013177492126671186,0.9397335764674057,0.14827157356179832,0.9428604054521066,6.324355102329719,0.05799357880766718,0.00194597972143018,0.2907772494703482,0.02546620953456369,0.348939460411352
1062.0,44.25,0.3859727791241312,0.0033911392269288815,0.012043366672356948,0.8819836288880735,0.137606913385385,0.8854046774078214,5.7999893452069955,0.053029047263900134,0.0015561010479764326,0.23517045544378087,0.020866495642199112,0.2883242113596463
1068.0,44.5,-0.09501306598031078,-0.0008297327000548803,0.01958963684952253,1.567627687322485,0.2242012227349388,1.5667849475028952,5.363309688545996,0.04890393804711093,0.0015222361422053687,0.23323554948774686,0.020202994084723258,0.2822535489034763
1074.0,44.75,-0.7612036723439815,-0.006685724463244297,0.017111017346503665,1.540585829327295,0.1939591388672426,1.533797105540365,4.970060044055572,0.04520476176399739,0.0016444789145313443,0.25520043596300457,0.021291121498432375,0.3005205604760927
1080.0,45.0,-0.456563661187829,-0.004035249150936934,0.015739291925757737,1.5471287791975272,0.17760876417314542,1.5430310995456589,4.616792545799399,0.04189428006367982,0.0016945279099930266,0.26601438519383497,0.021622619402900334,0.30802011006906715
1086.0,45.25,-0.7507708493176324,-0.006678850406391123,0.014006119514864857,1.4778503290949379,0.15672100892951057,1.4710727752758324,4.2724492792804085,0.03868625698544014,0.0016523699283923499,0.2621440495531926,0.02094862147947918,0.30093172025931747
1092.0,45.5,-0.9244191084053455,-0.008278859337958216,0.012745687711714138,1.4291482990743645,0.14148239236846827,1.4207511225589915,3.9536039514750883,0.03572801369447093,0.0016939029351943358,0.2714805338949342,0.021218003104833905,0.30730554219172235
1098.0,45.75,-0.9214299108080013,-0.00830856146079722,0.011816535006528794,1.3977602669023317,0.130257002328646,1.389335571670675,3.637716612636723,0.032813089717688045,0.0015769435257958486,0.2552660246397016,0.01973526177506102,0.28816287502705185
1104.0,46.0,-0.9158379507534846,-0.00831505778805227,0.011041791800709744,1.3673610318410496,0.12086694172555212,1.3589322771930212,3.3281360900109576,0.029969974487361644,0.0014432201070879724,0.23614525223297667,0.01806563639433101,0.2661859993921847
1110.0,46.25,-0.9090015385936567,-0.008310000199722929,0.010390322691980813,1.337028848671306,0.11294021764889095,1.3286077413715807,3.037457651238583,0.02731031584314201,0.0013847449933863665,0.22910351241717172,0.01724125873784299,0.25647639715316495
1116.0,46.5,-0.9015961207842338,-0.008299228618681513,0.009849643283003084,1.3076182647695787,0.10631470948124111,1.2992105139216419,2.787239564018819,0.025025250091131622,0.0015163153168161747,0.25357234260433525,0.018559222557454014,0.278661049808373
1122.0,46.75,-0.8938692164520035,-0.008284842227284758,0.00939873215559961,1.2785108940514467,0.10073940419376726,1.2701201292137247,2.565851540375661,0.023007607177413843,0.0015332932810329103,0.25877316278714524,0.01862383749245744,0.28184030747733
1128.0,47.0,-0.8859569413416466,-0.008267982102742884,0.009037243166044151,1.2514822091317102,0.09619094667621653,1.2431107547038882,2.3658222954672965,0.021188512148604295,0.0015294280644112535,0.26036226463163054,0.01847032299540352,0.2816059436702918
1134.0,47.25,-0.8778617313655559,-0.008248581116016578,0.008726756224847643,1.223118774854607,0.09224118818606541,1.214769303794302,2.183628805420085,0.019535024239022612,0.0015023133752851692,0.25787861647127547,0.018068276693346874,0.2774640173605302
1140.0,47.5,-0.8696146686070279,-0.008226857956989778,0.008500858705655645,1.1994715103553597,0.08923407076504208,1.191145973580987,2.013679217801837,0.01799604999364232,0.0014688642284178544,0.2542345516783856,0.01760232781348048,0.27227635384904525
1146.0,47.75,-0.8611907277772843,-0.008202515937691321,0.008304577924190149,1.1740423752986657,0.08657431795591464,1.16574355834801,1.8517557161503646,0.016533138563463598,0.001442221001780486,0.2517018128198748,0.017216965071956913,0.268276565592826
1152.0,48.0,-0.8525197716044204,-0.008174824790553016,0.00815020817164902,1.1497991074307177,0.08438401402481066,1.1415302885776932,1.6969462429296982,0.015137564850042941,0.0014037802724766735,0.24704248475549115,0.016703256057178706,0.2622174458218722
1158.0,48.25,-0.9809672210631106,-0.009469648250541526,0.008045152278908563,1.1286083162018372,0.08263310965042603,1.1190317927136364,1.549307851395497,0.013809326104357113,0.0014400870609142524,0.2554746537275658,0.017032310923133842,0.2693192591599695
1164.0,48.5,-0.9699584975805919,-0.00942600571268237,0.007971693727029439,1.1084039815468465,0.08132530118958581,1.09887349761155,1.409033887235637,0.012549674687204231,0.0014794777124175207,0.26437009838324743,0.017401675297525898,0.2769529506577532
1170.0,48.75,-0.9584055337072641,-0.009375665097350555,0.007955516719506894,1.0933179839674674,0.08061840987241986,1.0838398130374942,1.2784770553244016,0.011379110115649625,0.0014821939676917806,0.2666060015759376,0.017365555800854082,0.2780154490820769
1176.0,49.0,-0.9461799993096065,-0.009317219922351731,0.007971197186321777,1.0801518692274885,0.08024310865310191,1.0707340091799842,1.1585348473963677,0.010305161238479164,0.0015051958230375417,0.27242510242602685,0.017563683855836842,0.2827583375105513
1182.0,49.25,-0.9331529481005418,-0.009249209686024452,0.008020709858165276,1.0691191897813734,0.08021340621727813,1.059771095019696,1.04856569808544,0.009321706263497358,0.0015186869591592433,0.27642414547753363,0.017660850582625898,0.28577161918790805
1188.0,49.5,-0.9195577982918621,-0.00917374949107879,0.008112713365562185,1.0621218553798524,0.08061033375760829,1.0528506694904936,0.9473144623625558,0.008417235548779257,0.0015330683404174428,0.28048416689035477,0.01777309206041533,0.28892501145213745
1194.0,49.75,-0.9059998031898431,-0.00909676476978755,0.00820652543108391,1.0540180541986175,0.08102072659787485,1.044825407885806,0.8533347908014548,0.007578617191746411,0.001545615304254011,0.28410745168409834,0.017868825630587004,0.2917076002920163
1200.0,50.0,-0.8930062245035515,-0.00902357790924324,0.008363558312503683,1.0528285313542962,0.0820519640846804,1.0437099506422594,0.7658843409753899,0.006799030541743648,0.0015617917711453488,0.28828010818093047,0.018009099836784337,0.2950987389752746
1206.0,50.25,-0.8809642426549544,-0.008958249980338938,0.008530905429010804,1.0516647234500531,0.08317173356944263,1.0426122627148264,0.6844993468967004,0.006074170325506827,0.0015758153992240231,0.29193147193572405,0.018128456284212113,0.2980233746760682
1212.0,50.5,-0.8700748477112938,-0.008903062147974688,0.008716752056138088,1.0518987479272197,0.08445813333991659,1.0429020345799793,0.6094771523748932,0.005406513120768898,0.0015795800605251653,0.29359243068134255,0.018135505526288398,0.2990148169153834
1218.0,50.75,-0.8602970697229466,-0.008857870570952974,0.008918983258565993,1.0534170312706084,0.08588718555557051,1.0444658503824475,0.5409287772363314,0.004796898206280179,0.0015891574886338633,0.296281897305481,0.018211347261824606,0.301093007852775
1224.0,51.0,-0.8513395260633843,-0.008819920992541417,0.009119392151254568,1.0538657014008266,0.08728013520036626,1.044952830286058,0.47866613376754685,0.004243530776641342,0.0015957207285655084,0.2983126264888215,0.018256384012619087,0.30256881625359233
1230.0,51.25,-0.842797502886242,-0.008785183903900028,0.009339409727202819,1.056056983114609,0.08884344546791212,1.0471790226626037,0.4223753145270166,0.003743520142861462,0.0016027000883725995,0.3003561023577683,0.018309061914210112,0.30411086639182777
1236.0,51.5,-0.8343701537050947,-0.008750593605135438,0.009571063662618284,1.0591897303026516,0.09049826682054807,1.0503464513087244,1.8345557576012652,0.016285623688247892,0.0072136568386621525,1.404409299341259,0.08221651089411353,1.4209236398430236
1242.0,51.75,-0.8258949548908276,-0.008714449831246697,0.009801654673216253,1.0617209142893689,0.09212271746827838,1.0529139413217108,1.774790615436359,0.015823058812287138,0.01687319787439373,3.475553619788234,0.19014950374312356,3.4919266174938364
1248.0,52.0,-0.8173015095562732,-0.00867598025981612,0.01004704457990635,1.0655781035122625,0.09386713608382813,1.05680967390652,2.0313293473063823,0.018188988605299487,0.02283162781191267,4.9020404505978865,0.2559739837377233,4.921121070782164
1254.0,52.25,-0.808636202775233,-0.008635640694233556,0.010288472634589652,1.0688486748123174,0.0955539463834274,1.060120732186959,2.607744413164255,0.023453740975883892,0.027936613525761322,6.207917312310906,0.3118644065036147,6.232827042133231
1260.0,52.5,-0.7999801820860739,-0.008594275250211579,0.010535516788124144,1.0724437428380493,0.09727334406375299,1.0637572988206754,2.4647594242669584,0.022265268206346184,0.03180492438105775,7.263382079593128,0.3532373504839992,7.287264559300352
1266.0,52.75,-0.7913790436505224,-0.008552368974792892,0.010784420518367366,1.0762088059243446,0.09899026119363974,1.0675643956015293,3.045491843877244,0.027633683938764624,0.03432494393303842,8.00778464653454,0.3797031324007829,8.03763117637302
1272.0,53.0,-0.7828681552637136,-0.008510311306311323,0.011033982774794726,1.0799623997951953,0.10069371126345672,1.0713601803266868,3.139870720644467,0.028615611711726264,0.03635566444229349,8.621959683993314,0.40035353657603157,8.653042522210148
1278.0,53.25,-0.7744849937989784,-0.008468526394907505,0.011279923508797252,1.083336784227683,0.10234485028235873,1.0747765151712445,3.4618665114758187,0.03169125253545269,0.03721541241376303,8.916120119447617,0.40810487555759334,8.950637002126482
1284.0,53.5,-0.7662299161274859,-0.00842704124811031,0.011509721388998972,1.0853326269548482,0.10383091474630746,1.076814124278607,3.4984558425876457,0.032165618950608314,0.0376652851414323,9.07962850665673,0.41124510382306756,9.114714644314919
1290.0,53.75,-0.7580901911424007,-0.008385738446911303,0.011746312235570766,1.0879686704469254,0.10536200412636632,1.0794916977929343,4.725364036550673,0.04363724846620797,0.03792928725092226,9.161274274718364,0.41286199113019606,9.208909251202497
1296.0,54.0,-0.7500618758749624,-0.00834459456570636,0.011976077908551153,1.0902329091134224,0.10681520669140987,1.0817973390316455,5.465420905742576,0.05069091439623745,0.03721893635199247,8.955831745415535,0.40376393079484796,9.011062452815302
1302.0,54.25,-0.742128230716844,-0.008303441751353814,0.01219273891794792,1.0914025811050136,0.10813567072449715,1.0830085153760671,5.740381350824464,0.05347105837853259,0.036913650275230525,8.836236778512431,0.39889616836226693,8.89443266621727
1308.0,54.5,-0.7342926608398557,-0.008262334564259104,0.012414477125478163,1.093286051527894,0.10948739170210686,1.0849333860122936,6.176476901815477,0.05778012984726649,0.036347396409112886,8.636457628914382,0.3913638234258032,8.69922791519383
1314.0,54.75,-0.7265464562351553,-0.00822119124182909,0.012618989843423245,1.0939351735414098,0.11067285081805167,1.0856240477969206,6.578266866727063,0.06180134412786443,0.03560855517367195,8.392085069485095,0.3820505299155439,8.459072834986259
1320.0,55.0,-0.7188686091485579,-0.008179787396462338,0.012828953974644897,1.095236835549146,0.11189411665144888,1.086967460108042,6.9342001040222385,0.06542158191265698,0.03497967817356973,8.143589623604505,0.37397956586843595,8.214338870673409
1326.0,55.25,-0.7112614035431761,-0.008138159690469052,0.013015833362451712,1.0950246795677543,0.11290149692727702,1.0867974050202167,7.251767440226104,0.06870619935118086,0.03432755721151348,7.893860410995399,0.3657212457582366,7.967990181817069
1332.0,55.5,-0.7037155658745178,-0.008096212615247294,0.0131999391526878,1.0947004058484964,0.11387485968027455,1.0865155639609045,7.338132115171902,0.06981437346231971,0.03352593609807247,7.613150662777521,0.3558658942776072,7.6882801096758016
1338.0,55.75,-0.6962332260136463,-0.00805398075675388,0.013394879432123696,1.0957983874686201,0.11493278479351332,1.0876561513205987,7.818067851108935,0.07469373247007245,0.03262019172564712,7.283445782931435,0.34518656820757077,7.363579792909221
1344.0,56.0,-0.6888306123109942,-0.008011663506742999,0.01353880413779085,1.0928591569895,0.11554189500320966,1.0847599372844818,8.177697572917168,0.07845263453347613,0.03190883699434238,7.000598992588619,0.33659772469549765,7.084543781464916
1350.0,56.25,-0.6814835162804229,-0.00796899178329832,0.013722894794190088,1.0936902438004057,0.116489517628791,1.0856340959314403,8.436535490647657,0.08126811610185375,0.03126588144699638,6.749620031654195,0.32874645267782476,6.836373436799809
1356.0,56.5,-0.6742159548975906,-0.007926257397917087,0.013840174867245647,1.0894200080218028,0.11686014518407362,1.0814074003899021,8.510930535005173,0.0823163291096616,0.030574236638474472,6.498616389835511,0.32038052083008317,6.586282141400184
1362.0,56.75,-0.6669941408472368,-0.007883074989785167,0.013975233915524132,1.0870586720000526,0.11737891501701725,1.079089903359951,8.91200454029422,0.0865446919344761,0.029705123666321664,6.2165287650703,0.3104139915687014,6.30845353267351
1368.0,57.0,-0.6598345739712386,-0.00783964815687104,0.014097274766794676,1.0840171845438353,0.1177842225153043,1.07609255325373,8.667255923932316,0.08450678150593793,0.02887278049803299,5.9490570755508845,0.3005842101913334,6.038591213721303
1374.0,57.25,-0.6527074216810433,-0.007795631362977258,0.014261931368582115,1.084662454069636,0.11854381134650893,1.0767822664202045,8.886617136469795,0.0869921761622309,0.02797123720895839,5.665999686618763,0.2903735770717937,5.757920839209728
1380.0,57.5,-0.6456531202511542,-0.007751515045076719,0.014323654238593164,1.0778336976205731,0.11843987893288599,1.0699986341342758,9.544557415323652,0.09380415395481707,0.026994332194977044,5.3856245918796875,0.27970855269234374,5.484480685418106
1386.0,57.75,-0.6386158894802065,-0.007706638717767182,0.014428270221377604,1.0745435422920333,0.11869414232186948,1.06675409238561,9.20530698337825,0.0908271692738939,0.026151024823270475,5.140976495542324,0.26996313692814233,5.23647306824016
1392.0,58.0,-0.6316158559384348,-0.007661248656972963,0.014534598657965914,1.0714409668446396,0.1189615063206837,1.0636976324309915,9.473817865626188,0.09384227539465156,0.025219578401253773,4.878564284837562,0.2597398579639645,4.976984715963694
1398.0,58.25,-0.6246387592182145,-0.007615177160528509,0.014638907029085768,1.068082233197865,0.11921111493440151,1.0603857196830557,9.51933711568745,0.09466061760473751,0.023918871598823443,4.556733103120551,0.2457593920931611,4.6557071524233065
1404.0,58.5,-0.617688111512507,-0.007568470163065462,0.014737541045945823,1.0640308209059715,0.1194133487707365,1.0563818198876906,9.494944646681688,0.094784947850152,0.02280949200581961,4.273545421050933,0.23377515508938362,4.372381046699776
1410.0,58.75,-0.6107057904619069,-0.007520414642206025,0.014861839338089489,1.0614133029854398,0.11982346274935729,1.0538130656617757,9.701116741764054,0.09721696552858335,0.020763290900125075,3.833900226131778,0.212648642306406,3.934844393121601
1416.0,59.0,-0.6036837020574239,-0.007470900655106857,0.014983523050797531,1.0579969250545858,0.12020987968010388,1.050446982500277,9.827415565268893,0.09885984349616433,0.017778465851714165,3.2367698297209975,0.18230396491069722,3.338829538805152
1422.0,59.25,-0.5965799560735832,-0.007419394286949461,0.015114289919889723,1.0545464301793723,0.12066718197969983,1.0470487949348195,9.918957988482362,0.10016016891337683,0.015297677123594977,2.743635269608728,0.15717661661364524,2.8465434682425106
1428.0,59.5,-0.5893221194555736,-0.007364966932965501,0.015255214216272517,1.0510071263558172,0.12120317389104684,1.0435647530955325,9.980699236857618,0.10116457262414222,0.013405302304363542,2.371052443105041,0.13803071268959766,2.4746156807999493
1434.0,59.75,-0.5818342237298566,-0.007306624277158183,0.015410502118544889,1.0476396853282324,0.12185063017012965,1.0402565139554891,10.035570355512391,0.1021028912620347,0.011669354116175201,2.0347242567439556,0.12056928986731297,2.138904660301314
1440.0,60.0,-0.32127213946023403,-0.00405373457426665,0.015429771557712746,1.034308126209896,0.12180191473273183,1.0302124635295171,10.199835477438683,0.10415707093962095,0.01067388547921444,1.8372878951622442,0.11056118557555283,1.9433586313581943
