target_h,actual_h,difference_min,source,source_vtu,packaged_vtu
0,0.0,0.0,existing_preC2_divergence,floodmar_pond5m_head5cm_C1C2formal_C3continuous_1140h-00000.vtu,floodmar_equalVolume_000.000h_0000.vtu
6,6.054888888888889,3.293333333333326,existing_preC2_divergence,floodmar_pond5m_head5cm_C1C2formal_C3continuous_1140h-00006.vtu,floodmar_equalVolume_006.000h_0001.vtu
12,12.004833333333334,0.2900000000000347,existing_preC2_divergence,floodmar_pond5m_head5cm_C1C2formal_C3continuous_1140h-00012.vtu,floodmar_equalVolume_012.000h_0002.vtu
18,18.004833333333334,0.2900000000000347,existing_preC2_divergence,floodmar_pond5m_head5cm_C1C2formal_C3continuous_1140h-00018.vtu,floodmar_equalVolume_018.000h_0003.vtu
24,24.00483333333333,0.2899999999998215,existing_preC2_divergence,floodmar_pond5m_head5cm_C1C2formal_C3continuous_1140h-00024.vtu,floodmar_equalVolume_024.000h_0004.vtu
30,30.004722222222224,0.2833333333334309,existing_preC2_divergence,floodmar_pond5m_head5cm_C1C2formal_C3continuous_1140h-00030.vtu,floodmar_equalVolume_030.000h_0005.vtu
36,36.00472222222222,0.28333333333321775,existing_preC2_divergence,floodmar_pond5m_head5cm_C1C2formal_C3continuous_1140h-00036.vtu,floodmar_equalVolume_036.000h_0006.vtu
42,42.00472222222222,0.28333333333321775,existing_preC2_divergence,floodmar_pond5m_head5cm_C1C2formal_C3continuous_1140h-00042.vtu,floodmar_equalVolume_042.000h_0007.vtu
48,48.00472222222222,0.28333333333321775,existing_preC2_divergence,floodmar_pond5m_head5cm_C1C2formal_C3continuous_1140h-00048.vtu,floodmar_equalVolume_048.000h_0008.vtu
54,54.00472222222222,0.28333333333321775,existing_preC2_divergence,floodmar_pond5m_head5cm_C1C2formal_C3continuous_1140h-00054.vtu,floodmar_equalVolume_054.000h_0009.vtu
60,60.00472222222222,0.28333333333321775,existing_preC2_divergence,floodmar_pond5m_head5cm_C1C2formal_C3continuous_1140h-00060.vtu,floodmar_equalVolume_060.000h_0010.vtu
66,66.00472222222223,0.2833333333336441,existing_preC2_divergence,floodmar_pond5m_head5cm_C1C2formal_C3continuous_1140h-00066.vtu,floodmar_equalVolume_066.000h_0011.vtu
72,72.00472222222223,0.2833333333336441,existing_preC2_divergence,floodmar_pond5m_head5cm_C1C2formal_C3continuous_1140h-00072.vtu,floodmar_equalVolume_072.000h_0012.vtu
78,78.00472222222223,0.2833333333336441,existing_preC2_divergence,floodmar_pond5m_head5cm_C1C2formal_C3continuous_1140h-00078.vtu,floodmar_equalVolume_078.000h_0013.vtu
84,84.00472222222223,0.2833333333336441,existing_preC2_divergence,floodmar_pond5m_head5cm_C1C2formal_C3continuous_1140h-00084.vtu,floodmar_equalVolume_084.000h_0014.vtu
90,90.00472222222223,0.2833333333336441,existing_preC2_divergence,floodmar_pond5m_head5cm_C1C2formal_C3continuous_1140h-00090.vtu,floodmar_equalVolume_090.000h_0015.vtu
96,96.0,0.0,existing_preC2_divergence,floodmar_pond5m_head5cm_C1C2formal_C3continuous_1140h-00096.vtu,floodmar_equalVolume_096.000h_0016.vtu
102,102.03555555555556,2.133333333333667,existing_preC2_divergence,floodmar_pond5m_head5cm_C1C2formal_C3continuous_1140h-00102.vtu,floodmar_equalVolume_102.000h_0017.vtu
108,108.01583333333333,0.9499999999999886,existing_preC2_divergence,floodmar_pond5m_head5cm_C1C2formal_C3continuous_1140h-00108.vtu,floodmar_equalVolume_108.000h_0018.vtu
114,114.0038888888889,0.23333333333368955,existing_preC2_divergence,floodmar_pond5m_head5cm_C1C2formal_C3continuous_1140h-00114.vtu,floodmar_equalVolume_114.000h_0019.vtu
120,120.00638888888889,0.38333333333355313,existing_preC2_divergence,floodmar_pond5m_head5cm_C1C2formal_C3continuous_1140h-00120.vtu,floodmar_equalVolume_120.000h_0020.vtu
126,126.00194444444445,0.11666666666684478,existing_preC2_divergence,floodmar_pond5m_head5cm_C1C2formal_C3continuous_1140h-00126.vtu,floodmar_equalVolume_126.000h_0021.vtu
132,132.07944444444445,4.766666666666879,existing_preC2_divergence,floodmar_pond5m_head5cm_C1C2formal_C3continuous_1140h-00132.vtu,floodmar_equalVolume_132.000h_0022.vtu
138,138.0088888888889,0.5333333333334167,existing_preC2_divergence,floodmar_pond5m_head5cm_C1C2formal_C3continuous_1140h-00138.vtu,floodmar_equalVolume_138.000h_0023.vtu
144,144.04444444444445,2.6666666666670835,existing_preC2_divergence,floodmar_pond5m_head5cm_C1C2formal_C3continuous_1140h-00144.vtu,floodmar_equalVolume_144.000h_0024.vtu
150,150.0872222222222,5.233333333332553,existing_preC2_divergence,floodmar_pond5m_head5cm_C1C2formal_C3continuous_1140h-00150.vtu,floodmar_equalVolume_150.000h_0025.vtu
156,156.07777777777778,4.66666666666697,existing_preC2_divergence,floodmar_pond5m_head5cm_C1C2formal_C3continuous_1140h-00156.vtu,floodmar_equalVolume_156.000h_0026.vtu
162,162.04,2.3999999999995225,existing_preC2_divergence,floodmar_pond5m_head5cm_C1C2formal_C3continuous_1140h-00162.vtu,floodmar_equalVolume_162.000h_0027.vtu
168,168.04,2.3999999999995225,existing_preC2_divergence,floodmar_pond5m_head5cm_C1C2formal_C3continuous_1140h-00168.vtu,floodmar_equalVolume_168.000h_0028.vtu
174,174.04,2.3999999999995225,existing_preC2_divergence,floodmar_pond5m_head5cm_C1C2formal_C3continuous_1140h-00174.vtu,floodmar_equalVolume_174.000h_0029.vtu
180,180.02583333333334,1.5500000000002956,existing_preC2_divergence,floodmar_pond5m_head5cm_C1C2formal_C3continuous_1140h-00180.vtu,floodmar_equalVolume_180.000h_0030.vtu
186,186.02583333333334,1.5500000000002956,existing_preC2_divergence,floodmar_pond5m_head5cm_C1C2formal_C3continuous_1140h-00186.vtu,floodmar_equalVolume_186.000h_0031.vtu
192,192.0113888888889,0.6833333333332803,existing_preC2_divergence,floodmar_pond5m_head5cm_C1C2formal_C3continuous_1140h-00192.vtu,floodmar_equalVolume_192.000h_0032.vtu
198,198.09722222222223,5.833333333333712,existing_preC2_divergence,floodmar_pond5m_head5cm_C1C2formal_C3continuous_1140h-00198.vtu,floodmar_equalVolume_198.000h_0033.vtu
204,204.09722222222223,5.833333333333712,existing_preC2_divergence,floodmar_pond5m_head5cm_C1C2formal_C3continuous_1140h-00204.vtu,floodmar_equalVolume_204.000h_0034.vtu
210,210.09722222222223,5.833333333333712,existing_preC2_divergence,floodmar_pond5m_head5cm_C1C2formal_C3continuous_1140h-00210.vtu,floodmar_equalVolume_210.000h_0035.vtu
216,216.09722222222223,5.833333333333712,existing_preC2_divergence,floodmar_pond5m_head5cm_C1C2formal_C3continuous_1140h-00216.vtu,floodmar_equalVolume_216.000h_0036.vtu
222,222.09722222222223,5.833333333333712,existing_preC2_divergence,floodmar_pond5m_head5cm_C1C2formal_C3continuous_1140h-00222.vtu,floodmar_equalVolume_222.000h_0037.vtu
228,228.09722222222223,5.833333333333712,existing_preC2_divergence,floodmar_pond5m_head5cm_C1C2formal_C3continuous_1140h-00228.vtu,floodmar_equalVolume_228.000h_0038.vtu
234,234.09722222222223,5.833333333333712,existing_preC2_divergence,floodmar_pond5m_head5cm_C1C2formal_C3continuous_1140h-00234.vtu,floodmar_equalVolume_234.000h_0039.vtu
240,240.09722222222223,5.833333333333712,existing_preC2_divergence,floodmar_pond5m_head5cm_C1C2formal_C3continuous_1140h-00240.vtu,floodmar_equalVolume_240.000h_0040.vtu
246,246.09722222222223,5.833333333333712,existing_preC2_divergence,floodmar_pond5m_head5cm_C1C2formal_C3continuous_1140h-00246.vtu,floodmar_equalVolume_246.000h_0041.vtu
252,252.09722222222223,5.833333333333712,existing_preC2_divergence,floodmar_pond5m_head5cm_C1C2formal_C3continuous_1140h-00252.vtu,floodmar_equalVolume_252.000h_0042.vtu
258,258.09722222222223,5.833333333333712,existing_preC2_divergence,floodmar_pond5m_head5cm_C1C2formal_C3continuous_1140h-00258.vtu,floodmar_equalVolume_258.000h_0043.vtu
264,264.09722222222223,5.833333333333712,existing_preC2_divergence,floodmar_pond5m_head5cm_C1C2formal_C3continuous_1140h-00264.vtu,floodmar_equalVolume_264.000h_0044.vtu
270,270.09722222222223,5.833333333333712,existing_preC2_divergence,floodmar_pond5m_head5cm_C1C2formal_C3continuous_1140h-00270.vtu,floodmar_equalVolume_270.000h_0045.vtu
276,276.09722222222223,5.833333333333712,existing_preC2_divergence,floodmar_pond5m_head5cm_C1C2formal_C3continuous_1140h-00276.vtu,floodmar_equalVolume_276.000h_0046.vtu
282,282.09722222222223,5.833333333333712,existing_preC2_divergence,floodmar_pond5m_head5cm_C1C2formal_C3continuous_1140h-00282.vtu,floodmar_equalVolume_282.000h_0047.vtu
288,288.09722222222223,5.833333333333712,existing_preC2_divergence,floodmar_pond5m_head5cm_C1C2formal_C3continuous_1140h-00288.vtu,floodmar_equalVolume_288.000h_0048.vtu
294,294.09722222222223,5.833333333333712,existing_preC2_divergence,floodmar_pond5m_head5cm_C1C2formal_C3continuous_1140h-00294.vtu,floodmar_equalVolume_294.000h_0049.vtu
300,300.09722222222223,5.833333333333712,existing_preC2_divergence,floodmar_pond5m_head5cm_C1C2formal_C3continuous_1140h-00300.vtu,floodmar_equalVolume_300.000h_0050.vtu
306,306.09722222222223,5.833333333333712,existing_preC2_divergence,floodmar_pond5m_head5cm_C1C2formal_C3continuous_1140h-00306.vtu,floodmar_equalVolume_306.000h_0051.vtu
312,312.09722222222223,5.833333333333712,existing_preC2_divergence,floodmar_pond5m_head5cm_C1C2formal_C3continuous_1140h-00312.vtu,floodmar_equalVolume_312.000h_0052.vtu
318,318.09722222222223,5.833333333333712,existing_preC2_divergence,floodmar_pond5m_head5cm_C1C2formal_C3continuous_1140h-00318.vtu,floodmar_equalVolume_318.000h_0053.vtu
324,324.09722222222223,5.833333333333712,existing_preC2_divergence,floodmar_pond5m_head5cm_C1C2formal_C3continuous_1140h-00324.vtu,floodmar_equalVolume_324.000h_0054.vtu
330,330.09722222222223,5.833333333333712,existing_preC2_divergence,floodmar_pond5m_head5cm_C1C2formal_C3continuous_1140h-00330.vtu,floodmar_equalVolume_330.000h_0055.vtu
336,336.09722222222223,5.833333333333712,existing_preC2_divergence,floodmar_pond5m_head5cm_C1C2formal_C3continuous_1140h-00336.vtu,floodmar_equalVolume_336.000h_0056.vtu
342,342.09722222222223,5.833333333333712,existing_preC2_divergence,floodmar_pond5m_head5cm_C1C2formal_C3continuous_1140h-00342.vtu,floodmar_equalVolume_342.000h_0057.vtu
348,348.09722222222223,5.833333333333712,existing_preC2_divergence,floodmar_pond5m_head5cm_C1C2formal_C3continuous_1140h-00348.vtu,floodmar_equalVolume_348.000h_0058.vtu
354,354.09722222222223,5.833333333333712,existing_preC2_divergence,floodmar_pond5m_head5cm_C1C2formal_C3continuous_1140h-00354.vtu,floodmar_equalVolume_354.000h_0059.vtu
360,360.09722222222223,5.833333333333712,existing_preC2_divergence,floodmar_pond5m_head5cm_C1C2formal_C3continuous_1140h-00360.vtu,floodmar_equalVolume_360.000h_0060.vtu
366,366.09722222222223,5.833333333333712,existing_preC2_divergence,floodmar_pond5m_head5cm_C1C2formal_C3continuous_1140h-00366.vtu,floodmar_equalVolume_366.000h_0061.vtu
372,372.09722222222223,5.833333333333712,existing_preC2_divergence,floodmar_pond5m_head5cm_C1C2formal_C3continuous_1140h-00372.vtu,floodmar_equalVolume_372.000h_0062.vtu
378,378.09722222222223,5.833333333333712,existing_preC2_divergence,floodmar_pond5m_head5cm_C1C2formal_C3continuous_1140h-00378.vtu,floodmar_equalVolume_378.000h_0063.vtu
384,384.09722222222223,5.833333333333712,existing_preC2_divergence,floodmar_pond5m_head5cm_C1C2formal_C3continuous_1140h-00384.vtu,floodmar_equalVolume_384.000h_0064.vtu
390,390.09722222222223,5.833333333333712,existing_preC2_divergence,floodmar_pond5m_head5cm_C1C2formal_C3continuous_1140h-00390.vtu,floodmar_equalVolume_390.000h_0065.vtu
396,396.09722222222223,5.833333333333712,existing_preC2_divergence,floodmar_pond5m_head5cm_C1C2formal_C3continuous_1140h-00396.vtu,floodmar_equalVolume_396.000h_0066.vtu
402,402.09722222222223,5.833333333333712,existing_preC2_divergence,floodmar_pond5m_head5cm_C1C2formal_C3continuous_1140h-00402.vtu,floodmar_equalVolume_402.000h_0067.vtu
408,408.09722222222223,5.833333333333712,existing_preC2_divergence,floodmar_pond5m_head5cm_C1C2formal_C3continuous_1140h-00408.vtu,floodmar_equalVolume_408.000h_0068.vtu
414,414.09722222222223,5.833333333333712,existing_preC2_divergence,floodmar_pond5m_head5cm_C1C2formal_C3continuous_1140h-00414.vtu,floodmar_equalVolume_414.000h_0069.vtu
420,420.09722222222223,5.833333333333712,existing_preC2_divergence,floodmar_pond5m_head5cm_C1C2formal_C3continuous_1140h-00420.vtu,floodmar_equalVolume_420.000h_0070.vtu
426,426.09722222222223,5.833333333333712,existing_preC2_divergence,floodmar_pond5m_head5cm_C1C2formal_C3continuous_1140h-00426.vtu,floodmar_equalVolume_426.000h_0071.vtu
432,432.09722222222223,5.833333333333712,existing_preC2_divergence,floodmar_pond5m_head5cm_C1C2formal_C3continuous_1140h-00432.vtu,floodmar_equalVolume_432.000h_0072.vtu
438,438.09722222222223,5.833333333333712,existing_preC2_divergence,floodmar_pond5m_head5cm_C1C2formal_C3continuous_1140h-00438.vtu,floodmar_equalVolume_438.000h_0073.vtu
444,444.09722222222223,5.833333333333712,existing_preC2_divergence,floodmar_pond5m_head5cm_C1C2formal_C3continuous_1140h-00444.vtu,floodmar_equalVolume_444.000h_0074.vtu
450,450.09722222222223,5.833333333333712,existing_preC2_divergence,floodmar_pond5m_head5cm_C1C2formal_C3continuous_1140h-00450.vtu,floodmar_equalVolume_450.000h_0075.vtu
456,456.09722222222223,5.833333333333712,existing_preC2_divergence,floodmar_pond5m_head5cm_C1C2formal_C3continuous_1140h-00456.vtu,floodmar_equalVolume_456.000h_0076.vtu
462,462.09722222222223,5.833333333333712,existing_preC2_divergence,floodmar_pond5m_head5cm_C1C2formal_C3continuous_1140h-00462.vtu,floodmar_equalVolume_462.000h_0077.vtu
468,468.09722222222223,5.833333333333712,existing_preC2_divergence,floodmar_pond5m_head5cm_C1C2formal_C3continuous_1140h-00468.vtu,floodmar_equalVolume_468.000h_0078.vtu
474,474.09722222222223,5.833333333333712,existing_preC2_divergence,floodmar_pond5m_head5cm_C1C2formal_C3continuous_1140h-00474.vtu,floodmar_equalVolume_474.000h_0079.vtu
480,480.0,0.0,existing_preC2_divergence,floodmar_pond5m_head5cm_C1C2formal_C3continuous_1140h-00480.vtu,floodmar_equalVolume_480.000h_0080.vtu
486,486.0027777777778,0.16666666666765195,existing_preC2_divergence,floodmar_pond5m_head5cm_C1C2formal_C3continuous_1140h-00486.vtu,floodmar_equalVolume_486.000h_0081.vtu
492,492.06944444444446,4.166666666667425,existing_preC2_divergence,floodmar_pond5m_head5cm_C1C2formal_C3continuous_1140h-00492.vtu,floodmar_equalVolume_492.000h_0082.vtu
498,498.06111111111113,3.6666666666678793,existing_preC2_divergence,floodmar_pond5m_head5cm_C1C2formal_C3continuous_1140h-00498.vtu,floodmar_equalVolume_498.000h_0083.vtu
504,504.06111111111113,3.6666666666678793,existing_preC2_divergence,floodmar_pond5m_head5cm_C1C2formal_C3continuous_1140h-00504.vtu,floodmar_equalVolume_504.000h_0084.vtu
510,510.06111111111113,3.6666666666678793,existing_preC2_divergence,floodmar_pond5m_head5cm_C1C2formal_C3continuous_1140h-00510.vtu,floodmar_equalVolume_510.000h_0085.vtu
516,516.0611111111111,3.6666666666678793,existing_preC2_divergence,floodmar_pond5m_head5cm_C1C2formal_C3continuous_1140h-00516.vtu,floodmar_equalVolume_516.000h_0086.vtu
522,522.0611111111111,3.6666666666678793,existing_preC2_divergence,floodmar_pond5m_head5cm_C1C2formal_C3continuous_1140h-00522.vtu,floodmar_equalVolume_522.000h_0087.vtu
528,528.0611111111111,3.6666666666678793,existing_preC2_divergence,floodmar_pond5m_head5cm_C1C2formal_C3continuous_1140h-00528.vtu,floodmar_equalVolume_528.000h_0088.vtu
534,534.0611111111111,3.6666666666678793,existing_preC2_divergence,floodmar_pond5m_head5cm_C1C2formal_C3continuous_1140h-00534.vtu,floodmar_equalVolume_534.000h_0089.vtu
540,540.0611111111111,3.6666666666678793,existing_preC2_divergence,floodmar_pond5m_head5cm_C1C2formal_C3continuous_1140h-00540.vtu,floodmar_equalVolume_540.000h_0090.vtu
546,546.0611111111111,3.6666666666678793,existing_preC2_divergence,floodmar_pond5m_head5cm_C1C2formal_C3continuous_1140h-00546.vtu,floodmar_equalVolume_546.000h_0091.vtu
552,552.0611111111111,3.6666666666678793,existing_preC2_divergence,floodmar_pond5m_head5cm_C1C2formal_C3continuous_1140h-00552.vtu,floodmar_equalVolume_552.000h_0092.vtu
558,558.0611111111111,3.6666666666678793,existing_preC2_divergence,floodmar_pond5m_head5cm_C1C2formal_C3continuous_1140h-00558.vtu,floodmar_equalVolume_558.000h_0093.vtu
564,564.0611111111111,3.6666666666678793,existing_preC2_divergence,floodmar_pond5m_head5cm_C1C2formal_C3continuous_1140h-00564.vtu,floodmar_equalVolume_564.000h_0094.vtu
570,570.0611111111111,3.6666666666678793,existing_preC2_divergence,floodmar_pond5m_head5cm_C1C2formal_C3continuous_1140h-00570.vtu,floodmar_equalVolume_570.000h_0095.vtu
576,576.0611111111111,3.6666666666678793,existing_preC2_divergence,floodmar_pond5m_head5cm_C1C2formal_C3continuous_1140h-00576.vtu,floodmar_equalVolume_576.000h_0096.vtu
960,960.0,0.0,existing_finalC2_C3continuous,floodmar_C3continuous_955_to1030_5min-00060.vtu,floodmar_equalVolume_960.000h_0097.vtu
966,966.0111111111111,0.6666666666637866,existing_finalC2_C3continuous,floodmar_C3continuous_955_to1030_5min-00132.vtu,floodmar_equalVolume_966.000h_0098.vtu
972,971.9916666666667,-0.49999999999954525,existing_finalC2_C3continuous,floodmar_C3continuous_955_to1030_5min-00203.vtu,floodmar_equalVolume_972.000h_0099.vtu
978,977.9972222222223,-0.16666666666424135,existing_finalC2_C3continuous,floodmar_C3continuous_955_to1030_5min-00275.vtu,floodmar_equalVolume_978.000h_0100.vtu
984,983.9972222222223,-0.16666666666424135,existing_finalC2_C3continuous,floodmar_C3continuous_955_to1030_5min-00347.vtu,floodmar_equalVolume_984.000h_0101.vtu
990,989.9972222222223,-0.16666666666424135,existing_finalC2_C3continuous,floodmar_C3continuous_955_to1030_5min-00419.vtu,floodmar_equalVolume_990.000h_0102.vtu
996,995.9972222222223,-0.16666666666424135,existing_finalC2_C3continuous,floodmar_C3continuous_955_to1030_5min-00491.vtu,floodmar_equalVolume_996.000h_0103.vtu
1002,1001.9972222222223,-0.16666666666424135,existing_finalC2_C3continuous,floodmar_C3continuous_955_to1030_5min-00563.vtu,floodmar_equalVolume_1002.000h_0104.vtu
1008,1007.9972222222223,-0.16666666666424135,existing_finalC2_C3continuous,floodmar_C3continuous_955_to1030_5min-00635.vtu,floodmar_equalVolume_1008.000h_0105.vtu
1014,1013.9972222222223,-0.16666666666424135,existing_finalC2_C3continuous,floodmar_C3continuous_955_to1030_5min-00707.vtu,floodmar_equalVolume_1014.000h_0106.vtu
1020,1019.9972222222223,-0.16666666666424135,existing_finalC2_C3continuous,floodmar_C3continuous_955_to1030_5min-00779.vtu,floodmar_equalVolume_1020.000h_0107.vtu
1026,1025.9972222222223,-0.16666666666424135,existing_finalC2_C3continuous,floodmar_C3continuous_955_to1030_5min-00851.vtu,floodmar_equalVolume_1026.000h_0108.vtu
