time_h,original_gross_m3,finite_reservoir_gross_m3,finite_minus_original_m3
0.000000000,0.000000000,0.000000000,0.000000000
1.000000000,377.675553642,42.488535827,-335.187017815
2.000000000,423.371136778,85.729006652,-337.642130126
3.000000000,461.945993878,123.954286818,-337.991707060
4.000000000,498.077687038,159.914309517,-338.163377522
5.000000000,532.669246191,194.434774931,-338.234471260
6.000000000,566.164728632,227.876727222,-338.288001410
7.000000000,598.838758654,260.503037460,-338.335721194
8.000000000,630.847564791,292.450454723,-338.397110068
9.000000000,662.274742522,323.861077155,-338.413665367
10.000000000,693.209302304,354.760940602,-338.448361702
11.000000000,723.700418577,385.233500591,-338.466917986
12.000000000,753.786649082,415.284039165,-338.502609917
13.000000000,783.527896192,445.023609845,-338.504286347
14.000000000,812.957916763,474.415009411,-338.542907352
15.000000000,842.092936096,503.539176470,-338.553759626
16.000000000,870.933395220,532.342248310,-338.591146911
17.000000000,899.489538890,560.882759517,-338.606779374
18.000000000,927.784461705,589.144872326,-338.639589379
19.000000000,955.830039255,617.187544842,-338.642494413
20.000000000,983.665008459,645.009131989,-338.655876470
21.000000000,1011.302351201,672.634407787,-338.667943414
22.000000000,1038.739784058,700.060204034,-338.679580024
23.000000000,1065.987147762,727.293020312,-338.694127450
24.000000000,1093.086161748,754.390198579,-338.695963168
25.000000000,1120.030332619,781.330156246,-338.700176374
26.000000000,1146.792824994,808.079110310,-338.713714685
27.000000000,1173.403705423,834.675631793,-338.728073629
28.000000000,1199.907298046,861.175795408,-338.731502637
29.000000000,1226.323616066,887.586779326,-338.736836740
30.000000000,1252.639718253,913.898223902,-338.741494351
31.000000000,1278.850923424,940.109153266,-338.741770158
32.000000000,1304.920419630,966.167839232,-338.752580398
33.000000000,1330.846678084,992.083433214,-338.763244870
34.000000000,1356.685493137,1017.919206321,-338.766286816
35.000000000,1382.442427615,1043.671289223,-338.771138392
36.000000000,1408.114453762,1069.337979562,-338.776474200
37.000000000,1433.716971615,1094.937837688,-338.779133927
38.000000000,1459.254385419,1120.472608824,-338.781776596
39.000000000,1484.712547051,1145.929204591,-338.783342460
40.000000000,1510.083206400,1171.292772526,-338.790433875
41.000000000,1535.393720688,1196.599842006,-338.793878681
42.000000000,1560.660921593,1221.865134367,-338.795787226
43.000000000,1585.885364197,1247.088270549,-338.797093648
44.000000000,1611.060714976,1272.260450006,-338.800264970
45.000000000,1636.186401090,1297.383339716,-338.803061373
46.000000000,1661.265196177,1322.460954916,-338.804241261
47.000000000,1686.282097685,1347.473017369,-338.809080316
48.000000000,1711.233622383,1372.420395301,-338.813227082
49.000000000,1736.138726656,1397.323100871,-338.815625785
50.000000000,1761.001232177,1422.184301558,-338.816930619
51.000000000,1785.818091779,1446.998189583,-338.819902196
52.000000000,1810.584370235,1471.761893328,-338.822476907
53.000000000,1835.303262201,1496.478157911,-338.825104290
54.000000000,1859.982059173,1521.155126406,-338.826932767
55.000000000,1884.619612212,1545.790720742,-338.828891470
56.000000000,1909.213127415,1570.382168249,-338.830959165
57.000000000,1933.763487801,1594.930869976,-338.832617825
58.000000000,1958.268871643,1619.434475557,-338.834396086
59.000000000,1982.704123207,1643.875899532,-338.828223675
60.000000000,2007.051503917,1668.213765621,-338.837738297
61.000000000,2031.334457190,1692.494034018,-338.840423172
62.000000000,2055.565517721,1716.722974745,-338.842542976
63.000000000,2079.733777519,1740.890570964,-338.843206555
64.000000000,2103.832141964,1764.983189995,-338.848951969
65.000000000,2127.869632493,1789.016751408,-338.852881086
66.000000000,2151.854588337,1812.999029221,-338.855559117
67.000000000,2175.791864298,1836.934818951,-338.857045347
68.000000000,2199.652586853,1860.791777420,-338.860809433
69.000000000,2223.418427362,1884.557474498,-338.860952864
70.000000000,2247.111212033,1908.242554632,-338.868657400
71.000000000,2270.739129507,1931.868922554,-338.870206953
72.000000000,2294.280897941,1955.410860462,-338.870037480
73.000000000,2317.722190260,1978.843442006,-338.878748254
74.000000000,2341.098854663,2002.217185183,-338.881669480
75.000000000,2364.425387651,2025.541505829,-338.883881822
76.000000000,2387.695435932,2048.810897586,-338.884538346
77.000000000,2410.872805510,2071.993056245,-338.879749264
78.000000000,2433.933828631,2095.044402976,-338.889425655
79.000000000,2456.877466610,2117.982330950,-338.895135660
80.000000000,2479.703489713,2140.802536724,-338.900952989
81.000000000,2502.419664717,2163.508735319,-338.910929398
82.000000000,2525.022176303,2186.108358841,-338.913817462
83.000000000,2547.523508655,2208.603350947,-338.920157708
84.000000000,2569.906695666,2230.981271910,-338.925423756
85.000000000,2592.168454173,2253.239981379,-338.928472794
86.000000000,2614.312820737,2275.377223592,-338.935597145
87.000000000,2636.323352242,2297.382065380,-338.941286862
88.000000000,2658.206783071,2319.253644903,-338.953138168
89.000000000,2679.966516469,2341.009580493,-338.956935976
90.000000000,2701.620048523,2362.659445231,-338.960603292
91.000000000,2723.141293371,2384.179420748,-338.961872623
92.000000000,2744.507730259,2405.538847485,-338.968882774
93.000000000,2765.755433507,2426.775640988,-338.979792519
94.000000000,2786.893230634,2447.912817246,-338.980413388
95.000000000,2807.918982737,2468.926796892,-338.992185845
96.000000000,2828.824739276,2489.831902241,-338.992837035
97.000000000,2849.593914819,2510.584266180,-339.009648639
98.000000000,2870.235499474,2531.221007963,-339.014491511
99.000000000,2890.781212501,2551.765715071,-339.015497431
100.000000000,2911.208965079,2572.186997142,-339.021967937
101.000000000,2931.498011589,2592.465125034,-339.032886555
102.000000000,2951.641871933,2612.607772368,-339.034099564
103.000000000,2971.652151528,2632.611527768,-339.040623760
104.000000000,2991.532898121,2652.477031209,-339.055866911
105.000000000,3011.286666165,2672.225643332,-339.061022832
106.000000000,3030.929306419,2691.861637421,-339.067668998
107.000000000,3050.459021224,2711.386363739,-339.072657484
108.000000000,3069.877723760,2730.798266017,-339.079457743
109.000000000,3089.174132918,2750.088977349,-339.085155568
110.000000000,3108.345645773,2769.255227142,-339.090418632
111.000000000,3127.399485008,2788.301911123,-339.097573885
112.000000000,3146.334047769,2807.231466015,-339.102581754
113.000000000,3165.138616840,2826.031811450,-339.106805390
114.000000000,3183.795611892,2844.682761378,-339.112850514
115.000000000,3202.315733777,2863.193595001,-339.122138777
116.000000000,3220.728931147,2881.601376420,-339.127554727
117.000000000,3239.045875745,2899.914184964,-339.131690780
118.000000000,3257.265411481,2918.128461900,-339.136949581
119.000000000,3275.380051188,2936.239607911,-339.140443277
120.000000000,3293.372087855,2954.225856224,-339.146231631
121.000000000,3311.214030520,2972.062184900,-339.151845620
122.000000000,3328.901672125,2989.740225045,-339.161447080
123.000000000,3346.457146132,3007.288745422,-339.168400710
124.000000000,3363.896843122,3024.721730341,-339.175112780
125.000000000,3381.232231514,3042.052833300,-339.179398213
126.000000000,3398.458537559,3059.273727186,-339.184810372
127.000000000,3415.567999017,3076.377130690,-339.190868327
128.000000000,3432.560262887,3093.364088276,-339.196174611
129.000000000,3449.398458399,3110.209965369,-339.188493030
130.000000000,3466.054325194,3126.845928841,-339.208396352
131.000000000,3482.564693527,3143.349593530,-339.215099996
132.000000000,3498.957209357,3159.735421981,-339.221787376
133.000000000,3515.244068682,3176.017051446,-339.227017237
134.000000000,3531.430269861,3192.198485391,-339.231784470
135.000000000,3547.514989167,3208.278078139,-339.236911029
136.000000000,3563.496768583,3224.254644367,-339.242124217
137.000000000,3579.370867792,3240.124849826,-339.246017966
138.000000000,3595.120308700,3255.870772280,-339.249536420
139.000000000,3610.734743098,3271.476881096,-339.257862002
140.000000000,3626.222237772,3286.957131632,-339.265106141
141.000000000,3641.594905980,3302.323589638,-339.271316342
142.000000000,3656.867533510,3317.590918688,-339.276614822
143.000000000,3672.044651770,3332.763415831,-339.281235938
144.000000000,3687.125162494,3347.839780797,-339.285381697
145.000000000,3702.104560805,3362.813562101,-339.290998704
146.000000000,3716.979964151,3377.684170397,-339.295793754
147.000000000,3731.750741638,3392.449466625,-339.301275014
148.000000000,3746.418334461,3407.112600252,-339.305734209
149.000000000,3760.977725353,3421.668144686,-339.309580667
150.000000000,3775.424936357,3436.108501827,-339.316434530
151.000000000,3789.766265664,3450.444747485,-339.321518179
152.000000000,3804.005495696,3464.678868793,-339.326626903
153.000000000,3818.144381571,3478.812852008,-339.331529563
154.000000000,3832.185763587,3492.849956230,-339.335807356
155.000000000,3846.132246796,3506.791231474,-339.341015321
156.000000000,3859.986368854,3520.641633943,-339.344734912
157.000000000,3873.744731917,3534.395437323,-339.349294594
158.000000000,3887.404223422,3548.049783495,-339.354439927
159.000000000,3900.967974927,3561.608689751,-339.359285176
160.000000000,3914.442133029,3575.078266185,-339.363866844
161.000000000,3927.830087146,3588.462103159,-339.367983987
162.000000000,3941.134345819,3601.761818893,-339.372526927
163.000000000,3954.358643124,3614.981926542,-339.376716582
164.000000000,3956.009528000,3619.671136525,-336.338391475
165.000000000,3956.009528000,3621.545812365,-334.463715635
166.000000000,3956.009528000,3623.462266376,-332.547261624
167.000000000,3956.009528000,3625.419064579,-330.590463421
168.000000000,3956.009528000,3627.400373837,-328.609154163
169.000000000,3956.009528000,3629.391427739,-326.618100261
170.000000000,3956.009528000,3631.381612531,-324.627915469
171.000000000,3956.009528000,3633.365855749,-322.643672251
172.000000000,3956.009528000,3635.347891747,-320.661636253
173.000000000,3956.009528000,3637.325534380,-318.683993620
174.000000000,3956.009528000,3639.298101931,-316.711426069
175.000000000,3956.009528000,3641.264956698,-314.744571302
176.000000000,3956.009528000,3643.224512282,-312.785015718
177.000000000,3956.009528000,3645.175370630,-310.834157370
178.000000000,3956.009528000,3647.118649850,-308.890878150
179.000000000,3956.009528000,3649.053760038,-306.955767962
180.000000000,3956.009528000,3650.976573410,-305.032954590
181.000000000,3956.009528000,3652.895207929,-303.114320071
182.000000000,3956.009528000,3654.804129583,-301.205398417
183.000000000,3956.009528000,3656.708214964,-299.301313036
184.000000000,3956.009528000,3658.607749789,-297.401778211
185.000000000,3956.009528000,3660.498388175,-295.511139825
186.000000000,3956.009528000,3662.385324797,-293.624203203
187.000000000,3956.009528000,3664.269739271,-291.739788729
188.000000000,3956.009528000,3666.151493772,-289.858034228
189.000000000,3956.009528000,3668.027406281,-287.982121719
190.000000000,3956.009528000,3669.904118306,-286.105409694
191.000000000,3956.009528000,3671.775929313,-284.233598687
192.000000000,3956.009528000,3673.602592111,-282.406935889
193.000000000,3956.009528000,3675.391722612,-280.617805388
194.000000000,3956.009528000,3677.146426789,-278.863101211
195.000000000,3956.009528000,3678.847177939,-277.162350061
196.000000000,3956.009528000,3680.504598341,-275.504929659
197.000000000,3956.009528000,3682.122577955,-273.886950045
198.000000000,3956.009528000,3683.705266375,-272.304261625
199.000000000,3956.009528000,3685.259051314,-270.750476686
200.000000000,3956.009528000,3686.782268498,-269.227259502
201.000000000,3956.009528000,3688.274300256,-267.735227744
202.000000000,3956.009528000,3689.741709813,-266.267818187
203.000000000,3956.009528000,3691.184943265,-264.824584735
204.000000000,3956.009528000,3692.604788199,-263.404739801
205.000000000,3956.009528000,3694.001423554,-262.008104446
206.000000000,3956.009528000,3695.381025188,-260.628502812
207.000000000,3956.009528000,3696.746597271,-259.262930729
208.000000000,3956.009528000,3698.096743874,-257.912784126
209.000000000,3956.009528000,3699.430401575,-256.579126425
210.000000000,3956.009528000,3700.749427442,-255.260100558
211.000000000,3956.009528000,3702.056932034,-253.952595966
212.000000000,3956.009528000,3703.353758364,-252.655769636
213.000000000,3956.009528000,3704.641928163,-251.367599837
214.000000000,3956.009528000,3705.916630482,-250.092897518
215.000000000,3956.009528000,3707.184689721,-248.824838279
216.000000000,3956.009528000,3708.440214886,-247.569313114
217.000000000,3956.009528000,3709.690589452,-246.318938548
218.000000000,3956.009528000,3710.934044262,-245.075483738
219.000000000,3956.009528000,3712.171294053,-243.838233947
220.000000000,3956.009528000,3713.402171872,-242.607356128
221.000000000,3956.009528000,3714.626815619,-241.382712381
222.000000000,3956.009528000,3715.841760611,-240.167767389
223.000000000,3956.009528000,3717.053237530,-238.956290470
224.000000000,3956.009528000,3718.260655497,-237.748872503
225.000000000,3956.009528000,3719.463114333,-236.546413667
226.000000000,3956.009528000,3720.659855785,-235.349672215
227.000000000,3956.009528000,3721.852491327,-234.157036673
228.000000000,3956.009528000,3723.040625323,-232.968902677
229.000000000,3956.009528000,3724.220235022,-231.789292978
230.000000000,3956.009528000,3725.397416880,-230.612111120
231.000000000,3956.009528000,3726.571720240,-229.437807760
232.000000000,3956.009528000,3727.741949341,-228.267578659
233.000000000,3956.009528000,3728.906838107,-227.102689893
234.000000000,3956.009528000,3730.068182302,-225.941345698
235.000000000,3956.009528000,3731.220827666,-224.788700334
236.000000000,3956.009528000,3732.373340489,-223.636187511
237.000000000,3956.009528000,3733.519843516,-222.489684484
238.000000000,3956.009528000,3734.664424297,-221.345103703
239.000000000,3956.009528000,3735.803178955,-220.206349045
240.000000000,3956.009528000,3736.938111254,-219.071416746
241.000000000,3956.009528000,3738.063382211,-217.946145789
242.000000000,3956.009528000,3739.185460592,-216.824067408
243.000000000,3956.009528000,3740.299931545,-215.709596455
244.000000000,3956.009528000,3741.413375011,-214.596152989
245.000000000,3956.009528000,3742.516269452,-213.493258548
246.000000000,3956.009528000,3743.617615912,-212.391912088
247.000000000,3956.009528000,3744.713933970,-211.295594030
248.000000000,3956.009528000,3745.801903269,-210.207624731
249.000000000,3956.009528000,3746.887769979,-209.121758021
250.000000000,3956.009528000,3747.970476346,-208.039051654
251.000000000,3956.009528000,3749.045100631,-206.964427369
252.000000000,3956.009528000,3750.118193583,-205.891334417
253.000000000,3956.009528000,3751.187164307,-204.822363693
254.000000000,3956.009528000,3752.248658960,-203.760869040
255.000000000,3956.009528000,3753.308532904,-202.700995096
256.000000000,3956.009528000,3754.364545380,-201.644982620
257.000000000,3956.009528000,3755.414464447,-200.595063553
258.000000000,3956.009528000,3756.461505450,-199.548022550
259.000000000,3956.009528000,3757.505667595,-198.503860405
260.000000000,3956.009528000,3758.544796673,-197.464731327
261.000000000,3956.009528000,3759.578503074,-196.431024926
262.000000000,3956.009528000,3760.610346314,-195.399181686
263.000000000,3956.009528000,3761.638677283,-194.370850717
264.000000000,3956.009528000,3762.660042290,-193.349485710
265.000000000,3956.009528000,3763.681468263,-192.328059737
266.000000000,3956.009528000,3764.699892950,-191.309635050
267.000000000,3956.009528000,3765.711864956,-190.297663044
268.000000000,3956.009528000,3766.722563860,-189.286964140
269.000000000,3956.009528000,3767.729527279,-188.280000721
270.000000000,3956.009528000,3768.728387107,-187.281140893
271.000000000,3956.009528000,3769.725468271,-186.284059729
272.000000000,3956.009528000,3770.718409460,-185.291118540
273.000000000,3956.009528000,3771.703367488,-184.306160512
274.000000000,3956.009528000,3772.685180431,-183.324347569
275.000000000,3956.009528000,3773.663266678,-182.346261322
276.000000000,3956.009528000,3774.633879061,-181.375648939
277.000000000,3956.009528000,3775.599408524,-180.410119476
278.000000000,3956.009528000,3776.561648396,-179.447879604
279.000000000,3956.009528000,3777.515880187,-178.493647813
280.000000000,3956.009528000,3778.466496134,-177.543031866
281.000000000,3956.009528000,3779.413766551,-176.595761449
282.000000000,3956.009528000,3780.350086446,-175.659441554
283.000000000,3956.009528000,3781.283207627,-174.726320373
284.000000000,3956.009528000,3782.216262155,-173.793265845
285.000000000,3956.009528000,3783.143018162,-172.866509838
286.000000000,3956.009528000,3784.065904675,-171.943623325
287.000000000,3956.009528000,3784.986021667,-171.023506333
288.000000000,3956.009528000,3785.900270505,-170.109257495
289.000000000,3956.009528000,3786.811655160,-169.197872840
290.000000000,3956.009528000,3787.719578330,-168.289949670
291.000000000,3956.009528000,3788.622385304,-167.387142696
292.000000000,3956.009528000,3789.522997643,-166.486530357
293.000000000,3956.009528000,3790.420501766,-165.589026234
294.000000000,3956.009528000,3791.313176408,-164.696351592
295.000000000,3956.009528000,3792.203251076,-163.806276924
296.000000000,3956.009528000,3793.089664741,-162.919863259
297.000000000,3956.009528000,3793.972001147,-162.037526853
298.000000000,3956.009528000,3794.851473204,-161.158054796
299.000000000,3956.009528000,3795.726516026,-160.283011974
300.000000000,3956.009528000,3796.598382853,-159.411145147
301.000000000,3956.009528000,3797.466724170,-158.542803830
302.000000000,3956.009528000,3798.330327956,-157.679200044
303.000000000,3956.009528000,3799.191212799,-156.818315201
304.000000000,3956.009528000,3800.048696365,-155.960831635
305.000000000,3956.009528000,3800.901585692,-155.107942308
306.000000000,3956.009528000,3801.751888334,-154.257639666
307.000000000,3956.009528000,3802.598444528,-153.411083472
308.000000000,3956.009528000,3803.440110420,-152.569417580
309.000000000,3956.009528000,3804.279104238,-151.730423762
310.000000000,3956.009528000,3805.114904140,-150.894623860
311.000000000,3956.009528000,3805.946052002,-150.063475998
312.000000000,3956.009528000,3806.774447383,-149.235080617
313.000000000,3956.009528000,3807.599299173,-148.410228827
314.000000000,3956.009528000,3808.419116221,-147.590411779
315.000000000,3956.009528000,3809.236118147,-146.773409853
316.000000000,3956.009528000,3810.049688529,-145.959839471
317.000000000,3956.009528000,3810.858765881,-145.150762119
318.000000000,3956.009528000,3811.665415304,-144.344112696
319.000000000,3956.009528000,3812.468546638,-143.540981362
320.000000000,3956.009528000,3813.267084685,-142.742443315
321.000000000,3956.009528000,3814.063176432,-141.946351568
322.000000000,3956.009528000,3814.854834587,-141.154693413
323.000000000,3956.009528000,3815.642650336,-140.366877664
324.000000000,3956.009528000,3816.427025188,-139.582502812
325.000000000,3956.009528000,3817.207119039,-138.802408961
326.000000000,3956.009528000,3817.982562846,-138.026965154
327.000000000,3956.009528000,3818.754524365,-137.255003635
328.000000000,3956.009528000,3819.521494664,-136.488033336
329.000000000,3956.009528000,3820.284441590,-135.725086410
330.000000000,3956.009528000,3821.043943240,-134.965584760
331.000000000,3956.009528000,3821.798604028,-134.210923972
332.000000000,3956.009528000,3822.549782374,-133.459745626
333.000000000,3956.009528000,3823.297611520,-132.711916480
334.000000000,3956.009528000,3824.040945216,-131.968582784
335.000000000,3956.009528000,3824.781573047,-131.227954953
336.000000000,3956.009528000,3825.519092336,-130.490435664
337.000000000,3956.009528000,3826.252010105,-129.757517895
338.000000000,3956.009528000,3826.982518115,-129.027009885
339.000000000,3956.009528000,3827.709677503,-128.299850497
340.000000000,3956.009528000,3828.431867237,-127.577660763
341.000000000,3956.009528000,3829.151136306,-126.858391694
342.000000000,3956.009528000,3829.866637770,-126.142890230
343.000000000,3956.009528000,3830.577482684,-125.432045316
344.000000000,3956.009528000,3831.285292813,-124.724235187
345.000000000,3956.009528000,3831.989643898,-124.019884102
346.000000000,3956.009528000,3832.689657732,-123.319870268
347.000000000,3956.009528000,3833.386540844,-122.622987156
348.000000000,3956.009528000,3834.080152255,-121.929375745
349.000000000,3956.009528000,3834.769689253,-121.239838747
350.000000000,3956.009528000,3835.455759311,-120.553768689
351.000000000,3956.009528000,3836.138448571,-119.871079429
352.000000000,3956.009528000,3836.816714637,-119.192813363
353.000000000,3956.009528000,3837.491547322,-118.517980678
354.000000000,3956.009528000,3838.162458349,-117.847069651
355.000000000,3956.009528000,3838.828201977,-117.181326023
356.000000000,3956.009528000,3839.490342069,-116.519185931
357.000000000,3956.009528000,3840.148423703,-115.861104297
358.000000000,3956.009528000,3840.801413224,-115.208114776
359.000000000,3956.009528000,3841.451400961,-114.558127039
360.000000000,3956.009528000,3842.097587820,-113.911940180
361.000000000,3956.009528000,3842.738655235,-113.270872765
362.000000000,3956.009528000,3843.376888681,-112.632639319
363.000000000,3956.009528000,3844.011106058,-111.998421942
364.000000000,3956.009528000,3844.640852129,-111.368675871
365.000000000,3956.009528000,3845.267496155,-110.742031845
366.000000000,3956.009528000,3845.889707579,-110.119820421
367.000000000,3956.009528000,3846.507756245,-109.501771755
368.000000000,3956.009528000,3847.122306450,-108.887221550
369.000000000,3956.009528000,3847.731891515,-108.277636485
370.000000000,3956.009528000,3848.337732332,-107.671795668
371.000000000,3956.009528000,3848.939540890,-107.069987110
372.000000000,3956.009528000,3849.536302758,-106.473225243
373.000000000,3956.009528000,3850.129623518,-105.879904482
374.000000000,3956.009528000,3850.718982508,-105.290545492
375.000000000,3956.009528000,3851.303365355,-104.706162645
376.000000000,3956.009528000,3851.884953464,-104.124574536
377.000000000,3956.009528000,3852.463306872,-103.546221128
378.000000000,3956.009528000,3853.037213472,-102.972314528
379.000000000,3956.009528000,3853.609063514,-102.400464486
380.000000000,3956.009528000,3854.177852324,-101.831675676
381.000000000,3956.009528000,3854.742222373,-101.267305627
382.000000000,3956.009528000,3855.303947625,-100.705580375
383.000000000,3956.009528000,3855.862535211,-100.146992789
384.000000000,3956.009528000,3856.416696380,-99.592831620
385.000000000,3956.009528000,3856.968596674,-99.040931326
386.000000000,3956.009528000,3857.517558826,-98.491969174
387.000000000,3956.009528000,3858.062186078,-97.947341922
388.000000000,3956.009528000,3858.603763600,-97.405764400
389.000000000,3956.009528000,3859.141963128,-96.867564872
390.000000000,3956.009528000,3859.676049349,-96.333478651
391.000000000,3956.009528000,3860.206108611,-95.803419389
392.000000000,3956.009528000,3860.732018192,-95.277509808
393.000000000,3956.009528000,3861.252668813,-94.756859187
394.000000000,3956.009528000,3861.768833189,-94.240694811
395.000000000,3956.009528000,3862.280563607,-93.728964393
396.000000000,3956.009528000,3862.786483847,-93.223044153
397.000000000,3956.009528000,3863.288235838,-92.721292162
398.000000000,3956.009528000,3863.785340832,-92.224187168
399.000000000,3956.009528000,3864.275719197,-91.733808803
400.000000000,3956.009528000,3864.763064206,-91.246463794
401.000000000,3956.009528000,3865.246317004,-90.763210996
402.000000000,3956.009528000,3865.724364972,-90.285163028
403.000000000,3956.009528000,3866.199194256,-89.810333744
404.000000000,3956.009528000,3866.670481221,-89.339046779
405.000000000,3956.009528000,3867.137007360,-88.872520640
406.000000000,3956.009528000,3867.600870384,-88.408657616
407.000000000,3956.009528000,3868.061454697,-87.948073303
408.000000000,3956.009528000,3868.516919008,-87.492608992
409.000000000,3956.009528000,3868.969367764,-87.040160236
410.000000000,3956.009528000,3869.418772023,-86.590755977
411.000000000,3956.009528000,3869.864518307,-86.145009693
412.000000000,3956.009528000,3870.305542794,-85.703985206
413.000000000,3956.009528000,3870.743308812,-85.266219188
414.000000000,3956.009528000,3871.177011183,-84.832516817
415.000000000,3956.009528000,3871.605616867,-84.403911133
416.000000000,3956.009528000,3872.031416945,-83.978111055
417.000000000,3956.009528000,3872.453830939,-83.555697061
418.000000000,3956.009528000,3872.871828483,-83.137699517
419.000000000,3956.009528000,3873.287469853,-82.722058147
420.000000000,3956.009528000,3873.700041013,-82.309486987
421.000000000,3956.009528000,3874.108660032,-81.900867968
422.000000000,3956.009528000,3874.514044794,-81.495483206
423.000000000,3956.009528000,3874.916666864,-81.092861136
424.000000000,3956.009528000,3875.316150114,-80.693377886
425.000000000,3956.009528000,3875.711417506,-80.298110494
426.000000000,3956.009528000,3876.103829206,-79.905698794
427.000000000,3956.009528000,3876.493110288,-79.516417712
428.000000000,3956.009528000,3876.878922915,-79.130605085
429.000000000,3956.009528000,3877.259706778,-78.749821222
430.000000000,3956.009528000,3877.637324162,-78.372203838
431.000000000,3956.009528000,3878.011104222,-77.998423778
432.000000000,3956.009528000,3878.380036347,-77.629491653
433.000000000,3956.009528000,3878.745255367,-77.264272633
434.000000000,3956.009528000,3879.106789129,-76.902738871
435.000000000,3956.009528000,3879.463663314,-76.545864686
436.000000000,3956.009528000,3879.816479693,-76.193048307
437.000000000,3956.009528000,3880.165487921,-75.844040079
438.000000000,3956.009528000,3880.509153727,-75.500374273
439.000000000,3956.009528000,3880.848519822,-75.161008178
440.000000000,3956.009528000,3881.183488631,-74.826039369
441.000000000,3956.009528000,3881.512692156,-74.496835844
442.000000000,3956.009528000,3881.838426406,-74.171101594
443.000000000,3956.009528000,3882.160595874,-73.848932126
444.000000000,3956.009528000,3882.478633108,-73.530894892
445.000000000,3956.009528000,3882.794257402,-73.215270598
446.000000000,3956.009528000,3883.107186142,-72.902341858
447.000000000,3956.009528000,3883.417218582,-72.592309418
448.000000000,3956.009528000,3883.723281274,-72.286246726
449.000000000,3956.009528000,3884.027307322,-71.982220678
450.000000000,3956.009528000,3884.328491816,-71.681036184
451.000000000,3956.009528000,3884.626338251,-71.383189749
452.000000000,3956.009528000,3884.920874369,-71.088653631
453.000000000,3956.009528000,3885.213389560,-70.796138440
454.000000000,3956.009528000,3885.503365355,-70.506162645
455.000000000,3956.009528000,3885.789694803,-70.219833197
456.000000000,3956.009528000,3886.073678139,-69.935849861
457.000000000,3956.009528000,3886.354962392,-69.654565608
458.000000000,3956.009528000,3886.632989877,-69.376538123
459.000000000,3956.009528000,3886.906485685,-69.103042315
460.000000000,3956.009528000,3887.177499560,-68.832028440
461.000000000,3956.009528000,3887.445040725,-68.564487275
462.000000000,3956.009528000,3887.708055956,-68.301472044
463.000000000,3956.009528000,3887.968749503,-68.040778497
464.000000000,3956.009528000,3888.226552228,-67.782975772
465.000000000,3956.009528000,3888.480698407,-67.528829593
466.000000000,3956.009528000,3888.732907379,-67.276620621
467.000000000,3956.009528000,3888.982621807,-67.026906193
468.000000000,3956.009528000,3889.229307052,-66.780220948
469.000000000,3956.009528000,3889.473007208,-66.536520792
470.000000000,3956.009528000,3889.714646962,-66.294881038
471.000000000,3956.009528000,3889.953870233,-66.055657767
472.000000000,3956.009528000,3890.189621657,-65.819906343
473.000000000,3956.009528000,3890.423626775,-65.585901225
474.000000000,3956.009528000,3890.655527859,-65.354000141
475.000000000,3956.009528000,3890.885189644,-65.124338356
476.000000000,3956.009528000,3891.111065747,-64.898462253
477.000000000,3956.009528000,3891.335431194,-64.674096806
478.000000000,3956.009528000,3891.557312567,-64.452215433
479.000000000,3956.009528000,3891.775582880,-64.233945120
480.000000000,3956.009528000,3891.991543633,-64.017984367
481.000000000,4328.161849351,3938.724922135,-389.436927216
482.000000000,4364.937195508,3972.054401791,-392.882793717
483.000000000,4396.770658946,4002.599885377,-394.170773570
484.000000000,4426.520610581,4031.494501154,-395.026109427
485.000000000,4454.866687751,4059.169809220,-395.696878531
486.000000000,4482.142408482,4085.929182534,-396.213225948
487.000000000,4508.550067397,4111.867473827,-396.682593570
488.000000000,4534.194899749,4137.108890360,-397.086009389
489.000000000,4559.217076493,4161.835345804,-397.381730690
490.000000000,4583.741868389,4186.093612716,-397.648255672
491.000000000,4607.849289916,4209.977380887,-397.871909029
492.000000000,4631.605568847,4233.510984365,-398.094584483
493.000000000,4655.026958663,4256.727522652,-398.299436011
494.000000000,4678.168179601,4279.728881976,-398.439297624
495.000000000,4701.095442952,4302.504134153,-398.591308799
496.000000000,4723.787256750,4325.022680729,-398.764576021
497.000000000,4746.238880897,4347.305833554,-398.933047343
498.000000000,4768.458203030,4369.366702517,-399.091500513
499.000000000,4790.470936303,4391.262438965,-399.208497337
500.000000000,4812.328305193,4413.022632005,-399.305673187
501.000000000,4834.049089197,4434.634533279,-399.414555918
502.000000000,4855.626238143,4456.107507985,-399.518730158
503.000000000,4877.063668524,4477.445715885,-399.617952639
504.000000000,4898.367603492,4498.643772023,-399.723831470
505.000000000,4919.533715935,4519.685416616,-399.848299319
506.000000000,4940.545645001,4540.568089440,-399.977555561
507.000000000,4961.406795079,4561.323458188,-400.083336891
508.000000000,4982.137553172,4581.955951992,-400.181601180
509.000000000,5002.749027727,4602.479316523,-400.269711204
510.000000000,5023.253862113,4622.905588087,-400.348274026
511.000000000,5043.663061232,4643.239721333,-400.423339899
512.000000000,5063.978384111,4663.465781698,-400.512602412
513.000000000,5084.184945236,4683.570725574,-400.614219661
514.000000000,5104.269766150,4703.555986673,-400.713779477
515.000000000,5124.237890812,4723.423391426,-400.814499386
516.000000000,5144.086279257,4743.166382476,-400.919896781
517.000000000,5163.806735530,4762.776968506,-401.029767024
518.000000000,5183.402048618,4782.273384945,-401.128663673
519.000000000,5202.883742158,4801.667559991,-401.216182167
520.000000000,5222.264020309,4820.963671433,-401.300348876
521.000000000,5241.545556914,4840.160502735,-401.385054179
522.000000000,5260.729161887,4859.260867134,-401.468294753
523.000000000,5279.813884626,4878.249452534,-401.564432092
524.000000000,5298.787082323,4897.123286604,-401.663795718
525.000000000,5317.647431221,4915.893728999,-401.753702222
526.000000000,5336.403024779,4934.555782289,-401.847242490
527.000000000,5355.051065767,4953.109955935,-401.941109832
528.000000000,5373.590193808,4971.553482646,-402.036711163
529.000000000,5392.017309778,4989.878729245,-402.138580533
530.000000000,5410.327406849,5008.088087250,-402.239319600
531.000000000,5428.522008650,5026.186176110,-402.335832540
532.000000000,5446.607008612,5044.181769553,-402.425239059
533.000000000,5464.590171316,5062.081035976,-402.509135341
534.000000000,5482.476988584,5079.885134889,-402.591853695
535.000000000,5500.268661592,5097.592214328,-402.676447263
536.000000000,5517.960860630,5115.186334672,-402.774525958
537.000000000,5535.536819869,5132.654006118,-402.882813751
538.000000000,5552.989220008,5150.002990126,-402.986229882
539.000000000,5570.322744793,5167.231952080,-403.090792713
540.000000000,5587.536426116,5184.342538066,-403.193888050
541.000000000,5604.633294658,5201.343492925,-403.289801734
542.000000000,5621.621715352,5218.243266252,-403.378449100
543.000000000,5638.507917630,5235.039613247,-403.468304383
544.000000000,5655.290523031,5251.729390740,-403.561132290
545.000000000,5671.966158069,5268.306613254,-403.659544816
546.000000000,5688.524131154,5284.747301701,-403.776829453
547.000000000,5704.948214130,5301.051332246,-403.896881884
548.000000000,5721.236818747,5317.230514842,-404.006303904
549.000000000,5737.401997463,5333.296040837,-404.105956627
550.000000000,5753.454320751,5349.255454719,-404.198866032
551.000000000,5769.401431062,5365.115099968,-404.286331095
552.000000000,5785.249325294,5380.879359332,-404.369965962
553.000000000,5801.001965236,5396.549839843,-404.452125393
554.000000000,5816.661060292,5412.127681469,-404.533378823
555.000000000,5832.227625356,5427.613031072,-404.614594285
556.000000000,5847.700827877,5443.001152523,-404.699675353
557.000000000,5863.076654927,5458.288729994,-404.787924933
558.000000000,5878.351380204,5473.472930273,-404.878449931
559.000000000,5893.523224932,5488.555355637,-404.967869295
560.000000000,5908.594335652,5503.542244235,-405.052091417
561.000000000,5923.570499783,5518.438955775,-405.131544008
562.000000000,5938.456855842,5533.248586583,-405.208269258
563.000000000,5953.256788442,5547.974250949,-405.282537492
564.000000000,5967.972922156,5562.618852966,-405.354069190
565.000000000,5982.607769998,5577.182749719,-405.425020279
566.000000000,5997.162379636,5591.667901523,-405.494478113
567.000000000,6011.638539867,5606.075758283,-405.562781583
568.000000000,6026.035986998,5620.400209086,-405.635777912
569.000000000,6040.350239768,5634.640632465,-405.709607303
570.000000000,6054.581976387,5648.803922607,-405.778053780
571.000000000,6068.737000374,5662.894399374,-405.842601000
572.000000000,6082.819249669,5676.913547104,-405.905702565
573.000000000,6096.830429610,5690.863556064,-405.966873546
574.000000000,6110.772853182,5704.747162190,-406.025690992
575.000000000,6124.649138890,5718.566378681,-406.082760209
576.000000000,6138.461076679,5732.321106453,-406.139970226
577.000000000,6152.208168989,5746.009036660,-406.199132329
578.000000000,6165.888161154,5759.628075576,-406.260085577
579.000000000,6179.499386765,5773.178040912,-406.321345853
580.000000000,6193.041827548,5786.660501084,-406.381326464
581.000000000,6206.517027278,5800.077076768,-406.439950509
582.000000000,6219.926402080,5813.428865181,-406.497536899
583.000000000,6233.271811627,5826.720035448,-406.551776180
584.000000000,6246.556828803,5839.954216569,-406.602612234
585.000000000,6259.785051585,5853.133309077,-406.651742507
586.000000000,6272.958153535,5866.256818775,-406.701334760
587.000000000,6286.075081744,5879.320626390,-406.754455354
588.000000000,6299.131662338,5892.320021394,-406.811640944
589.000000000,6312.124392691,5905.256364600,-406.868028091
590.000000000,6325.054421335,5918.132906712,-406.921514623
591.000000000,6337.925033376,5930.952747445,-406.972285931
592.000000000,6350.739162859,5943.718038218,-407.021124641
593.000000000,6363.499060909,5956.430812781,-407.068248129
594.000000000,6376.206556440,5969.092677585,-407.113878855
595.000000000,6388.863237697,5981.704351107,-407.158886590
596.000000000,6401.469666850,5994.265783149,-407.203883701
597.000000000,6414.026079407,6006.778582771,-407.247496636
598.000000000,6426.534172243,6019.245201811,-407.288970431
599.000000000,6438.996247860,6031.666991547,-407.329256313
600.000000000,6451.413625732,6044.045322327,-407.368303405
601.000000000,6463.787769840,6056.381480276,-407.406289564
602.000000000,6476.119711178,6068.675574214,-407.444136963
603.000000000,6488.409465034,6080.926825702,-407.482639332
604.000000000,6500.656432194,6093.135161540,-407.521270654
605.000000000,6512.860664874,6105.302223448,-407.558441427
606.000000000,6525.023832633,6117.429813023,-407.594019610
607.000000000,6537.147705075,6129.518984781,-407.628720294
608.000000000,6549.233327360,6141.571107467,-407.662219893
609.000000000,6561.282040102,6153.587424914,-407.694615189
610.000000000,6573.295020273,6165.568710590,-407.726309683
611.000000000,6585.272980132,6177.515106919,-407.757873213
612.000000000,6597.215982225,6189.426100120,-407.789882105
613.000000000,6609.123580420,6201.301394446,-407.822185974
614.000000000,6620.995583531,6213.141407700,-407.854175831
615.000000000,6632.832361875,6224.946628745,-407.885733129
616.000000000,6644.634454033,6236.717629024,-407.916825009
617.000000000,6656.402356473,6248.455113699,-407.947242774
618.000000000,6668.136988775,6260.160527106,-407.976461669
619.000000000,6679.839571000,6271.834551460,-408.005019540
620.000000000,6691.510916284,6283.478023219,-408.032893065
621.000000000,6703.151712692,6295.091381336,-408.060331356
622.000000000,6714.762384604,6306.674452249,-408.087932355
623.000000000,6726.342707989,6318.226660323,-408.116047666
624.000000000,6737.892199442,6329.747842321,-408.144357120
625.000000000,6749.410690904,6341.238233268,-408.172457637
626.000000000,6760.898468585,6352.698225324,-408.200243260
627.000000000,6772.355887041,6364.128468868,-408.227418174
628.000000000,6783.783671605,6375.529877090,-408.253794515
629.000000000,6795.182654791,6386.902514942,-408.280139850
630.000000000,6806.552757775,6398.245382440,-408.307375335
631.000000000,6817.892841277,6409.556404750,-408.336436527
632.000000000,6829.201081570,6420.834618290,-408.366463280
633.000000000,6840.476656957,6432.080612657,-408.396044300
634.000000000,6851.720097149,6443.295177074,-408.424920076
635.000000000,6862.932389589,6454.479858013,-408.452531575
636.000000000,6874.114739411,6465.635429868,-408.479309543
637.000000000,6885.268101373,6476.762822148,-408.505279225
638.000000000,6896.393353349,6487.862861827,-408.530491522
639.000000000,6907.491348768,6498.936261832,-408.555086936
640.000000000,6918.562779125,6509.983632431,-408.579146694
641.000000000,6929.608233170,6521.005536346,-408.602696824
642.000000000,6940.628280889,6532.002472596,-408.625808293
643.000000000,6951.623413980,6542.974900374,-408.648513605
644.000000000,6962.594102102,6553.923497421,-408.670604681
645.000000000,6973.541058692,6564.848999329,-408.692059364
646.000000000,6984.464969932,6575.751871255,-408.713098676
647.000000000,6995.366301982,6586.632581339,-408.733720643
648.000000000,7006.245510774,6597.491483477,-408.754027297
649.000000000,7017.102961448,6608.328997911,-408.773963538
650.000000000,7027.939077539,6619.145536688,-408.793540850
651.000000000,7038.754266958,6629.941489737,-408.812777221
652.000000000,7049.548918803,6640.717244594,-408.831674209
653.000000000,7060.323416101,6651.473175614,-408.850240488
654.000000000,7071.078123902,6662.209619246,-408.868504656
655.000000000,7081.813396368,6672.926972471,-408.886423897
656.000000000,7092.529641899,6683.625731698,-408.903910201
657.000000000,7103.227324519,6694.306296305,-408.921028214
658.000000000,7113.906846869,6704.968962948,-408.937883920
659.000000000,7124.568501242,6715.613978142,-408.954523100
660.000000000,7135.212535571,6726.241559758,-408.970975813
661.000000000,7145.839164142,6736.851900023,-408.987264119
662.000000000,7156.448573573,6747.445174758,-409.003398815
663.000000000,7167.040973589,6758.021677201,-409.019296388
664.000000000,7177.616612758,6768.581579530,-409.035033227
665.000000000,7188.175674178,6779.125015705,-409.050658473
666.000000000,7198.718289580,6789.652095001,-409.066194580
667.000000000,7209.244564991,6800.162869374,-409.081695617
668.000000000,7219.754549028,6810.657336829,-409.097212199
669.000000000,7230.248249692,6821.135521669,-409.112728023
670.000000000,7240.725680805,6831.597466379,-409.128214426
671.000000000,7251.186874939,6842.043139798,-409.143735140
672.000000000,7261.631819401,6852.472528104,-409.159291297
673.000000000,7272.060496392,6862.885673065,-409.174823328
674.000000000,7282.472948704,6873.282646007,-409.190302697
675.000000000,7292.869245779,6883.663465669,-409.205780110
676.000000000,7303.249408775,6894.028139875,-409.221268901
677.000000000,7313.613435205,6904.376656008,-409.236779197
678.000000000,7323.961317796,6914.708967375,-409.252350421
679.000000000,7334.293010323,6925.025090007,-409.267920317
680.000000000,7344.608533549,6935.325012179,-409.283521369
681.000000000,7354.907877861,6945.608773521,-409.299104340
682.000000000,7365.191082422,6955.876410480,-409.314671942
683.000000000,7375.458194878,6966.128040575,-409.330154304
684.000000000,7385.709321035,6976.363826191,-409.345494844
685.000000000,7395.944633078,6986.583915820,-409.360717257
686.000000000,7406.164272452,6996.788446104,-409.375826348
687.000000000,7416.368378414,7006.977607420,-409.390770994
688.000000000,7426.557141058,7017.151588224,-409.405552835
689.000000000,7436.730752791,7027.310572940,-409.420179851
690.000000000,7446.889396499,7037.454760528,-409.434635971
691.000000000,7457.033275315,7047.584404165,-409.448871149
692.000000000,7467.162660966,7057.699881257,-409.462779709
693.000000000,7477.277893725,7067.801492786,-409.476400939
694.000000000,7487.379290340,7077.889497965,-409.489792375
695.000000000,7497.467105319,7087.964146387,-409.502958932
696.000000000,7507.541588379,7098.025678014,-409.515910366
697.000000000,7517.602978399,7108.074315814,-409.528662585
698.000000000,7527.651495163,7118.110257829,-409.541237334
699.000000000,7537.687342039,7128.133716296,-409.553625743
700.000000000,7547.710730643,7138.144913873,-409.565816770
701.000000000,7557.721881328,7148.144066885,-409.577814442
702.000000000,7567.721009041,7158.131378384,-409.589630657
703.000000000,7577.708317910,7168.107048391,-409.601269520
704.000000000,7587.684005283,7178.071258252,-409.612747031
705.000000000,7597.648251725,7188.024162713,-409.624089013
706.000000000,7607.601212070,7197.965901828,-409.635310242
707.000000000,7617.543053233,7207.896750096,-409.646303138
708.000000000,7627.474002028,7217.816877792,-409.657124237
709.000000000,7637.394250449,7227.726395978,-409.667854472
710.000000000,7647.303909923,7237.625409154,-409.678500769
711.000000000,7657.203083959,7247.514013482,-409.689070477
712.000000000,7667.091869665,7257.392306135,-409.699563531
713.000000000,7676.970363518,7267.260384624,-409.709978894
714.000000000,7686.838663480,7277.118376546,-409.720286933
715.000000000,7696.696904305,7286.966448006,-409.730456299
716.000000000,7706.545242681,7296.804727075,-409.740515606
717.000000000,7716.383806926,7306.633325395,-409.750481531
718.000000000,7726.212709510,7316.452336988,-409.760372522
719.000000000,7736.032044229,7326.261849193,-409.770195036
720.000000000,7745.841897733,7336.061955459,-409.779942274
721.000000000,7755.642363595,7345.852707114,-409.789656480
722.000000000,7765.433498903,7355.634144151,-409.799354752
723.000000000,7775.215336353,7365.406300327,-409.809036025
724.000000000,7784.987914332,7375.169196007,-409.818718325
725.000000000,7794.751255004,7384.922854308,-409.828400697
726.000000000,7804.505378991,7394.667304092,-409.838074899
727.000000000,7814.250317562,7404.402597552,-409.847720009
728.000000000,7823.986119770,7414.128802967,-409.857316802
729.000000000,7833.712853929,7423.845965213,-409.866888717
730.000000000,7843.430569516,7433.554131034,-409.876438482
731.000000000,7853.139300035,7443.253352570,-409.885947465
732.000000000,7862.839114808,7452.943701058,-409.895413750
733.000000000,7872.530081936,7462.625247546,-409.904834390
734.000000000,7882.212274816,7472.298112322,-409.914162494
735.000000000,7891.885804265,7481.962411474,-409.923392791
736.000000000,7901.550787569,7491.618256062,-409.932531507
737.000000000,7911.207336287,7501.265765446,-409.941570842
738.000000000,7912.019056000,7505.441230909,-406.577825091
739.000000000,7912.019056000,7508.274701527,-403.744354473
740.000000000,7912.019056000,7511.127651899,-400.891404101
741.000000000,7912.019056000,7513.984874302,-398.034181698
742.000000000,7912.019056000,7516.839924148,-395.179131852
743.000000000,7912.019056000,7519.687675883,-392.331380117
744.000000000,7912.019056000,7522.523363531,-389.495692469
745.000000000,7912.019056000,7525.343604701,-386.675451299
746.000000000,7912.019056000,7528.150748835,-383.868307165
747.000000000,7912.019056000,7530.941442217,-381.077613783
748.000000000,7912.019056000,7533.713115636,-378.305940364
749.000000000,7912.019056000,7536.469912343,-375.549143657
750.000000000,7912.019056000,7539.207633350,-372.811422650
751.000000000,7912.019056000,7541.928462055,-370.090593945
752.000000000,7912.019056000,7544.633465067,-367.385590933
753.000000000,7912.019056000,7547.317853629,-364.701202371
754.000000000,7912.019056000,7549.988162483,-362.030893517
755.000000000,7912.019056000,7552.642346009,-359.376709991
756.000000000,7912.019056000,7555.285027177,-356.734028823
757.000000000,7912.019056000,7557.915939109,-354.103116891
758.000000000,7912.019056000,7560.529079806,-351.489976194
759.000000000,7912.019056000,7563.131128250,-348.887927750
760.000000000,7912.019056000,7565.715413909,-346.303642091
761.000000000,7912.019056000,7568.287378986,-343.731677014
762.000000000,7912.019056000,7570.844092452,-341.174963548
763.000000000,7912.019056000,7573.380735106,-338.638320894
764.000000000,7912.019056000,7575.903668607,-336.115387393
765.000000000,7912.019056000,7578.406383691,-333.612672309
766.000000000,7912.019056000,7580.892458845,-331.126597155
767.000000000,7912.019056000,7583.360695799,-328.658360201
768.000000000,7912.019056000,7585.805418041,-326.213637959
769.000000000,7912.019056000,7588.234509265,-323.784546735
770.000000000,7912.019056000,7590.643339228,-321.375716772
771.000000000,7912.019056000,7593.035736809,-318.983319191
772.000000000,7912.019056000,7595.406959112,-316.612096888
773.000000000,7912.019056000,7597.763356993,-314.255699007
774.000000000,7912.019056000,7600.100434642,-311.918621358
775.000000000,7912.019056000,7602.413555964,-309.605500036
776.000000000,7912.019056000,7604.712213439,-307.306842561
777.000000000,7912.019056000,7606.986971816,-305.032084184
778.000000000,7912.019056000,7609.245980251,-302.773075749
779.000000000,7912.019056000,7611.485523736,-300.533532264
780.000000000,7912.019056000,7613.703760247,-298.315295753
781.000000000,7912.019056000,7615.909412878,-296.109643122
782.000000000,7912.019056000,7618.095528372,-293.923527628
783.000000000,7912.019056000,7620.266917951,-291.752138049
784.000000000,7912.019056000,7622.423420830,-289.595635170
785.000000000,7912.019056000,7624.557746533,-287.461309467
786.000000000,7912.019056000,7626.675981985,-285.343074015
787.000000000,7912.019056000,7628.772839553,-283.246216447
788.000000000,7912.019056000,7630.853402800,-281.165653200
789.000000000,7912.019056000,7632.915557439,-279.103498561
790.000000000,7912.019056000,7634.954751506,-277.064304494
791.000000000,7912.019056000,7636.978029211,-275.041026789
792.000000000,7912.019056000,7638.977247668,-273.041808332
793.000000000,7912.019056000,7640.956013073,-271.063042927
794.000000000,7912.019056000,7642.911819784,-269.107236216
795.000000000,7912.019056000,7644.842307546,-267.176748454
796.000000000,7912.019056000,7646.751098311,-265.267957689
797.000000000,7912.019056000,7648.631159223,-263.387896777
798.000000000,7912.019056000,7650.491189130,-261.527866870
799.000000000,7912.019056000,7652.323803177,-259.695252823
800.000000000,7912.019056000,7654.135687582,-257.883368418
801.000000000,7912.019056000,7655.922394398,-256.096661602
802.000000000,7912.019056000,7657.694666222,-254.324389778
803.000000000,7912.019056000,7659.445705568,-252.573350432
804.000000000,7912.019056000,7661.182429470,-250.836626530
805.000000000,7912.019056000,7662.899216894,-249.119839106
806.000000000,7912.019056000,7664.600558229,-247.418497771
807.000000000,7912.019056000,7666.283966842,-245.735089158
808.000000000,7912.019056000,7667.946453032,-244.072602968
809.000000000,7912.019056000,7669.592662679,-242.426393321
810.000000000,7912.019056000,7671.216253739,-240.802802261
811.000000000,7912.019056000,7672.823811242,-239.195244758
812.000000000,7912.019056000,7674.411895980,-237.607160020
813.000000000,7912.019056000,7675.985822808,-236.033233192
814.000000000,7912.019056000,7677.540504762,-234.478551238
815.000000000,7912.019056000,7679.082695641,-232.936360359
816.000000000,7912.019056000,7680.611914486,-231.407141514
817.000000000,7912.019056000,7682.122560268,-229.896495732
818.000000000,7912.019056000,7683.620701872,-228.398354128
819.000000000,7912.019056000,7685.097599748,-226.921456252
820.000000000,7912.019056000,7686.562913397,-225.456142603
821.000000000,7912.019056000,7688.008101335,-224.010954665
822.000000000,7912.019056000,7689.442646306,-222.576409694
823.000000000,7912.019056000,7690.858186525,-221.160869475
824.000000000,7912.019056000,7692.261162819,-219.757893181
825.000000000,7912.019056000,7693.645216631,-218.373839369
826.000000000,7912.019056000,7695.018200973,-217.000855027
827.000000000,7912.019056000,7696.373170262,-215.645885738
828.000000000,7912.019056000,7697.718076987,-214.300979013
829.000000000,7912.019056000,7699.047494407,-212.971561593
830.000000000,7912.019056000,7700.365979508,-211.653076492
831.000000000,7912.019056000,7701.668266633,-210.350789367
832.000000000,7912.019056000,7702.959461842,-209.059594158
833.000000000,7912.019056000,7704.238838764,-207.780217236
834.000000000,7912.019056000,7705.502605526,-206.516450474
835.000000000,7912.019056000,7706.758301725,-205.260754275
836.000000000,7912.019056000,7707.997828810,-204.021227190
837.000000000,7912.019056000,7709.228402448,-202.790653552
838.000000000,7912.019056000,7710.444605369,-201.574450631
839.000000000,7912.019056000,7711.651809932,-200.367246068
840.000000000,7912.019056000,7712.843066959,-199.175989041
841.000000000,7912.019056000,7714.021778275,-197.997277725
842.000000000,7912.019056000,7715.186945003,-196.832110997
843.000000000,7912.019056000,7716.339934918,-195.679121082
844.000000000,7912.019056000,7717.482083912,-194.536972088
845.000000000,7912.019056000,7718.608670526,-193.410385474
846.000000000,7912.019056000,7719.726405582,-192.292650418
847.000000000,7912.019056000,7720.826422752,-191.192633248
848.000000000,7912.019056000,7721.917350994,-190.101705006
849.000000000,7912.019056000,7722.993248679,-189.025807321
850.000000000,7912.019056000,7724.062647870,-187.956408130
851.000000000,7912.019056000,7725.116868551,-186.902187449
852.000000000,7912.019056000,7726.166916265,-185.852139735
853.000000000,7912.019056000,7727.196389812,-184.822666188
854.000000000,7912.019056000,7728.226701416,-183.792354584
855.000000000,7912.019056000,7729.244528945,-182.774527055
856.000000000,7912.019056000,7730.257957191,-181.761098809
857.000000000,7912.019056000,7731.261906621,-180.757149379
858.000000000,7912.019056000,7732.261271265,-179.757784735
859.000000000,7912.019056000,7733.251670046,-178.767385954
860.000000000,7912.019056000,7734.235427263,-177.783628737
861.000000000,7912.019056000,7735.211115669,-176.807940331
862.000000000,7912.019056000,7736.180477974,-175.838578026
863.000000000,7912.019056000,7737.141585478,-174.877470522
864.000000000,7912.019056000,7738.095013393,-173.924042607
865.000000000,7912.019056000,7739.041802745,-172.977253255
866.000000000,7912.019056000,7739.981370032,-172.037685968
867.000000000,7912.019056000,7740.913727614,-171.105328386
868.000000000,7912.019056000,7741.838444202,-170.180611798
869.000000000,7912.019056000,7742.756855199,-169.262200801
870.000000000,7912.019056000,7743.667771217,-168.351284783
871.000000000,7912.019056000,7744.572457261,-167.446598739
872.000000000,7912.019056000,7745.469739718,-166.549316282
873.000000000,7912.019056000,7746.359440633,-165.659615367
874.000000000,7912.019056000,7747.241075349,-164.777980651
875.000000000,7912.019056000,7748.116175508,-163.902880492
876.000000000,7912.019056000,7748.985056050,-163.033999950
877.000000000,7912.019056000,7749.847641179,-162.171414821
878.000000000,7912.019056000,7750.704457506,-161.314598494
879.000000000,7912.019056000,7751.555995668,-160.463060332
880.000000000,7912.019056000,7752.402362471,-159.616693529
881.000000000,7912.019056000,7753.241247063,-158.777808937
882.000000000,7912.019056000,7754.073861182,-157.945194818
883.000000000,7912.019056000,7754.897920136,-157.121135864
884.000000000,7912.019056000,7755.715398044,-156.303657956
885.000000000,7912.019056000,7756.524172155,-155.494883845
886.000000000,7912.019056000,7757.327461991,-154.691594009
887.000000000,7912.019056000,7758.123637060,-153.895418940
888.000000000,7912.019056000,7758.914867640,-153.104188360
889.000000000,7912.019056000,7759.699592458,-152.319463542
890.000000000,7912.019056000,7760.480036018,-151.539019982
891.000000000,7912.019056000,7761.255196649,-150.763859351
892.000000000,7912.019056000,7762.025103145,-149.993952855
893.000000000,7912.019056000,7762.789386155,-149.229669845
894.000000000,7912.019056000,7763.546981270,-148.472074730
895.000000000,7912.019056000,7764.299441539,-147.719614461
896.000000000,7912.019056000,7765.045252191,-146.973803809
897.000000000,7912.019056000,7765.786806411,-146.232249589
898.000000000,7912.019056000,7766.522295461,-145.496760539
899.000000000,7912.019056000,7767.252448297,-144.766607703
900.000000000,7912.019056000,7767.977492971,-144.041563029
901.000000000,7912.019056000,7768.695512513,-143.323543487
902.000000000,7912.019056000,7769.408304532,-142.610751468
903.000000000,7912.019056000,7770.114078327,-141.904977673
904.000000000,7912.019056000,7770.814140753,-141.204915247
905.000000000,7912.019056000,7771.507121696,-140.511934304
906.000000000,7912.019056000,7772.195180571,-139.823875429
907.000000000,7912.019056000,7772.876997059,-139.142058941
908.000000000,7912.019056000,7773.554116863,-138.464939137
909.000000000,7912.019056000,7774.225841620,-137.793214380
910.000000000,7912.019056000,7774.891437128,-137.127618872
911.000000000,7912.019056000,7775.551744196,-136.467311804
912.000000000,7912.019056000,7776.204809161,-135.814246839
913.000000000,7912.019056000,7776.853492931,-135.165563069
914.000000000,7912.019056000,7777.495809374,-134.523246626
915.000000000,7912.019056000,7778.132738145,-133.886317855
916.000000000,7912.019056000,7778.762902628,-133.256153372
917.000000000,7912.019056000,7779.387622519,-132.631433481
918.000000000,7912.019056000,7780.006422616,-132.012633384
919.000000000,7912.019056000,7780.619491722,-131.399564278
920.000000000,7912.019056000,7781.228024093,-130.791031907
921.000000000,7912.019056000,7781.830479703,-130.188576297
922.000000000,7912.019056000,7782.428957710,-129.590098290
923.000000000,7912.019056000,7783.022793840,-128.996262160
924.000000000,7912.019056000,7783.612866244,-128.406189756
925.000000000,7912.019056000,7784.199404811,-127.819651189
926.000000000,7912.019056000,7784.780785414,-127.238270586
927.000000000,7912.019056000,7785.358706461,-126.660349539
928.000000000,7912.019056000,7785.932228681,-126.086827319
929.000000000,7912.019056000,7786.500458444,-125.518597556
930.000000000,7912.019056000,7787.065834762,-124.953221238
931.000000000,7912.019056000,7787.626001865,-124.393054135
932.000000000,7912.019056000,7788.181921650,-123.837134350
933.000000000,7912.019056000,7788.733682922,-123.285373078
934.000000000,7912.019056000,7789.279434587,-122.739621413
935.000000000,7912.019056000,7789.820273319,-122.198782681
936.000000000,7912.019056000,7790.354041056,-121.665014944
937.000000000,7912.019056000,7790.881647877,-121.137408123
938.000000000,7912.019056000,7791.402317067,-120.616738933
939.000000000,7912.019056000,7791.916713597,-120.102342403
940.000000000,7912.019056000,7792.426209683,-119.592846317
941.000000000,7912.019056000,7792.928210473,-119.090845527
942.000000000,7912.019056000,7793.426379688,-118.592676312
943.000000000,7912.019056000,7793.918976483,-118.100079517
944.000000000,7912.019056000,7794.406882360,-117.612173640
945.000000000,7912.019056000,7794.890481142,-117.128574858
946.000000000,7912.019056000,7795.368578353,-116.650477647
947.000000000,7912.019056000,7795.843206409,-116.175849591
948.000000000,7912.019056000,7796.314067421,-115.704988579
949.000000000,7912.019056000,7796.778353015,-115.240702985
950.000000000,7912.019056000,7797.239423328,-114.779632672
951.000000000,7912.019056000,7797.696269630,-114.322786370
952.000000000,7912.019056000,7798.147568667,-113.871487333
953.000000000,7912.019056000,7798.594556736,-113.424499264
954.000000000,7912.019056000,7799.036165064,-112.982890936
955.000000000,7912.019056000,7799.472889251,-112.546166749
956.000000000,7912.019056000,7799.906181934,-112.112874066
957.000000000,7912.019056000,7800.335344430,-111.683711570
958.000000000,7912.019056000,7800.760795771,-111.258260229
959.000000000,7912.019056000,7801.183444051,-110.835611949
960.000000000,7912.019056000,7801.602654588,-110.416401412
961.000000000,8279.267910563,7844.594539014,-434.673371549
962.000000000,8313.758792867,7875.519182027,-438.239610840
963.000000000,8343.393267893,7903.838981174,-439.554286719
964.000000000,8371.022915478,7930.590689808,-440.432225670
965.000000000,8397.307049612,7956.194182569,-441.112867043
966.000000000,8422.551202526,7980.881537597,-441.669664929
967.000000000,8446.961220337,8004.812619239,-442.148601098
968.000000000,8470.713989471,8028.197981403,-442.516008068
969.000000000,8493.945647228,8051.079030226,-442.866617001
970.000000000,8516.701698771,8073.498423094,-443.203275677
971.000000000,8539.056920275,8095.611962929,-443.444957346
972.000000000,8561.095060699,8117.406937273,-443.688123426
973.000000000,8582.827758747,8138.907983822,-443.919774925
974.000000000,8604.289722643,8160.174530575,-444.115192068
975.000000000,8625.525155597,8181.240534301,-444.284621296
976.000000000,8646.565582215,8202.099790420,-444.465791795
977.000000000,8667.407287300,8222.746859317,-444.660427983
978.000000000,8688.042623155,8243.181699781,-444.860923374
979.000000000,8708.476772881,8263.425940894,-445.050831987
980.000000000,8728.721661606,8283.497647249,-445.224014357
981.000000000,8748.795865651,8303.414427574,-445.381438078
982.000000000,8768.716401334,8323.194498628,-445.521902705
983.000000000,8788.499596572,8342.845595388,-445.654001183
984.000000000,8808.155230755,8362.374286650,-445.780944105
985.000000000,8827.687937666,8381.780762151,-445.907175515
986.000000000,8847.099457756,8401.052025386,-446.047432370
987.000000000,8866.381667079,8420.182262608,-446.199404471
988.000000000,8885.526210939,8439.183213642,-446.342997297
989.000000000,8904.540102558,8458.064998715,-446.475103843
990.000000000,8923.434903513,8476.832523284,-446.602380230
991.000000000,8942.215419930,8495.489479388,-446.725940542
992.000000000,8960.885482818,8514.032892115,-446.852590703
993.000000000,8979.442623051,8532.453174431,-446.989448620
994.000000000,8997.879603199,8550.751245172,-447.128358026
995.000000000,9016.194316599,8568.933037177,-447.261279422
996.000000000,9034.392086460,8587.008539321,-447.383547139
997.000000000,9052.482415382,8604.986918484,-447.495496898
998.000000000,9070.473848878,8622.870160832,-447.603688046
999.000000000,9088.370413723,8640.659149163,-447.711264560
1000.000000000,9106.172320735,8658.342272931,-447.830047805
1001.000000000,9123.869340207,8675.899529850,-447.969810357
1002.000000000,9141.447607848,8693.342400638,-448.105207210
1003.000000000,9158.907080065,8710.667743417,-448.239336647
1004.000000000,9176.250033811,8727.874513256,-448.375520555
1005.000000000,9193.474378052,8744.967461897,-448.506916155
1006.000000000,9210.584536076,8761.958610936,-448.625925140
1007.000000000,9227.590788493,8778.852557135,-448.738231358
1008.000000000,9244.499110886,8795.646454908,-448.852655978
1009.000000000,9261.307817020,8812.334968032,-448.972848988
1010.000000000,9278.011873194,8828.899956550,-449.111916644
1011.000000000,9294.595410235,8845.328995833,-449.266414402
1012.000000000,9311.045241156,8861.631412576,-449.413828579
1013.000000000,9327.367324988,8877.818484816,-449.548840173
1014.000000000,9343.572147515,8893.899181393,-449.672966121
1015.000000000,9359.669104522,8909.879823034,-449.789281488
1016.000000000,9375.665084712,8925.766278521,-449.898806191
1017.000000000,9391.565880043,8941.562217418,-450.003662626
1018.000000000,9407.375524099,8957.269574736,-450.105949364
1019.000000000,9423.096328469,8972.890165937,-450.206162531
1020.000000000,9438.729946088,8988.422526084,-450.307420004
1021.000000000,9454.275578082,9003.862559894,-450.413018188
1022.000000000,9469.729597472,9019.206382949,-450.523214524
1023.000000000,9485.088091245,9034.451199195,-450.636892050
1024.000000000,9500.348036805,9049.596288901,-450.751747904
1025.000000000,9515.508605882,9064.648055017,-450.860550865
1026.000000000,9530.574543069,9079.612731765,-450.961811304
1027.000000000,9545.552535769,9094.495383179,-451.057152591
1028.000000000,9560.447652495,9109.299004885,-451.148647610
1029.000000000,9575.263184337,9124.025500463,-451.237683874
1030.000000000,9590.001310390,9138.675873026,-451.325437365
1031.000000000,9604.662968317,9153.249930866,-451.413037451
1032.000000000,9619.248474436,9167.749908395,-451.498566041
1033.000000000,9633.759443819,9182.174289279,-451.585154540
1034.000000000,9648.194650220,9196.517516348,-451.677133872
1035.000000000,9662.550371427,9210.783151722,-451.767219705
1036.000000000,9676.827585967,9224.976514310,-451.851071657
1037.000000000,9691.031723938,9239.101959006,-451.929764932
1038.000000000,9705.167193713,9253.161322750,-452.005870963
1039.000000000,9719.236302132,9267.155369696,-452.080932436
1040.000000000,9733.239987064,9281.086681367,-452.153305696
1041.000000000,9747.180452089,9294.957783084,-452.222669005
1042.000000000,9761.060223140,9308.769177356,-452.291045784
1043.000000000,9774.880174566,9322.519606117,-452.360568449
1044.000000000,9788.639366573,9336.206118102,-452.433248472
1045.000000000,9802.335122181,9349.828408497,-452.506713684
1046.000000000,9815.966571184,9363.387395427,-452.579175757
1047.000000000,9829.534579442,9376.883389251,-452.651190191
1048.000000000,9843.039551188,9390.318441593,-452.721109595
1049.000000000,9856.483244790,9403.695517822,-452.787726968
1050.000000000,9869.868412928,9417.016833654,-452.851579275
1051.000000000,9883.197450253,9430.284533210,-452.912917043
1052.000000000,9896.472434935,9443.500700980,-452.971733955
1053.000000000,9909.695619588,9456.666958109,-453.028661479
1054.000000000,9922.868478956,9469.782510181,-453.085968774
1055.000000000,9935.990617355,9482.842815835,-453.147801519
1056.000000000,9949.058170054,9495.844186876,-453.213983179
1057.000000000,9962.067487286,9508.788177304,-453.279309982
1058.000000000,9975.019044672,9521.677517509,-453.341527164
1059.000000000,9987.915495663,9534.514822747,-453.400672916
1060.000000000,10000.759440678,9547.301967560,-453.457473118
1061.000000000,10013.552896116,9560.040511092,-453.512385024
1062.000000000,10026.297481338,9572.731694116,-453.565787222
1063.000000000,10038.994487679,9585.376235257,-453.618252422
1064.000000000,10051.644685527,9597.975154370,-453.669531157
1065.000000000,10064.249080922,9610.529775462,-453.719305461
1066.000000000,10076.808963023,9623.041725880,-453.767237144
1067.000000000,10089.325887220,9635.512461539,-453.813425681
1068.000000000,10101.801366790,9647.943126143,-453.858240647
1069.000000000,10114.236558561,9660.334610216,-453.901948344
1070.000000000,10126.632390245,9672.687636239,-453.944754006
1071.000000000,10138.989593728,9685.002137735,-453.987455993
1072.000000000,10151.308209612,9697.277778616,-454.030430996
1073.000000000,10163.588054351,9709.515203965,-454.072850386
1074.000000000,10175.829507646,9721.715254215,-454.114253431
1075.000000000,10188.033422781,9733.879128887,-454.154293894
1076.000000000,10200.200939618,9746.008054440,-454.192885178
1077.000000000,10212.333326364,9758.103222370,-454.230103995
1078.000000000,10224.431757710,9770.165686576,-454.266071134
1079.000000000,10236.497304776,9782.196337022,-454.300967754
1080.000000000,10248.530866559,9794.195748816,-454.335117743
1081.000000000,10260.533059087,9806.163986922,-454.369072165
1082.000000000,10272.503992315,9818.100722860,-454.403269455
1083.000000000,10284.443419352,9830.005576857,-454.437842494
1084.000000000,10296.350964394,9841.878642866,-454.472321529
1085.000000000,10308.226681119,9853.721016471,-454.505664647
1086.000000000,10320.071505119,9865.533697286,-454.537807833
1087.000000000,10331.886534941,9877.317267757,-454.569267184
1088.000000000,10343.672317593,9889.072240559,-454.600077034
1089.000000000,10355.429386989,9900.799093560,-454.630293429
1090.000000000,10367.158233375,9912.498294251,-454.659939123
1091.000000000,10378.859304891,9924.170069136,-454.689235756
1092.000000000,10390.532893046,9935.814514058,-454.718378988
1093.000000000,10402.179083619,9947.431383083,-454.747700536
1094.000000000,10413.797644990,9959.020302475,-454.777342514
1095.000000000,10425.388252327,9970.581072978,-454.807179349
1096.000000000,10436.950785379,9982.114430425,-454.836354954
1097.000000000,10448.485665260,9993.620549088,-454.865116172
1098.000000000,10459.993310604,10005.099824162,-454.893486442
1099.000000000,10471.473971017,10016.552529435,-454.921441582
1100.000000000,10482.927969775,10027.978892903,-454.949076872
1101.000000000,10494.355561941,10039.379117323,-454.976444618
1102.000000000,10505.756894626,10050.752683647,-455.004210979
1103.000000000,10517.131495440,10062.098122247,-455.033373192
1104.000000000,10528.478028357,10073.414350611,-455.063677746
1105.000000000,10539.795619011,10084.702803906,-455.092815105
1106.000000000,10551.085038600,10095.964026360,-455.121012240
1107.000000000,10562.347203195,10107.198408717,-455.148794478
1108.000000000,10573.582439432,10118.406503611,-455.175935821
1109.000000000,10584.791304181,10129.588864551,-455.202439629
1110.000000000,10595.974372515,10140.746299765,-455.228072750
1111.000000000,10607.132384204,10151.879544554,-455.252839650
1112.000000000,10618.266120599,10162.989474901,-455.276645698
1113.000000000,10629.376431966,10174.076852236,-455.299579730
1114.000000000,10640.464104921,10185.142299878,-455.321805043
1115.000000000,10651.529756339,10196.186289119,-455.343467220
1116.000000000,10662.573863431,10207.209215911,-455.364647519
1117.000000000,10673.596827072,10218.211462976,-455.385364096
1118.000000000,10684.599038509,10229.193448741,-455.405589768
1119.000000000,10695.580923780,10240.155586436,-455.425337344
1120.000000000,10706.542885017,10251.098261236,-455.444623781
1121.000000000,10717.485308995,10262.021816533,-455.463492462
1122.000000000,10728.408538462,10272.926549560,-455.481988902
1123.000000000,10739.312880621,10283.812779063,-455.500101559
1124.000000000,10750.198646783,10294.680820776,-455.517826008
1125.000000000,10761.066162778,10305.530992363,-455.535170415
1126.000000000,10771.915735752,10316.363564447,-455.552171305
1127.000000000,10782.747648075,10327.178850958,-455.568797118
1128.000000000,10793.562212036,10337.977143233,-455.585068803
1129.000000000,10804.359727181,10348.758796567,-455.600930613
1130.000000000,10815.140543622,10359.524177589,-455.616366033
1131.000000000,10825.905022026,10370.273602730,-455.631419296
1132.000000000,10836.653493852,10381.007404559,-455.646089294
1133.000000000,10847.386276496,10391.725857260,-455.660419236
1134.000000000,10858.103656580,10402.429216742,-455.674439838
1135.000000000,10868.805881633,10413.117692768,-455.688188865
1136.000000000,10879.493169344,10423.791493266,-455.701676078
1137.000000000,10890.165723871,10434.450806887,-455.714916984
1138.000000000,10900.823733116,10445.095801142,-455.727931975
1139.000000000,10911.467362577,10455.726616695,-455.740745882
1140.000000000,10922.096753949,10466.343375567,-455.753378383
1141.000000000,10932.712020036,10476.946160794,-455.765859242
1142.000000000,10943.313257211,10487.535060671,-455.778196540
1143.000000000,10953.900555514,10498.110155051,-455.790400463
1144.000000000,10964.473979115,10508.671531480,-455.802447635
1145.000000000,10975.033650286,10519.219328501,-455.814321785
1146.000000000,10985.579684397,10529.753622803,-455.826061594
1147.000000000,10996.112153376,10540.274473707,-455.837679669
1148.000000000,11006.631101641,10550.781875625,-455.849226016
1149.000000000,11017.136540834,10561.275844011,-455.860696823
1150.000000000,11027.628480843,10571.756395085,-455.872085758
1151.000000000,11038.106939909,10582.223550703,-455.883389206
1152.000000000,11048.571928892,10592.677307964,-455.894620928
1153.000000000,11059.023463276,10603.117718585,-455.905744691
1154.000000000,11069.461584892,10613.544811507,-455.916773386
1155.000000000,11079.886319847,10623.958610221,-455.927709626
1156.000000000,11090.297691196,10634.359140217,-455.938550979
1157.000000000,11100.695716100,10644.746454201,-455.949261899
1158.000000000,11111.080476654,10655.120628331,-455.959848322
1159.000000000,11121.452033565,10665.481693308,-455.970340257
1160.000000000,11131.810406754,10675.829651047,-455.980755707
1161.000000000,11142.155597348,10686.164535327,-455.991062021
1162.000000000,11152.487665371,10696.486442650,-456.001222721
1163.000000000,11162.806688418,10706.795444917,-456.011243501
1164.000000000,11173.112752032,10717.091671589,-456.021080443
1165.000000000,11183.405993643,10727.375252526,-456.030741117
1166.000000000,11193.686530686,10737.646317279,-456.040213407
1167.000000000,11203.954503249,10747.905004800,-456.049498449
1168.000000000,11214.210037146,10758.151435410,-456.058601736
1169.000000000,11224.453261524,10768.385755460,-456.067506064
1170.000000000,11234.684322280,10778.608121095,-456.076201185
1171.000000000,11244.903388673,10788.818719294,-456.084669379
1172.000000000,11255.110643151,10799.017716995,-456.092926156
1173.000000000,11265.306247454,10809.205274250,-456.100973204
1174.000000000,11275.490364987,10819.381568339,-456.108796649
1175.000000000,11285.663186597,10829.546797352,-456.116389244
1176.000000000,11295.824905304,10839.701138336,-456.123766968
1177.000000000,11305.975698932,10849.844774849,-456.130924083
1178.000000000,11316.115750747,10859.977892871,-456.137857876
1179.000000000,11326.245259290,10870.100697650,-456.144561640
1180.000000000,11336.364428720,10880.213383397,-456.151045323
1181.000000000,11346.473468666,10890.316183293,-456.157285373
1182.000000000,11356.572628285,10900.409363377,-456.163264909
1183.000000000,11366.662146180,10910.493122470,-456.169023711
1184.000000000,11376.742231632,10920.567663801,-456.174567831
1185.000000000,11386.813073756,10930.633162464,-456.179911292
1186.000000000,11396.874844345,10940.689779403,-456.185064942
1187.000000000,11406.927697943,10950.737655561,-456.190042383
1188.000000000,11416.971780643,10960.776943241,-456.194837403
1189.000000000,11427.007253003,10970.807809721,-456.199443282
1190.000000000,11437.034288164,10980.830428429,-456.203859734
1191.000000000,11447.053059218,10990.844967943,-456.208091275
1192.000000000,11457.063737005,11000.851597905,-456.212139101
1193.000000000,11467.066491489,11010.850482036,-456.216009452
1194.000000000,11477.061481272,11020.841768741,-456.219712531
1195.000000000,11487.048852486,11030.825599796,-456.223252690
1196.000000000,11497.028743482,11040.802105500,-456.226637982
1197.000000000,11507.001281889,11050.771407604,-456.229874285
1198.000000000,11516.966585656,11060.733618176,-456.232967480
1199.000000000,11526.924765527,11070.688844200,-456.235921327
1200.000000000,11536.875928366,11080.637188787,-456.238739579
1201.000000000,11546.820175083,11090.578749014,-456.241426069
1202.000000000,11556.757595800,11100.513606411,-456.243989390
1203.000000000,11566.688269284,11110.441837308,-456.246431976
1204.000000000,11576.612272510,11120.363519958,-456.248752552
1205.000000000,11586.529684604,11130.278733162,-456.250951442
1206.000000000,11596.440584007,11140.187554117,-456.253029890
1207.000000000,11606.345047458,11150.090058423,-456.254989035
1208.000000000,11616.243152923,11159.986324776,-456.256828147
1209.000000000,11626.134981164,11169.876433853,-456.258547312
1210.000000000,11636.020612402,11179.760464450,-456.260147952
1211.000000000,11645.900115780,11189.638477920,-456.261637860
1212.000000000,11655.773559199,11199.510549493,-456.263009706
1213.000000000,11665.641017395,11209.376749545,-456.264267850
1214.000000000,11675.502557427,11219.237143579,-456.265413848
1215.000000000,11685.358243751,11229.091795207,-456.266448544
1216.000000000,11695.208138268,11238.940765423,-456.267372845
1217.000000000,11705.052300503,11248.784113055,-456.268187448
1218.000000000,11714.890787727,11258.621894845,-456.268892882
1219.000000000,11724.723654398,11268.454165083,-456.269489315
1220.000000000,11734.550950411,11278.280972491,-456.269977920
1221.000000000,11744.372726581,11288.102370443,-456.270356138
1222.000000000,11754.189038258,11297.918414010,-456.270624248
1223.000000000,11763.999934947,11307.729153813,-456.270781134
1224.000000000,11773.805463715,11317.534631820,-456.270831896
1225.000000000,11783.605675678,11327.334901563,-456.270774116
1226.000000000,11793.400621249,11337.130013609,-456.270607641
1227.000000000,11803.190351537,11346.920018890,-456.270332647
1228.000000000,11812.974925820,11356.704970760,-456.269955060
1229.000000000,11822.754403785,11366.484933495,-456.269470290
1230.000000000,11832.528846326,11376.259962552,-456.268883774
1231.000000000,11842.298306181,11386.030121280,-456.268184901
1232.000000000,11852.062841954,11395.795464017,-456.267377937
1233.000000000,11861.822510654,11405.556047237,-456.266463417
1234.000000000,11868.028584000,11413.519393197,-454.509190803
1235.000000000,11868.028584000,11416.339742330,-451.688841670
1236.000000000,11868.028584000,11419.134026260,-448.894557740
1237.000000000,11868.028584000,11421.936771730,-446.091812270
1238.000000000,11868.028584000,11424.743730156,-443.284853844
1239.000000000,11868.028584000,11427.545100300,-440.483483700
1240.000000000,11868.028584000,11430.334841546,-437.693742454
1241.000000000,11868.028584000,11433.108991196,-434.919592804
1242.000000000,11868.028584000,11435.870150361,-432.158433639
1243.000000000,11868.028584000,11438.610149577,-429.418434423
1244.000000000,11868.028584000,11441.334260040,-426.694323960
1245.000000000,11868.028584000,11444.040096778,-423.988487222
1246.000000000,11868.028584000,11446.729605722,-421.298978278
1247.000000000,11868.028584000,11449.402627785,-418.625956215
1248.000000000,11868.028584000,11452.053149869,-415.975434131
1249.000000000,11868.028584000,11454.690196347,-413.338387653
1250.000000000,11868.028584000,11457.309948329,-410.718635671
1251.000000000,11868.028584000,11459.919139570,-408.109444430
1252.000000000,11868.028584000,11462.511275110,-405.517308890
1253.000000000,11868.028584000,11465.091393446,-402.937190554
1254.000000000,11868.028584000,11467.653682776,-400.374901224
1255.000000000,11868.028584000,11470.202950585,-397.825633415
1256.000000000,11868.028584000,11472.733861354,-395.294722646
1257.000000000,11868.028584000,11475.248233785,-392.780350215
1258.000000000,11868.028584000,11477.746270014,-390.282313986
1259.000000000,11868.028584000,11480.222597316,-387.805986684
1260.000000000,11868.028584000,11482.681526317,-385.347057683
1261.000000000,11868.028584000,11485.121261640,-382.907322360
1262.000000000,11868.028584000,11487.538645419,-380.489938581
1263.000000000,11868.028584000,11489.935463336,-378.093120664
1264.000000000,11868.028584000,11492.314564740,-375.714019260
1265.000000000,11868.028584000,11494.673840696,-373.354743304
1266.000000000,11868.028584000,11497.012255736,-371.016328264
1267.000000000,11868.028584000,11499.335394764,-368.693189236
1268.000000000,11868.028584000,11501.632320759,-366.396263241
1269.000000000,11868.028584000,11503.911693862,-364.116890138
1270.000000000,11868.028584000,11506.167430171,-361.861153829
1271.000000000,11868.028584000,11508.406801693,-359.621782307
1272.000000000,11868.028584000,11510.623865523,-357.404718477
1273.000000000,11868.028584000,11512.820685942,-355.207898058
1274.000000000,11868.028584000,11515.002755108,-353.025828892
1275.000000000,11868.028584000,11517.163701847,-350.864882153
1276.000000000,11868.028584000,11519.309774361,-348.718809639
1277.000000000,11868.028584000,11521.436515789,-346.592068211
1278.000000000,11868.028584000,11523.545558999,-344.483025001
1279.000000000,11868.028584000,11525.632270840,-342.396313160
1280.000000000,11868.028584000,11527.699887718,-340.328696282
1281.000000000,11868.028584000,11529.749196844,-338.279387156
1282.000000000,11868.028584000,11531.774276712,-336.254307288
1283.000000000,11868.028584000,11533.782260091,-334.246323909
1284.000000000,11868.028584000,11535.766232220,-332.262351780
1285.000000000,11868.028584000,11537.728555414,-330.300028586
1286.000000000,11868.028584000,11539.664402366,-328.364181634
1287.000000000,11868.028584000,11541.577314733,-326.451269267
1288.000000000,11868.028584000,11543.464530714,-324.564053286
1289.000000000,11868.028584000,11545.323453491,-322.705130509
1290.000000000,11868.028584000,11547.158628274,-320.869955726
1291.000000000,11868.028584000,11548.967685504,-319.060898496
1292.000000000,11868.028584000,11550.750195783,-317.278388217
1293.000000000,11868.028584000,11552.512665510,-315.515918490
1294.000000000,11868.028584000,11554.253966046,-313.774617954
1295.000000000,11868.028584000,11555.978454426,-312.050129574
1296.000000000,11868.028584000,11557.682727116,-310.345856884
1297.000000000,11868.028584000,11559.369812019,-308.658771981
1298.000000000,11868.028584000,11561.038860353,-306.989723647
1299.000000000,11868.028584000,11562.684829007,-305.343754993
1300.000000000,11868.028584000,11564.314062538,-303.714521462
1301.000000000,11868.028584000,11565.919231219,-302.109352781
1302.000000000,11868.028584000,11567.507120845,-300.521463155
1303.000000000,11868.028584000,11569.073590737,-298.954993263
1304.000000000,11868.028584000,11570.625345861,-297.403238139
1305.000000000,11868.028584000,11572.155912517,-295.872671483
1306.000000000,11868.028584000,11573.674289090,-294.354294910
1307.000000000,11868.028584000,11575.174464823,-292.854119177
1308.000000000,11868.028584000,11576.662180827,-291.366403173
1309.000000000,11868.028584000,11578.128239643,-289.900344357
1310.000000000,11868.028584000,11579.580171115,-288.448412885
1311.000000000,11868.028584000,11581.011448565,-287.017135435
1312.000000000,11868.028584000,11582.429982672,-285.598601328
1313.000000000,11868.028584000,11583.829005257,-284.199578743
1314.000000000,11868.028584000,11585.214717055,-282.813866945
1315.000000000,11868.028584000,11586.579586208,-281.448997792
1316.000000000,11868.028584000,11587.932856997,-280.095727003
1317.000000000,11868.028584000,11589.266507566,-278.762076434
1318.000000000,11868.028584000,11590.589610278,-277.438973722
1319.000000000,11868.028584000,11591.895522810,-276.133061190
1320.000000000,11868.028584000,11593.190660856,-274.837923144
1321.000000000,11868.028584000,11594.466871709,-273.561712291
1322.000000000,11868.028584000,11595.733646842,-272.294937158
1323.000000000,11868.028584000,11596.982988642,-271.045595358
1324.000000000,11868.028584000,11598.223095781,-269.805488219
1325.000000000,11868.028584000,11599.447210036,-268.581373964
1326.000000000,11868.028584000,11600.661444957,-267.367139043
1327.000000000,11868.028584000,11601.860514064,-266.168069936
1328.000000000,11868.028584000,11603.051590967,-264.976993033
1329.000000000,11868.028584000,11604.228298473,-263.800285527
1330.000000000,11868.028584000,11605.395742874,-262.632841126
1331.000000000,11868.028584000,11606.548703563,-261.479880437
1332.000000000,11868.028584000,11607.691869336,-260.336714664
1333.000000000,11868.028584000,11608.819686901,-259.208897099
1334.000000000,11868.028584000,11609.938451416,-258.090132584
1335.000000000,11868.028584000,11611.040935903,-256.987648097
1336.000000000,11868.028584000,11612.133506058,-255.895077942
1337.000000000,11868.028584000,11613.209224861,-254.819359139
1338.000000000,11868.028584000,11614.278604328,-253.749979672
1339.000000000,11868.028584000,11615.332867326,-252.695716674
1340.000000000,11868.028584000,11616.381715029,-251.646868971
1341.000000000,11868.028584000,11617.410477800,-250.618106200
1342.000000000,11868.028584000,11618.440390665,-249.588193335
1343.000000000,11868.028584000,11619.457824180,-248.570759820
1344.000000000,11868.028584000,11620.469325631,-247.559258369
1345.000000000,11868.028584000,11621.474151782,-246.554432218
1346.000000000,11868.028584000,11622.471974109,-245.556609891
1347.000000000,11868.028584000,11623.463071325,-244.565512675
1348.000000000,11868.028584000,11624.445882423,-243.582701577
1349.000000000,11868.028584000,11625.422465730,-242.606118270
1350.000000000,11868.028584000,11626.391388436,-241.637195564
1351.000000000,11868.028584000,11627.352720228,-240.675863772
1352.000000000,11868.028584000,11628.306715173,-239.721868827
1353.000000000,11868.028584000,11629.255599130,-238.772984870
1354.000000000,11868.028584000,11630.197034591,-237.831549409
1355.000000000,11868.028584000,11631.131589436,-236.896994564
1356.000000000,11868.028584000,11632.059631452,-235.968952548
1357.000000000,11868.028584000,11632.980889534,-235.047694466
1358.000000000,11868.028584000,11633.896114312,-234.132469688
1359.000000000,11868.028584000,11634.803727703,-233.224856297
1360.000000000,11868.028584000,11635.704393277,-232.324190723
1361.000000000,11868.028584000,11636.596786551,-231.431797449
1362.000000000,11868.028584000,11637.483452795,-230.545131205
1363.000000000,11868.028584000,11638.363697472,-229.664886528
1364.000000000,11868.028584000,11639.239134918,-228.789449082
1365.000000000,11868.028584000,11640.108588833,-227.919995167
1366.000000000,11868.028584000,11640.973764838,-227.054819162
1367.000000000,11868.028584000,11641.831671765,-226.196912235
1368.000000000,11868.028584000,11642.683326035,-225.345257965
1369.000000000,11868.028584000,11643.526292359,-224.502291641
1370.000000000,11868.028584000,11644.362412900,-223.666171100
1371.000000000,11868.028584000,11645.190136460,-222.838447540
1372.000000000,11868.028584000,11646.012651469,-222.015932531
1373.000000000,11868.028584000,11646.827837244,-221.200746756
1374.000000000,11868.028584000,11647.637776769,-220.390807231
1375.000000000,11868.028584000,11648.439877108,-219.588706892
1376.000000000,11868.028584000,11649.235754521,-218.792829479
1377.000000000,11868.028584000,11650.023712214,-218.004871786
1378.000000000,11868.028584000,11650.805828335,-217.222755665
1379.000000000,11868.028584000,11651.580053599,-216.448530401
1380.000000000,11868.028584000,11652.348581415,-215.680002585
1381.000000000,11868.028584000,11653.109893395,-214.918690605
1382.000000000,11868.028584000,11653.866139142,-214.162444858
1383.000000000,11868.028584000,11654.615754623,-213.412829377
1384.000000000,11868.028584000,11655.359385002,-212.669198998
1385.000000000,11868.028584000,11656.096392653,-211.932191347
1386.000000000,11868.028584000,11656.826758729,-211.201825271
1387.000000000,11868.028584000,11657.550034809,-210.478549191
1388.000000000,11868.028584000,11658.266488186,-209.762095814
1389.000000000,11868.028584000,11658.975323466,-209.053260534
1390.000000000,11868.028584000,11659.677777587,-208.350806413
1391.000000000,11868.028584000,11660.373775024,-207.654808976
1392.000000000,11868.028584000,11661.063921553,-206.964662447
1393.000000000,11868.028584000,11661.748134212,-206.280449788
1394.000000000,11868.028584000,11662.424817364,-205.603766636
1395.000000000,11868.028584000,11663.094851789,-204.933732211
1396.000000000,11868.028584000,11663.756961763,-204.271622237
1397.000000000,11868.028584000,11664.413419367,-203.615164633
1398.000000000,11868.028584000,11665.062131531,-202.966452469
1399.000000000,11868.028584000,11665.705060043,-202.323523957
1400.000000000,11868.028584000,11666.340130389,-201.688453611
1401.000000000,11868.028584000,11666.970152724,-201.058431276
1402.000000000,11868.028584000,11667.592870996,-200.435713004
1403.000000000,11868.028584000,11668.210310112,-199.818273888
1404.000000000,11868.028584000,11668.821069845,-199.207514155
1405.000000000,11868.028584000,11669.427242427,-198.601341573
1406.000000000,11868.028584000,11670.027531909,-198.001052091
1407.000000000,11868.028584000,11670.624214463,-197.404369537
1408.000000000,11868.028584000,11671.216267038,-196.812316962
1409.000000000,11868.028584000,11671.803451677,-196.225132323
1410.000000000,11868.028584000,11672.386100708,-195.642483292
1411.000000000,11868.028584000,11672.962455134,-195.066128866
1412.000000000,11868.028584000,11673.535158040,-194.493425960
1413.000000000,11868.028584000,11674.102103194,-193.926480806
1414.000000000,11868.028584000,11674.664637351,-193.363946649
1415.000000000,11868.028584000,11675.222130595,-192.806453405
1416.000000000,11868.028584000,11675.772955787,-192.255628213
1417.000000000,11868.028584000,11676.318229477,-191.710354523
1418.000000000,11868.028584000,11676.855203806,-191.173380194
1419.000000000,11868.028584000,11677.385336370,-190.643247630
1420.000000000,11868.028584000,11677.906975262,-190.121608738
1421.000000000,11868.028584000,11678.422908647,-189.605675353
1422.000000000,11868.028584000,11678.930831207,-189.097752793
1423.000000000,11868.028584000,11679.433790145,-188.594793855
1424.000000000,11868.028584000,11679.930244705,-188.098339295
1425.000000000,11868.028584000,11680.421676486,-187.606907514
1426.000000000,11868.028584000,11680.908236749,-187.120347251
1427.000000000,11868.028584000,11681.388640345,-186.639943655
1428.000000000,11868.028584000,11681.865470354,-186.163113646
1429.000000000,11868.028584000,11682.336818759,-185.691765241
1430.000000000,11868.028584000,11682.802137790,-185.226446210
1431.000000000,11868.028584000,11683.263594329,-184.764989671
1432.000000000,11868.028584000,11683.719109408,-184.309474592
1433.000000000,11868.028584000,11684.169787742,-183.858796258
1434.000000000,11868.028584000,11684.614507434,-183.414076566
1435.000000000,11868.028584000,11685.053488644,-182.975095356
1436.000000000,11868.028584000,11685.488413907,-182.540170093
1437.000000000,11868.028584000,11685.918376681,-182.110207319
1438.000000000,11868.028584000,11686.345198785,-181.683385215
1439.000000000,11868.028584000,11686.768362739,-181.260221261
1440.000000000,11868.028584000,11687.186563504,-180.842020496
