time_h,segment,source_vtu,packaged_vtu
0.0,C1,drywell_formal_C1_0_480h_6h-00000.vtu,C1_drywell_formal_C1_0_480h_6h-00000.vtu
6.054749999999999,C1,drywell_formal_C1_0_480h_6h-00001.vtu,C1_drywell_formal_C1_0_480h_6h-00001.vtu
12.05475,C1,drywell_formal_C1_0_480h_6h-00002.vtu,C1_drywell_formal_C1_0_480h_6h-00002.vtu
18.05475,C1,drywell_formal_C1_0_480h_6h-00003.vtu,C1_drywell_formal_C1_0_480h_6h-00003.vtu
24.054750000000002,C1,drywell_formal_C1_0_480h_6h-00004.vtu,C1_drywell_formal_C1_0_480h_6h-00004.vtu
30.05472222222222,C1,drywell_formal_C1_0_480h_6h-00005.vtu,C1_drywell_formal_C1_0_480h_6h-00005.vtu
36.054722222222225,C1,drywell_formal_C1_0_480h_6h-00006.vtu,C1_drywell_formal_C1_0_480h_6h-00006.vtu
42.054722222222225,C1,drywell_formal_C1_0_480h_6h-00007.vtu,C1_drywell_formal_C1_0_480h_6h-00007.vtu
48.054722222222225,C1,drywell_formal_C1_0_480h_6h-00008.vtu,C1_drywell_formal_C1_0_480h_6h-00008.vtu
54.054722222222225,C1,drywell_formal_C1_0_480h_6h-00009.vtu,C1_drywell_formal_C1_0_480h_6h-00009.vtu
60.054722222222225,C1,drywell_formal_C1_0_480h_6h-00010.vtu,C1_drywell_formal_C1_0_480h_6h-00010.vtu
66.05472222222222,C1,drywell_formal_C1_0_480h_6h-00011.vtu,C1_drywell_formal_C1_0_480h_6h-00011.vtu
72.05472222222222,C1,drywell_formal_C1_0_480h_6h-00012.vtu,C1_drywell_formal_C1_0_480h_6h-00012.vtu
78.05472222222222,C1,drywell_formal_C1_0_480h_6h-00013.vtu,C1_drywell_formal_C1_0_480h_6h-00013.vtu
84.05472222222222,C1,drywell_formal_C1_0_480h_6h-00014.vtu,C1_drywell_formal_C1_0_480h_6h-00014.vtu
90.05472222222222,C1,drywell_formal_C1_0_480h_6h-00015.vtu,C1_drywell_formal_C1_0_480h_6h-00015.vtu
96.05472222222222,C1,drywell_formal_C1_0_480h_6h-00016.vtu,C1_drywell_formal_C1_0_480h_6h-00016.vtu
102.05472222222222,C1,drywell_formal_C1_0_480h_6h-00017.vtu,C1_drywell_formal_C1_0_480h_6h-00017.vtu
108.05472222222222,C1,drywell_formal_C1_0_480h_6h-00018.vtu,C1_drywell_formal_C1_0_480h_6h-00018.vtu
114.05472222222222,C1,drywell_formal_C1_0_480h_6h-00019.vtu,C1_drywell_formal_C1_0_480h_6h-00019.vtu
120.05472222222222,C1,drywell_formal_C1_0_480h_6h-00020.vtu,C1_drywell_formal_C1_0_480h_6h-00020.vtu
126.05472222222222,C1,drywell_formal_C1_0_480h_6h-00021.vtu,C1_drywell_formal_C1_0_480h_6h-00021.vtu
132.0547222222222,C1,drywell_formal_C1_0_480h_6h-00022.vtu,C1_drywell_formal_C1_0_480h_6h-00022.vtu
138.0547222222222,C1,drywell_formal_C1_0_480h_6h-00023.vtu,C1_drywell_formal_C1_0_480h_6h-00023.vtu
144.0547222222222,C1,drywell_formal_C1_0_480h_6h-00024.vtu,C1_drywell_formal_C1_0_480h_6h-00024.vtu
150.0547222222222,C1,drywell_formal_C1_0_480h_6h-00025.vtu,C1_drywell_formal_C1_0_480h_6h-00025.vtu
156.0547222222222,C1,drywell_formal_C1_0_480h_6h-00026.vtu,C1_drywell_formal_C1_0_480h_6h-00026.vtu
162.0547222222222,C1,drywell_formal_C1_0_480h_6h-00027.vtu,C1_drywell_formal_C1_0_480h_6h-00027.vtu
168.0038888888889,C1,drywell_formal_C1_0_480h_6h-00028.vtu,C1_drywell_formal_C1_0_480h_6h-00028.vtu
174.0872222222222,C1,drywell_formal_C1_0_480h_6h-00029.vtu,C1_drywell_formal_C1_0_480h_6h-00029.vtu
180.05555555555554,C1,drywell_formal_C1_0_480h_6h-00030.vtu,C1_drywell_formal_C1_0_480h_6h-00030.vtu
186.05555555555554,C1,drywell_formal_C1_0_480h_6h-00031.vtu,C1_drywell_formal_C1_0_480h_6h-00031.vtu
192.05555555555554,C1,drywell_formal_C1_0_480h_6h-00032.vtu,C1_drywell_formal_C1_0_480h_6h-00032.vtu
198.01111111111112,C1,drywell_formal_C1_0_480h_6h-00033.vtu,C1_drywell_formal_C1_0_480h_6h-00033.vtu
204.05055555555555,C1,drywell_formal_C1_0_480h_6h-00034.vtu,C1_drywell_formal_C1_0_480h_6h-00034.vtu
210.0822222222222,C1,drywell_formal_C1_0_480h_6h-00035.vtu,C1_drywell_formal_C1_0_480h_6h-00035.vtu
216.0822222222222,C1,drywell_formal_C1_0_480h_6h-00036.vtu,C1_drywell_formal_C1_0_480h_6h-00036.vtu
222.0822222222222,C1,drywell_formal_C1_0_480h_6h-00037.vtu,C1_drywell_formal_C1_0_480h_6h-00037.vtu
228.0822222222222,C1,drywell_formal_C1_0_480h_6h-00038.vtu,C1_drywell_formal_C1_0_480h_6h-00038.vtu
234.0822222222222,C1,drywell_formal_C1_0_480h_6h-00039.vtu,C1_drywell_formal_C1_0_480h_6h-00039.vtu
240.0822222222222,C1,drywell_formal_C1_0_480h_6h-00040.vtu,C1_drywell_formal_C1_0_480h_6h-00040.vtu
246.0822222222222,C1,drywell_formal_C1_0_480h_6h-00041.vtu,C1_drywell_formal_C1_0_480h_6h-00041.vtu
252.0822222222222,C1,drywell_formal_C1_0_480h_6h-00042.vtu,C1_drywell_formal_C1_0_480h_6h-00042.vtu
258.08222222222224,C1,drywell_formal_C1_0_480h_6h-00043.vtu,C1_drywell_formal_C1_0_480h_6h-00043.vtu
264.08222222222224,C1,drywell_formal_C1_0_480h_6h-00044.vtu,C1_drywell_formal_C1_0_480h_6h-00044.vtu
270.08222222222224,C1,drywell_formal_C1_0_480h_6h-00045.vtu,C1_drywell_formal_C1_0_480h_6h-00045.vtu
276.08222222222224,C1,drywell_formal_C1_0_480h_6h-00046.vtu,C1_drywell_formal_C1_0_480h_6h-00046.vtu
282.0833333333333,C1,drywell_formal_C1_0_480h_6h-00047.vtu,C1_drywell_formal_C1_0_480h_6h-00047.vtu
288.0833333333333,C1,drywell_formal_C1_0_480h_6h-00048.vtu,C1_drywell_formal_C1_0_480h_6h-00048.vtu
294.0833333333333,C1,drywell_formal_C1_0_480h_6h-00049.vtu,C1_drywell_formal_C1_0_480h_6h-00049.vtu
300.0833333333333,C1,drywell_formal_C1_0_480h_6h-00050.vtu,C1_drywell_formal_C1_0_480h_6h-00050.vtu
306.0833333333333,C1,drywell_formal_C1_0_480h_6h-00051.vtu,C1_drywell_formal_C1_0_480h_6h-00051.vtu
312.0833333333333,C1,drywell_formal_C1_0_480h_6h-00052.vtu,C1_drywell_formal_C1_0_480h_6h-00052.vtu
318.0833333333333,C1,drywell_formal_C1_0_480h_6h-00053.vtu,C1_drywell_formal_C1_0_480h_6h-00053.vtu
324.0833333333333,C1,drywell_formal_C1_0_480h_6h-00054.vtu,C1_drywell_formal_C1_0_480h_6h-00054.vtu
330.0833333333333,C1,drywell_formal_C1_0_480h_6h-00055.vtu,C1_drywell_formal_C1_0_480h_6h-00055.vtu
336.0833333333333,C1,drywell_formal_C1_0_480h_6h-00056.vtu,C1_drywell_formal_C1_0_480h_6h-00056.vtu
342.0833333333333,C1,drywell_formal_C1_0_480h_6h-00057.vtu,C1_drywell_formal_C1_0_480h_6h-00057.vtu
348.0833333333333,C1,drywell_formal_C1_0_480h_6h-00058.vtu,C1_drywell_formal_C1_0_480h_6h-00058.vtu
354.0833333333333,C1,drywell_formal_C1_0_480h_6h-00059.vtu,C1_drywell_formal_C1_0_480h_6h-00059.vtu
360.0833333333333,C1,drywell_formal_C1_0_480h_6h-00060.vtu,C1_drywell_formal_C1_0_480h_6h-00060.vtu
366.0833333333333,C1,drywell_formal_C1_0_480h_6h-00061.vtu,C1_drywell_formal_C1_0_480h_6h-00061.vtu
372.0833333333333,C1,drywell_formal_C1_0_480h_6h-00062.vtu,C1_drywell_formal_C1_0_480h_6h-00062.vtu
378.0833333333333,C1,drywell_formal_C1_0_480h_6h-00063.vtu,C1_drywell_formal_C1_0_480h_6h-00063.vtu
384.0833333333333,C1,drywell_formal_C1_0_480h_6h-00064.vtu,C1_drywell_formal_C1_0_480h_6h-00064.vtu
390.0833333333333,C1,drywell_formal_C1_0_480h_6h-00065.vtu,C1_drywell_formal_C1_0_480h_6h-00065.vtu
396.0833333333333,C1,drywell_formal_C1_0_480h_6h-00066.vtu,C1_drywell_formal_C1_0_480h_6h-00066.vtu
402.0833333333333,C1,drywell_formal_C1_0_480h_6h-00067.vtu,C1_drywell_formal_C1_0_480h_6h-00067.vtu
408.0833333333333,C1,drywell_formal_C1_0_480h_6h-00068.vtu,C1_drywell_formal_C1_0_480h_6h-00068.vtu
414.0833333333333,C1,drywell_formal_C1_0_480h_6h-00069.vtu,C1_drywell_formal_C1_0_480h_6h-00069.vtu
420.0833333333333,C1,drywell_formal_C1_0_480h_6h-00070.vtu,C1_drywell_formal_C1_0_480h_6h-00070.vtu
426.0833333333333,C1,drywell_formal_C1_0_480h_6h-00071.vtu,C1_drywell_formal_C1_0_480h_6h-00071.vtu
432.0833333333333,C1,drywell_formal_C1_0_480h_6h-00072.vtu,C1_drywell_formal_C1_0_480h_6h-00072.vtu
438.0833333333333,C1,drywell_formal_C1_0_480h_6h-00073.vtu,C1_drywell_formal_C1_0_480h_6h-00073.vtu
444.0833333333333,C1,drywell_formal_C1_0_480h_6h-00074.vtu,C1_drywell_formal_C1_0_480h_6h-00074.vtu
450.0833333333333,C1,drywell_formal_C1_0_480h_6h-00075.vtu,C1_drywell_formal_C1_0_480h_6h-00075.vtu
456.0833333333333,C1,drywell_formal_C1_0_480h_6h-00076.vtu,C1_drywell_formal_C1_0_480h_6h-00076.vtu
462.0833333333333,C1,drywell_formal_C1_0_480h_6h-00077.vtu,C1_drywell_formal_C1_0_480h_6h-00077.vtu
468.0833333333333,C1,drywell_formal_C1_0_480h_6h-00078.vtu,C1_drywell_formal_C1_0_480h_6h-00078.vtu
474.0833333333333,C1,drywell_formal_C1_0_480h_6h-00079.vtu,C1_drywell_formal_C1_0_480h_6h-00079.vtu
480.0,C1,drywell_formal_C1_0_480h_6h-00080.vtu,C1_drywell_formal_C1_0_480h_6h-00080.vtu
486.025,C2,drywell_formal_C2_480_960h_6h-00001.vtu,C2_drywell_formal_C2_480_960h_6h-00001.vtu
492.025,C2,drywell_formal_C2_480_960h_6h-00002.vtu,C2_drywell_formal_C2_480_960h_6h-00002.vtu
498.025,C2,drywell_formal_C2_480_960h_6h-00003.vtu,C2_drywell_formal_C2_480_960h_6h-00003.vtu
504.025,C2,drywell_formal_C2_480_960h_6h-00004.vtu,C2_drywell_formal_C2_480_960h_6h-00004.vtu
510.025,C2,drywell_formal_C2_480_960h_6h-00005.vtu,C2_drywell_formal_C2_480_960h_6h-00005.vtu
516.025,C2,drywell_formal_C2_480_960h_6h-00006.vtu,C2_drywell_formal_C2_480_960h_6h-00006.vtu
522.025,C2,drywell_formal_C2_480_960h_6h-00007.vtu,C2_drywell_formal_C2_480_960h_6h-00007.vtu
528.025,C2,drywell_formal_C2_480_960h_6h-00008.vtu,C2_drywell_formal_C2_480_960h_6h-00008.vtu
534.025,C2,drywell_formal_C2_480_960h_6h-00009.vtu,C2_drywell_formal_C2_480_960h_6h-00009.vtu
540.025,C2,drywell_formal_C2_480_960h_6h-00010.vtu,C2_drywell_formal_C2_480_960h_6h-00010.vtu
546.025,C2,drywell_formal_C2_480_960h_6h-00011.vtu,C2_drywell_formal_C2_480_960h_6h-00011.vtu
552.025,C2,drywell_formal_C2_480_960h_6h-00012.vtu,C2_drywell_formal_C2_480_960h_6h-00012.vtu
558.025,C2,drywell_formal_C2_480_960h_6h-00013.vtu,C2_drywell_formal_C2_480_960h_6h-00013.vtu
564.025,C2,drywell_formal_C2_480_960h_6h-00014.vtu,C2_drywell_formal_C2_480_960h_6h-00014.vtu
570.025,C2,drywell_formal_C2_480_960h_6h-00015.vtu,C2_drywell_formal_C2_480_960h_6h-00015.vtu
576.025,C2,drywell_formal_C2_480_960h_6h-00016.vtu,C2_drywell_formal_C2_480_960h_6h-00016.vtu
582.025,C2,drywell_formal_C2_480_960h_6h-00017.vtu,C2_drywell_formal_C2_480_960h_6h-00017.vtu
588.025,C2,drywell_formal_C2_480_960h_6h-00018.vtu,C2_drywell_formal_C2_480_960h_6h-00018.vtu
594.025,C2,drywell_formal_C2_480_960h_6h-00019.vtu,C2_drywell_formal_C2_480_960h_6h-00019.vtu
600.025,C2,drywell_formal_C2_480_960h_6h-00020.vtu,C2_drywell_formal_C2_480_960h_6h-00020.vtu
606.025,C2,drywell_formal_C2_480_960h_6h-00021.vtu,C2_drywell_formal_C2_480_960h_6h-00021.vtu
612.025,C2,drywell_formal_C2_480_960h_6h-00022.vtu,C2_drywell_formal_C2_480_960h_6h-00022.vtu
618.025,C2,drywell_formal_C2_480_960h_6h-00023.vtu,C2_drywell_formal_C2_480_960h_6h-00023.vtu
624.025,C2,drywell_formal_C2_480_960h_6h-00024.vtu,C2_drywell_formal_C2_480_960h_6h-00024.vtu
630.025,C2,drywell_formal_C2_480_960h_6h-00025.vtu,C2_drywell_formal_C2_480_960h_6h-00025.vtu
636.025,C2,drywell_formal_C2_480_960h_6h-00026.vtu,C2_drywell_formal_C2_480_960h_6h-00026.vtu
642.025,C2,drywell_formal_C2_480_960h_6h-00027.vtu,C2_drywell_formal_C2_480_960h_6h-00027.vtu
648.025,C2,drywell_formal_C2_480_960h_6h-00028.vtu,C2_drywell_formal_C2_480_960h_6h-00028.vtu
654.025,C2,drywell_formal_C2_480_960h_6h-00029.vtu,C2_drywell_formal_C2_480_960h_6h-00029.vtu
660.025,C2,drywell_formal_C2_480_960h_6h-00030.vtu,C2_drywell_formal_C2_480_960h_6h-00030.vtu
666.025,C2,drywell_formal_C2_480_960h_6h-00031.vtu,C2_drywell_formal_C2_480_960h_6h-00031.vtu
672.025,C2,drywell_formal_C2_480_960h_6h-00032.vtu,C2_drywell_formal_C2_480_960h_6h-00032.vtu
678.025,C2,drywell_formal_C2_480_960h_6h-00033.vtu,C2_drywell_formal_C2_480_960h_6h-00033.vtu
684.025,C2,drywell_formal_C2_480_960h_6h-00034.vtu,C2_drywell_formal_C2_480_960h_6h-00034.vtu
690.025,C2,drywell_formal_C2_480_960h_6h-00035.vtu,C2_drywell_formal_C2_480_960h_6h-00035.vtu
696.025,C2,drywell_formal_C2_480_960h_6h-00036.vtu,C2_drywell_formal_C2_480_960h_6h-00036.vtu
702.025,C2,drywell_formal_C2_480_960h_6h-00037.vtu,C2_drywell_formal_C2_480_960h_6h-00037.vtu
708.025,C2,drywell_formal_C2_480_960h_6h-00038.vtu,C2_drywell_formal_C2_480_960h_6h-00038.vtu
714.025,C2,drywell_formal_C2_480_960h_6h-00039.vtu,C2_drywell_formal_C2_480_960h_6h-00039.vtu
720.025,C2,drywell_formal_C2_480_960h_6h-00040.vtu,C2_drywell_formal_C2_480_960h_6h-00040.vtu
726.025,C2,drywell_formal_C2_480_960h_6h-00041.vtu,C2_drywell_formal_C2_480_960h_6h-00041.vtu
732.025,C2,drywell_formal_C2_480_960h_6h-00042.vtu,C2_drywell_formal_C2_480_960h_6h-00042.vtu
738.0527777777778,C2,drywell_formal_C2_480_960h_6h-00043.vtu,C2_drywell_formal_C2_480_960h_6h-00043.vtu
744.0083333333333,C2,drywell_formal_C2_480_960h_6h-00044.vtu,C2_drywell_formal_C2_480_960h_6h-00044.vtu
750.0083333333333,C2,drywell_formal_C2_480_960h_6h-00045.vtu,C2_drywell_formal_C2_480_960h_6h-00045.vtu
756.0666666666667,C2,drywell_formal_C2_480_960h_6h-00046.vtu,C2_drywell_formal_C2_480_960h_6h-00046.vtu
762.0527777777778,C2,drywell_formal_C2_480_960h_6h-00047.vtu,C2_drywell_formal_C2_480_960h_6h-00047.vtu
768.0083333333333,C2,drywell_formal_C2_480_960h_6h-00048.vtu,C2_drywell_formal_C2_480_960h_6h-00048.vtu
774.0805555555555,C2,drywell_formal_C2_480_960h_6h-00049.vtu,C2_drywell_formal_C2_480_960h_6h-00049.vtu
780.0416666666666,C2,drywell_formal_C2_480_960h_6h-00050.vtu,C2_drywell_formal_C2_480_960h_6h-00050.vtu
786.0138888888889,C2,drywell_formal_C2_480_960h_6h-00051.vtu,C2_drywell_formal_C2_480_960h_6h-00051.vtu
792.0138888888889,C2,drywell_formal_C2_480_960h_6h-00052.vtu,C2_drywell_formal_C2_480_960h_6h-00052.vtu
798.0,C2,drywell_formal_C2_480_960h_6h-00053.vtu,C2_drywell_formal_C2_480_960h_6h-00053.vtu
804.0,C2,drywell_formal_C2_480_960h_6h-00054.vtu,C2_drywell_formal_C2_480_960h_6h-00054.vtu
810.0,C2,drywell_formal_C2_480_960h_6h-00055.vtu,C2_drywell_formal_C2_480_960h_6h-00055.vtu
816.0,C2,drywell_formal_C2_480_960h_6h-00056.vtu,C2_drywell_formal_C2_480_960h_6h-00056.vtu
822.0,C2,drywell_formal_C2_480_960h_6h-00057.vtu,C2_drywell_formal_C2_480_960h_6h-00057.vtu
828.0,C2,drywell_formal_C2_480_960h_6h-00058.vtu,C2_drywell_formal_C2_480_960h_6h-00058.vtu
834.0472222222222,C2,drywell_formal_C2_480_960h_6h-00059.vtu,C2_drywell_formal_C2_480_960h_6h-00059.vtu
840.0833333333334,C2,drywell_formal_C2_480_960h_6h-00060.vtu,C2_drywell_formal_C2_480_960h_6h-00060.vtu
846.0833333333334,C2,drywell_formal_C2_480_960h_6h-00061.vtu,C2_drywell_formal_C2_480_960h_6h-00061.vtu
852.025,C2,drywell_formal_C2_480_960h_6h-00062.vtu,C2_drywell_formal_C2_480_960h_6h-00062.vtu
858.025,C2,drywell_formal_C2_480_960h_6h-00063.vtu,C2_drywell_formal_C2_480_960h_6h-00063.vtu
864.025,C2,drywell_formal_C2_480_960h_6h-00064.vtu,C2_drywell_formal_C2_480_960h_6h-00064.vtu
870.025,C2,drywell_formal_C2_480_960h_6h-00065.vtu,C2_drywell_formal_C2_480_960h_6h-00065.vtu
876.0194444444444,C2,drywell_formal_C2_480_960h_6h-00066.vtu,C2_drywell_formal_C2_480_960h_6h-00066.vtu
882.0638888888889,C2,drywell_formal_C2_480_960h_6h-00067.vtu,C2_drywell_formal_C2_480_960h_6h-00067.vtu
888.0333333333333,C2,drywell_formal_C2_480_960h_6h-00068.vtu,C2_drywell_formal_C2_480_960h_6h-00068.vtu
894.0,C2,drywell_formal_C2_480_960h_6h-00069.vtu,C2_drywell_formal_C2_480_960h_6h-00069.vtu
900.0,C2,drywell_formal_C2_480_960h_6h-00070.vtu,C2_drywell_formal_C2_480_960h_6h-00070.vtu
906.0,C2,drywell_formal_C2_480_960h_6h-00071.vtu,C2_drywell_formal_C2_480_960h_6h-00071.vtu
912.0,C2,drywell_formal_C2_480_960h_6h-00072.vtu,C2_drywell_formal_C2_480_960h_6h-00072.vtu
918.0,C2,drywell_formal_C2_480_960h_6h-00073.vtu,C2_drywell_formal_C2_480_960h_6h-00073.vtu
924.0,C2,drywell_formal_C2_480_960h_6h-00074.vtu,C2_drywell_formal_C2_480_960h_6h-00074.vtu
930.0,C2,drywell_formal_C2_480_960h_6h-00075.vtu,C2_drywell_formal_C2_480_960h_6h-00075.vtu
936.0,C2,drywell_formal_C2_480_960h_6h-00076.vtu,C2_drywell_formal_C2_480_960h_6h-00076.vtu
942.0,C2,drywell_formal_C2_480_960h_6h-00077.vtu,C2_drywell_formal_C2_480_960h_6h-00077.vtu
948.0,C2,drywell_formal_C2_480_960h_6h-00078.vtu,C2_drywell_formal_C2_480_960h_6h-00078.vtu
954.0,C2,drywell_formal_C2_480_960h_6h-00079.vtu,C2_drywell_formal_C2_480_960h_6h-00079.vtu
960.0,C2,drywell_formal_C2_480_960h_6h-00080.vtu,C2_drywell_formal_C2_480_960h_6h-00080.vtu
966.0444444444445,C3,drywell_formal_C3_960_1440h_6h-00001.vtu,C3_drywell_formal_C3_960_1440h_6h-00001.vtu
972.0444444444445,C3,drywell_formal_C3_960_1440h_6h-00002.vtu,C3_drywell_formal_C3_960_1440h_6h-00002.vtu
978.0444444444445,C3,drywell_formal_C3_960_1440h_6h-00003.vtu,C3_drywell_formal_C3_960_1440h_6h-00003.vtu
984.0444444444445,C3,drywell_formal_C3_960_1440h_6h-00004.vtu,C3_drywell_formal_C3_960_1440h_6h-00004.vtu
990.0444444444445,C3,drywell_formal_C3_960_1440h_6h-00005.vtu,C3_drywell_formal_C3_960_1440h_6h-00005.vtu
996.0444444444445,C3,drywell_formal_C3_960_1440h_6h-00006.vtu,C3_drywell_formal_C3_960_1440h_6h-00006.vtu
1002.0444444444445,C3,drywell_formal_C3_960_1440h_6h-00007.vtu,C3_drywell_formal_C3_960_1440h_6h-00007.vtu
1008.0444444444445,C3,drywell_formal_C3_960_1440h_6h-00008.vtu,C3_drywell_formal_C3_960_1440h_6h-00008.vtu
1014.0444444444445,C3,drywell_formal_C3_960_1440h_6h-00009.vtu,C3_drywell_formal_C3_960_1440h_6h-00009.vtu
1020.0444444444445,C3,drywell_formal_C3_960_1440h_6h-00010.vtu,C3_drywell_formal_C3_960_1440h_6h-00010.vtu
1026.0444444444445,C3,drywell_formal_C3_960_1440h_6h-00011.vtu,C3_drywell_formal_C3_960_1440h_6h-00011.vtu
1032.0444444444445,C3,drywell_formal_C3_960_1440h_6h-00012.vtu,C3_drywell_formal_C3_960_1440h_6h-00012.vtu
1038.0444444444445,C3,drywell_formal_C3_960_1440h_6h-00013.vtu,C3_drywell_formal_C3_960_1440h_6h-00013.vtu
1044.0444444444445,C3,drywell_formal_C3_960_1440h_6h-00014.vtu,C3_drywell_formal_C3_960_1440h_6h-00014.vtu
1050.0444444444445,C3,drywell_formal_C3_960_1440h_6h-00015.vtu,C3_drywell_formal_C3_960_1440h_6h-00015.vtu
1056.0444444444445,C3,drywell_formal_C3_960_1440h_6h-00016.vtu,C3_drywell_formal_C3_960_1440h_6h-00016.vtu
1062.0444444444445,C3,drywell_formal_C3_960_1440h_6h-00017.vtu,C3_drywell_formal_C3_960_1440h_6h-00017.vtu
1068.0444444444445,C3,drywell_formal_C3_960_1440h_6h-00018.vtu,C3_drywell_formal_C3_960_1440h_6h-00018.vtu
1074.0444444444445,C3,drywell_formal_C3_960_1440h_6h-00019.vtu,C3_drywell_formal_C3_960_1440h_6h-00019.vtu
1080.0444444444445,C3,drywell_formal_C3_960_1440h_6h-00020.vtu,C3_drywell_formal_C3_960_1440h_6h-00020.vtu
1086.0444444444445,C3,drywell_formal_C3_960_1440h_6h-00021.vtu,C3_drywell_formal_C3_960_1440h_6h-00021.vtu
1092.0444444444445,C3,drywell_formal_C3_960_1440h_6h-00022.vtu,C3_drywell_formal_C3_960_1440h_6h-00022.vtu
1098.0444444444445,C3,drywell_formal_C3_960_1440h_6h-00023.vtu,C3_drywell_formal_C3_960_1440h_6h-00023.vtu
1104.0444444444445,C3,drywell_formal_C3_960_1440h_6h-00024.vtu,C3_drywell_formal_C3_960_1440h_6h-00024.vtu
1110.0444444444445,C3,drywell_formal_C3_960_1440h_6h-00025.vtu,C3_drywell_formal_C3_960_1440h_6h-00025.vtu
1116.0444444444445,C3,drywell_formal_C3_960_1440h_6h-00026.vtu,C3_drywell_formal_C3_960_1440h_6h-00026.vtu
1122.0444444444445,C3,drywell_formal_C3_960_1440h_6h-00027.vtu,C3_drywell_formal_C3_960_1440h_6h-00027.vtu
1128.0444444444445,C3,drywell_formal_C3_960_1440h_6h-00028.vtu,C3_drywell_formal_C3_960_1440h_6h-00028.vtu
1134.0444444444445,C3,drywell_formal_C3_960_1440h_6h-00029.vtu,C3_drywell_formal_C3_960_1440h_6h-00029.vtu
1140.0444444444445,C3,drywell_formal_C3_960_1440h_6h-00030.vtu,C3_drywell_formal_C3_960_1440h_6h-00030.vtu
1146.0444444444445,C3,drywell_formal_C3_960_1440h_6h-00031.vtu,C3_drywell_formal_C3_960_1440h_6h-00031.vtu
1152.0444444444445,C3,drywell_formal_C3_960_1440h_6h-00032.vtu,C3_drywell_formal_C3_960_1440h_6h-00032.vtu
1158.0444444444445,C3,drywell_formal_C3_960_1440h_6h-00033.vtu,C3_drywell_formal_C3_960_1440h_6h-00033.vtu
1164.0444444444445,C3,drywell_formal_C3_960_1440h_6h-00034.vtu,C3_drywell_formal_C3_960_1440h_6h-00034.vtu
1170.0444444444445,C3,drywell_formal_C3_960_1440h_6h-00035.vtu,C3_drywell_formal_C3_960_1440h_6h-00035.vtu
1176.0444444444445,C3,drywell_formal_C3_960_1440h_6h-00036.vtu,C3_drywell_formal_C3_960_1440h_6h-00036.vtu
1182.0444444444445,C3,drywell_formal_C3_960_1440h_6h-00037.vtu,C3_drywell_formal_C3_960_1440h_6h-00037.vtu
1188.0444444444445,C3,drywell_formal_C3_960_1440h_6h-00038.vtu,C3_drywell_formal_C3_960_1440h_6h-00038.vtu
1194.0444444444445,C3,drywell_formal_C3_960_1440h_6h-00039.vtu,C3_drywell_formal_C3_960_1440h_6h-00039.vtu
1200.0444444444445,C3,drywell_formal_C3_960_1440h_6h-00040.vtu,C3_drywell_formal_C3_960_1440h_6h-00040.vtu
1206.0444444444445,C3,drywell_formal_C3_960_1440h_6h-00041.vtu,C3_drywell_formal_C3_960_1440h_6h-00041.vtu
1212.0444444444445,C3,drywell_formal_C3_960_1440h_6h-00042.vtu,C3_drywell_formal_C3_960_1440h_6h-00042.vtu
1218.0444444444445,C3,drywell_formal_C3_960_1440h_6h-00043.vtu,C3_drywell_formal_C3_960_1440h_6h-00043.vtu
1224.0444444444445,C3,drywell_formal_C3_960_1440h_6h-00044.vtu,C3_drywell_formal_C3_960_1440h_6h-00044.vtu
1230.0444444444445,C3,drywell_formal_C3_960_1440h_6h-00045.vtu,C3_drywell_formal_C3_960_1440h_6h-00045.vtu
1236.0527777777777,C3,drywell_formal_C3_960_1440h_6h-00046.vtu,C3_drywell_formal_C3_960_1440h_6h-00046.vtu
1242.0194444444444,C3,drywell_formal_C3_960_1440h_6h-00047.vtu,C3_drywell_formal_C3_960_1440h_6h-00047.vtu
1248.0027777777777,C3,drywell_formal_C3_960_1440h_6h-00048.vtu,C3_drywell_formal_C3_960_1440h_6h-00048.vtu
1254.0611111111111,C3,drywell_formal_C3_960_1440h_6h-00049.vtu,C3_drywell_formal_C3_960_1440h_6h-00049.vtu
1260.0472222222222,C3,drywell_formal_C3_960_1440h_6h-00050.vtu,C3_drywell_formal_C3_960_1440h_6h-00050.vtu
1266.075,C3,drywell_formal_C3_960_1440h_6h-00051.vtu,C3_drywell_formal_C3_960_1440h_6h-00051.vtu
1272.036111111111,C3,drywell_formal_C3_960_1440h_6h-00052.vtu,C3_drywell_formal_C3_960_1440h_6h-00052.vtu
1278.0944444444444,C3,drywell_formal_C3_960_1440h_6h-00053.vtu,C3_drywell_formal_C3_960_1440h_6h-00053.vtu
1284.0194444444444,C3,drywell_formal_C3_960_1440h_6h-00054.vtu,C3_drywell_formal_C3_960_1440h_6h-00054.vtu
1290.0472222222222,C3,drywell_formal_C3_960_1440h_6h-00055.vtu,C3_drywell_formal_C3_960_1440h_6h-00055.vtu
1296.0472222222222,C3,drywell_formal_C3_960_1440h_6h-00056.vtu,C3_drywell_formal_C3_960_1440h_6h-00056.vtu
1302.0472222222222,C3,drywell_formal_C3_960_1440h_6h-00057.vtu,C3_drywell_formal_C3_960_1440h_6h-00057.vtu
1308.0472222222222,C3,drywell_formal_C3_960_1440h_6h-00058.vtu,C3_drywell_formal_C3_960_1440h_6h-00058.vtu
1314.0472222222222,C3,drywell_formal_C3_960_1440h_6h-00059.vtu,C3_drywell_formal_C3_960_1440h_6h-00059.vtu
1320.0472222222222,C3,drywell_formal_C3_960_1440h_6h-00060.vtu,C3_drywell_formal_C3_960_1440h_6h-00060.vtu
1326.0472222222222,C3,drywell_formal_C3_960_1440h_6h-00061.vtu,C3_drywell_formal_C3_960_1440h_6h-00061.vtu
1332.0194444444444,C3,drywell_formal_C3_960_1440h_6h-00062.vtu,C3_drywell_formal_C3_960_1440h_6h-00062.vtu
1338.088888888889,C3,drywell_formal_C3_960_1440h_6h-00063.vtu,C3_drywell_formal_C3_960_1440h_6h-00063.vtu
1344.088888888889,C3,drywell_formal_C3_960_1440h_6h-00064.vtu,C3_drywell_formal_C3_960_1440h_6h-00064.vtu
1350.088888888889,C3,drywell_formal_C3_960_1440h_6h-00065.vtu,C3_drywell_formal_C3_960_1440h_6h-00065.vtu
1356.0388888888888,C3,drywell_formal_C3_960_1440h_6h-00066.vtu,C3_drywell_formal_C3_960_1440h_6h-00066.vtu
1362.0388888888888,C3,drywell_formal_C3_960_1440h_6h-00067.vtu,C3_drywell_formal_C3_960_1440h_6h-00067.vtu
1368.0388888888888,C3,drywell_formal_C3_960_1440h_6h-00068.vtu,C3_drywell_formal_C3_960_1440h_6h-00068.vtu
1374.0388888888888,C3,drywell_formal_C3_960_1440h_6h-00069.vtu,C3_drywell_formal_C3_960_1440h_6h-00069.vtu
1380.0388888888888,C3,drywell_formal_C3_960_1440h_6h-00070.vtu,C3_drywell_formal_C3_960_1440h_6h-00070.vtu
1386.0388888888888,C3,drywell_formal_C3_960_1440h_6h-00071.vtu,C3_drywell_formal_C3_960_1440h_6h-00071.vtu
1392.025,C3,drywell_formal_C3_960_1440h_6h-00072.vtu,C3_drywell_formal_C3_960_1440h_6h-00072.vtu
1398.025,C3,drywell_formal_C3_960_1440h_6h-00073.vtu,C3_drywell_formal_C3_960_1440h_6h-00073.vtu
1404.0472222222222,C3,drywell_formal_C3_960_1440h_6h-00074.vtu,C3_drywell_formal_C3_960_1440h_6h-00074.vtu
1410.0638888888889,C3,drywell_formal_C3_960_1440h_6h-00075.vtu,C3_drywell_formal_C3_960_1440h_6h-00075.vtu
1416.0694444444443,C3,drywell_formal_C3_960_1440h_6h-00076.vtu,C3_drywell_formal_C3_960_1440h_6h-00076.vtu
1422.0694444444443,C3,drywell_formal_C3_960_1440h_6h-00077.vtu,C3_drywell_formal_C3_960_1440h_6h-00077.vtu
1428.0694444444443,C3,drywell_formal_C3_960_1440h_6h-00078.vtu,C3_drywell_formal_C3_960_1440h_6h-00078.vtu
1434.0694444444443,C3,drywell_formal_C3_960_1440h_6h-00079.vtu,C3_drywell_formal_C3_960_1440h_6h-00079.vtu
1440.0,C3,drywell_formal_C3_960_1440h_6h-00080.vtu,C3_drywell_formal_C3_960_1440h_6h-00080.vtu
