absolute_time_s,absolute_time_h,cycle2_elapsed_h,gross_injection_rate_m3_s,gross_injection_rate_m3_h,cycle2_cumulative_injection_m3
864000.000000000,240.000000000,0.000000000,0.000000000000e+00,0.000000000,0.000000000
867648.000000000,241.013333333,1.013333333,6.145633614014e-03,22.124281010,11.209635712
871227.000000000,242.007500000,2.007500000,5.037032937073e-03,18.133318573,31.221017505
874827.000000000,243.007500000,3.007500000,4.593029750965e-03,16.534907103,48.555130344
878735.000000000,244.093055556,4.093055556,4.316357464325e-03,15.538886872,65.964072962
882000.000000000,245.000000000,5.000000000,4.167440992120e-03,15.002787572,79.813873942
885868.000000000,246.074444444,6.074444444,4.019242913919e-03,14.469274490,95.646920617
889468.000000000,247.074444444,7.074444444,3.923844910768e-03,14.125841679,109.944478701
893068.000000000,248.074444444,8.074444444,3.845658927871e-03,13.844372140,123.929585611
896668.000000000,249.074444444,9.074444444,3.779135591891e-03,13.604888131,137.654215746
900268.000000000,250.074444444,10.074444444,3.722050289539e-03,13.399381042,151.156350333
903868.000000000,251.074444444,11.074444444,3.674979802130e-03,13.229927288,164.471004498
907468.000000000,252.074444444,12.074444444,3.634074456711e-03,13.082668044,177.627302164
911068.000000000,253.074444444,13.074444444,3.597283317128e-03,12.950219942,190.643746157
914668.000000000,254.074444444,14.074444444,3.560183189735e-03,12.816659483,203.527185869
918268.000000000,255.074444444,15.074444444,3.529884055528e-03,12.707582600,216.289306910
921868.000000000,256.074444444,16.074444444,3.503732517150e-03,12.613437062,228.949816741
925468.000000000,257.074444444,17.074444444,3.479763709391e-03,12.527149354,241.520109949
929068.000000000,258.074444444,18.074444444,3.455323877571e-03,12.439165959,254.003267606
932668.000000000,259.074444444,19.074444444,3.432545983694e-03,12.357165541,266.401433356
936268.000000000,260.074444444,20.074444444,3.411348892889e-03,12.280856014,278.720444134
939868.000000000,261.074444444,21.074444444,3.392029194402e-03,12.211305100,290.966524691
943468.000000000,262.074444444,22.074444444,3.373045605991e-03,12.142964182,303.143659332
947068.000000000,263.074444444,23.074444444,3.353646959852e-03,12.073129055,315.251705950
950668.000000000,264.074444444,24.074444444,3.335298008677e-03,12.007072831,327.291806893
954268.000000000,265.074444444,25.074444444,3.317961907259e-03,11.944662866,339.267674742
957868.000000000,266.074444444,26.074444444,3.301524378912e-03,11.885487764,351.182750057
961468.000000000,267.074444444,27.074444444,3.286230538779e-03,11.830429940,363.040708909
965068.000000000,268.074444444,28.074444444,3.270631181778e-03,11.774272254,374.843060006
968668.000000000,269.074444444,29.074444444,3.255212180002e-03,11.718763848,386.589578057
972268.000000000,270.074444444,30.074444444,3.239989536138e-03,11.663962330,398.280941146
975868.000000000,271.074444444,31.074444444,3.225162763061e-03,11.610585947,409.918215285
979468.000000000,272.074444444,32.074444444,3.210774215840e-03,11.558787177,421.502901847
983068.000000000,273.074444444,33.074444444,3.196384293433e-03,11.506983456,433.035787164
986668.000000000,274.074444444,34.074444444,3.182030976879e-03,11.455311517,444.516934650
990268.000000000,275.074444444,35.074444444,3.167946932865e-03,11.404608958,455.946894888
993868.000000000,276.074444444,36.074444444,3.153556845532e-03,11.352804644,467.325601689
997468.000000000,277.074444444,37.074444444,3.139647507943e-03,11.302731029,478.653369525
1001070.000000000,278.075000000,38.075000000,3.126319043091e-03,11.254748555,489.938375283
1004670.000000000,279.075000000,39.075000000,3.113317460167e-03,11.207942857,501.169720989
1008220.000000000,280.061111111,40.061111111,3.100502048241e-03,11.161807374,512.199250617
1011760.000000000,281.044444444,41.044444444,3.086703589259e-03,11.112132921,523.150604595
1015360.000000000,282.044444444,42.044444444,3.071900184882e-03,11.058840666,534.236091389
1018960.000000000,283.044444444,43.044444444,3.057955597036e-03,11.008640149,545.269831796
1022560.000000000,284.044444444,44.044444444,3.044185652712e-03,10.959068350,556.253686046
1026160.000000000,285.044444444,45.044444444,3.030756331929e-03,10.910722795,567.188581618
1029760.000000000,286.044444444,46.044444444,3.017594062982e-03,10.863338627,578.075612329
1033360.000000000,287.044444444,47.044444444,3.004484756205e-03,10.816145122,588.915354203
1036960.000000000,288.044444444,48.044444444,2.991538672078e-03,10.769539219,599.708196374
1040560.000000000,289.044444444,49.044444444,2.978759587402e-03,10.723534515,610.454733241
1044160.000000000,290.044444444,50.044444444,2.966343839723e-03,10.678837823,621.155919410
1047760.000000000,291.044444444,51.044444444,2.954115967173e-03,10.634817482,631.812747063
1051360.000000000,292.044444444,52.044444444,2.942133459557e-03,10.591680454,642.425996031
1054960.000000000,293.044444444,53.044444444,2.930638084752e-03,10.550297105,652.996984810
1058560.000000000,294.044444444,54.044444444,2.919550991075e-03,10.510383568,663.527325147
1062160.000000000,295.044444444,55.044444444,2.908774107495e-03,10.471586787,674.018310324
1065760.000000000,296.044444444,56.044444444,2.898115497400e-03,10.433215791,684.470711613
1069360.000000000,297.044444444,57.044444444,2.887426444807e-03,10.394735201,694.884687109
1072960.000000000,298.044444444,58.044444444,2.876788245183e-03,10.356437683,705.260273551
1076560.000000000,299.044444444,59.044444444,2.866148477181e-03,10.318134518,715.597559651
1080160.000000000,300.044444444,60.044444444,2.855420092180e-03,10.279512332,725.896383076
1083760.000000000,301.044444444,61.044444444,2.844797724338e-03,10.241271808,736.156775146
1087360.000000000,302.044444444,62.044444444,2.834246798078e-03,10.203288473,746.379055286
1090960.000000000,303.044444444,63.044444444,2.823858368013e-03,10.165890125,756.563644585
1094560.000000000,304.044444444,64.044444444,2.813381134939e-03,10.128172086,766.710675691
1098160.000000000,305.044444444,65.044444444,2.802647247780e-03,10.089530092,776.819526779
1101760.000000000,306.044444444,66.044444444,2.791728355945e-03,10.050222081,786.889402866
1105360.000000000,307.044444444,67.044444444,2.780765307068e-03,10.010755105,796.919891460
1108910.000000000,308.030555556,68.030555556,2.769769759009e-03,9.971171132,806.772091202
1112510.000000000,309.030555556,69.030555556,2.758547608683e-03,9.930771391,816.723062464
1116110.000000000,310.030555556,70.030555556,2.747283347991e-03,9.890220053,826.633558186
1119710.000000000,311.030555556,71.030555556,2.736103578167e-03,9.849972881,836.503654653
1123310.000000000,312.030555556,72.030555556,2.725109070835e-03,9.810392655,846.333837421
1126910.000000000,313.030555556,73.030555556,2.714363204859e-03,9.771707537,856.124887517
1130510.000000000,314.030555556,74.030555556,2.703914666008e-03,9.734092798,865.877787685
1134110.000000000,315.030555556,75.030555556,2.693501440934e-03,9.696605187,875.593136677
1137710.000000000,316.030555556,76.030555556,2.683256616243e-03,9.659723818,885.271301180
1141310.000000000,317.030555556,77.030555556,2.672946205207e-03,9.622606339,894.912466259
1144910.000000000,318.030555556,78.030555556,2.662789528162e-03,9.586042301,904.516790579
1148510.000000000,319.030555556,79.030555556,2.652284036149e-03,9.548222530,914.083922995
1152110.000000000,320.030555556,80.030555556,2.641495273751e-03,9.509382986,923.612725753
1155710.000000000,321.030555556,81.030555556,2.630754375093e-03,9.470715750,933.102775120
1159310.000000000,322.030555556,82.030555556,2.619792984205e-03,9.431254743,942.553760367
1162910.000000000,323.030555556,83.030555556,2.608804527772e-03,9.391696300,951.965235889
1166510.000000000,324.030555556,84.030555556,2.597715306093e-03,9.351775102,961.336971590
1170110.000000000,325.030555556,85.030555556,2.586838135111e-03,9.312617286,970.669167784
1173710.000000000,326.030555556,86.030555556,2.576025784026e-03,9.273692822,979.962322838
1177310.000000000,327.030555556,87.030555556,2.565474749458e-03,9.235709098,989.217023799
1180910.000000000,328.030555556,88.030555556,2.555226235651e-03,9.198814448,998.434285572
1184510.000000000,329.030555556,89.030555556,2.545236719877e-03,9.162852192,1007.615118892
1188110.000000000,330.030555556,90.030555556,2.535573307527e-03,9.128063907,1016.760576941
1191710.000000000,331.030555556,91.030555556,2.525894320005e-03,9.093219552,1025.871218671
1195310.000000000,332.030555556,92.030555556,2.516454313016e-03,9.059235527,1034.947446210
1198910.000000000,333.030555556,93.030555556,2.507425174381e-03,9.026730628,1043.990429287
1202510.000000000,334.030555556,94.030555556,2.498897371761e-03,8.996030538,1053.001809870
1206110.000000000,335.030555556,95.030555556,2.490668192554e-03,8.966405493,1061.983027886
1209600.000000000,336.000000000,96.000000000,2.483105131885e-03,8.939178475,1070.662262337
1213510.000000000,337.086111111,97.086111111,2.475064456167e-03,8.910232042,1080.355483882
1217110.000000000,338.086111111,98.086111111,2.468093023398e-03,8.885134884,1089.253167345
1220710.000000000,339.086111111,99.086111111,2.461511582558e-03,8.861441697,1098.126455636
1224310.000000000,340.086111111,100.086111111,2.455210378201e-03,8.838757362,1106.976555165
1227600.000000000,341.000000000,101.000000000,2.449637292349e-03,8.818694252,1115.045029583
1231450.000000000,342.069444444,102.069444444,2.443335163995e-03,8.796006590,1124.464001562
1235050.000000000,343.069444444,103.069444444,2.437556721938e-03,8.775204199,1133.249606956
1238650.000000000,344.069444444,104.069444444,2.431902129316e-03,8.754847666,1142.014632889
1242250.000000000,345.069444444,105.069444444,2.426447189670e-03,8.735209883,1150.759661663
1245850.000000000,346.069444444,106.069444444,2.421080482451e-03,8.715889737,1159.485211473
1249450.000000000,347.069444444,107.069444444,2.415800526803e-03,8.696881896,1168.191597289
1253050.000000000,348.069444444,108.069444444,2.410587199560e-03,8.678113918,1176.879095197
1256650.000000000,349.069444444,109.069444444,2.405509141787e-03,8.659832910,1185.548068611
1260250.000000000,350.069444444,110.069444444,2.400383483242e-03,8.641380540,1194.198675336
1263850.000000000,351.069444444,111.069444444,2.395302068842e-03,8.623087448,1202.830909330
1267450.000000000,352.069444444,112.069444444,2.390241849287e-03,8.604870657,1211.444888383
1271050.000000000,353.069444444,113.069444444,2.385208674121e-03,8.586751227,1220.040699325
1274650.000000000,354.069444444,114.069444444,2.380169037143e-03,8.568608534,1228.618379205
1278250.000000000,355.069444444,115.069444444,2.375212003505e-03,8.550763213,1237.178065078
1281850.000000000,356.069444444,116.069444444,2.370281305248e-03,8.533012699,1245.719953034
1285450.000000000,357.069444444,117.069444444,2.365425702779e-03,8.515532530,1254.244225648
1289050.000000000,358.069444444,118.069444444,2.360683437951e-03,8.498460377,1262.751222102
1292650.000000000,359.069444444,119.069444444,2.356087149171e-03,8.481913737,1271.241409159
1296250.000000000,360.069444444,120.069444444,2.351596221724e-03,8.465746398,1279.715239226
1299850.000000000,361.069444444,121.069444444,2.347183313738e-03,8.449859929,1288.173042390
1303450.000000000,362.069444444,122.069444444,2.342841004716e-03,8.434227617,1296.615086163
1307050.000000000,363.069444444,123.069444444,2.338597606513e-03,8.418951383,1305.041675663
1310650.000000000,364.069444444,124.069444444,2.334477630472e-03,8.404119470,1313.453211090
1314250.000000000,365.069444444,125.069444444,2.330401349397e-03,8.389444858,1321.849993254
1317850.000000000,366.069444444,126.069444444,2.326414640471e-03,8.375092706,1330.232262036
1321450.000000000,367.069444444,127.069444444,2.322462466867e-03,8.360864881,1338.600240829
1325050.000000000,368.069444444,128.069444444,2.318654253930e-03,8.347155314,1346.954250926
1328650.000000000,369.069444444,129.069444444,2.314890996657e-03,8.333607588,1355.294632377
1332250.000000000,370.069444444,130.069444444,2.311193805046e-03,8.320297698,1363.621585020
1335850.000000000,371.069444444,131.069444444,2.307628903591e-03,8.307464053,1371.935465896
1339450.000000000,372.069444444,132.069444444,2.304084375285e-03,8.294703751,1380.236549798
1343050.000000000,373.069444444,133.069444444,2.300656204547e-03,8.282362336,1388.525082842
1346650.000000000,374.069444444,134.069444444,2.297232858681e-03,8.270038291,1396.801283155
1350250.000000000,375.069444444,135.069444444,2.293915438410e-03,8.258095578,1405.065350090
1353850.000000000,376.069444444,136.069444444,2.290647927860e-03,8.246332540,1413.317564149
1357450.000000000,377.069444444,137.069444444,2.287448188320e-03,8.234813478,1421.558137159
1361050.000000000,378.069444444,138.069444444,2.284372573137e-03,8.223741263,1429.787414529
1364650.000000000,379.069444444,139.069444444,2.281407484689e-03,8.213066945,1438.005818633
1368250.000000000,380.069444444,140.069444444,2.278452998109e-03,8.202430793,1446.213567502
1371850.000000000,381.069444444,141.069444444,2.275611927981e-03,8.192202941,1454.410884369
1375450.000000000,382.069444444,142.069444444,2.272811141774e-03,8.182120110,1462.598045895
1379050.000000000,383.069444444,143.069444444,2.270078393554e-03,8.172282217,1470.775247058
1382650.000000000,384.069444444,144.069444444,2.267431260079e-03,8.162752536,1478.942764435
1386250.000000000,385.069444444,145.069444444,2.264828492125e-03,8.153382572,1487.100831989
1389850.000000000,386.069444444,146.069444444,2.262285977212e-03,8.144229518,1495.249638034
1393450.000000000,387.069444444,147.069444444,2.259787910403e-03,8.135236477,1503.389371031
1397050.000000000,388.069444444,148.069444444,2.257327221795e-03,8.126377998,1511.520178269
1400650.000000000,389.069444444,149.069444444,2.254888307235e-03,8.117597906,1519.642166222
1404250.000000000,390.069444444,150.069444444,2.252552457847e-03,8.109188848,1527.755559599
1407850.000000000,391.069444444,151.069444444,2.250205671154e-03,8.100740416,1535.860524231
1411450.000000000,392.069444444,152.069444444,2.247899081749e-03,8.092436694,1543.957112786
1415050.000000000,393.069444444,153.069444444,2.245634974433e-03,8.084285908,1552.045474087
1418650.000000000,394.069444444,154.069444444,2.243375541720e-03,8.076151950,1560.125693016
1422250.000000000,395.069444444,155.069444444,2.241174186945e-03,8.068227073,1568.197882528
1425850.000000000,396.069444444,156.069444444,2.238990720486e-03,8.060366594,1576.262179361
1429450.000000000,397.069444444,157.069444444,2.236844946563e-03,8.052641808,1584.318683562
1433050.000000000,398.069444444,158.069444444,2.234725501879e-03,8.045011807,1592.367510369
1436650.000000000,399.069444444,159.069444444,2.232638390707e-03,8.037498207,1600.408765376
1440250.000000000,400.069444444,160.069444444,2.230545527629e-03,8.029963899,1608.442496429
1443850.000000000,401.069444444,161.069444444,2.228562402389e-03,8.022824649,1616.468890703
1447450.000000000,402.069444444,162.069444444,2.226499813595e-03,8.015399329,1624.488002692
1451050.000000000,403.069444444,163.069444444,2.224606616311e-03,8.008583819,1632.499994266
1454650.000000000,404.069444444,164.069444444,2.222679117108e-03,8.001644822,1640.505108586
1458250.000000000,405.069444444,165.069444444,2.220769439426e-03,7.994769982,1648.503315987
1461850.000000000,406.069444444,166.069444444,2.218889916486e-03,7.988003699,1656.494702828
1465450.000000000,407.069444444,167.069444444,2.217042347324e-03,7.981352450,1664.479380903
1469050.000000000,408.069444444,168.069444444,2.215222178838e-03,7.974799844,1672.457457050
1472650.000000000,409.069444444,169.069444444,2.213443765361e-03,7.968397555,1680.429055750
1476250.000000000,410.069444444,170.069444444,2.211690946070e-03,7.962087406,1688.394298230
1479850.000000000,411.069444444,171.069444444,2.209951430305e-03,7.955825149,1696.353254508
1483450.000000000,412.069444444,172.069444444,2.208238994394e-03,7.949660380,1704.305997272
1487050.000000000,413.069444444,173.069444444,2.206570921857e-03,7.943655319,1712.252655121
1490650.000000000,414.069444444,174.069444444,2.204968004361e-03,7.937884816,1720.193425189
1494250.000000000,415.069444444,175.069444444,2.203379465894e-03,7.932166077,1728.128450635
1497850.000000000,416.069444444,176.069444444,2.201832038307e-03,7.926595338,1736.057831343
1501450.000000000,417.069444444,177.069444444,2.200314562836e-03,7.921132426,1743.981695225
1505050.000000000,418.069444444,178.069444444,2.198824395792e-03,7.915767825,1751.900145350
1508650.000000000,419.069444444,179.069444444,2.197364349270e-03,7.910511657,1759.813285091
1512250.000000000,420.069444444,180.069444444,2.195938231176e-03,7.905377632,1767.721229736
1515850.000000000,421.069444444,181.069444444,2.194541706403e-03,7.900350143,1775.624093624
1519450.000000000,422.069444444,182.069444444,2.193175446877e-03,7.895431609,1783.521984500
1523050.000000000,423.069444444,183.069444444,2.191833319950e-03,7.890599952,1791.415000280
1526650.000000000,424.069444444,184.069444444,2.190542685285e-03,7.885953667,1799.303277089
1530250.000000000,425.069444444,185.069444444,2.189267235595e-03,7.881362048,1807.186934947
1533850.000000000,426.069444444,186.069444444,2.188017039462e-03,7.876861342,1815.066046642
1537450.000000000,427.069444444,187.069444444,2.186800799250e-03,7.872482877,1822.940718752
1541050.000000000,428.069444444,188.069444444,2.185607170060e-03,7.868185812,1830.811053096
1544650.000000000,429.069444444,189.069444444,2.184440004157e-03,7.863984015,1838.677138010
1548250.000000000,430.069444444,190.069444444,2.183288353429e-03,7.859838072,1846.539049054
1551850.000000000,431.069444444,191.069444444,2.182165480963e-03,7.855795731,1854.396865956
1555450.000000000,432.069444444,192.069444444,2.181067143499e-03,7.851841717,1862.250684680
1559050.000000000,433.069444444,193.069444444,2.179992384640e-03,7.847972585,1870.100591830
1562650.000000000,434.069444444,194.069444444,2.178938983368e-03,7.844180340,1877.946668293
1566250.000000000,435.069444444,195.069444444,2.177903362190e-03,7.840452104,1885.788984515
1569850.000000000,436.069444444,196.069444444,2.176890796700e-03,7.836806868,1893.627614001
1573450.000000000,437.069444444,197.069444444,2.175899514120e-03,7.833238251,1901.462636560
1577050.000000000,438.069444444,198.069444444,2.174929897597e-03,7.829747631,1909.294129501
1580650.000000000,439.069444444,199.069444444,2.173980257846e-03,7.826328928,1917.122167781
1584250.000000000,440.069444444,200.069444444,2.173044030742e-03,7.822958511,1924.946811501
1587850.000000000,441.069444444,201.069444444,2.172132809533e-03,7.819678114,1932.768129813
1591450.000000000,442.069444444,202.069444444,2.171245507800e-03,7.816483828,1940.586210784
1595050.000000000,443.069444444,203.069444444,2.170372977948e-03,7.813342721,1948.401124059
1598650.000000000,444.069444444,204.069444444,2.169508554840e-03,7.810230797,1956.212910818
1602250.000000000,445.069444444,205.069444444,2.168666086827e-03,7.807197913,1964.021625173
1605850.000000000,446.069444444,206.069444444,2.167848909146e-03,7.804256073,1971.827352165
1609450.000000000,447.069444444,207.069444444,2.167046451812e-03,7.801367227,1979.630163815
1613050.000000000,448.069444444,208.069444444,2.166262470178e-03,7.798544893,1987.430119875
1616650.000000000,449.069444444,209.069444444,2.165494123294e-03,7.795778844,1995.227281743
1620250.000000000,450.069444444,210.069444444,2.164730459804e-03,7.793029655,2003.021685992
1623850.000000000,451.069444444,211.069444444,2.163988347204e-03,7.790358050,2010.813379845
1627450.000000000,452.069444444,212.069444444,2.163255674683e-03,7.787720429,2018.602419084
1631050.000000000,453.069444444,213.069444444,2.162537796938e-03,7.785136069,2026.388847333
1634650.000000000,454.069444444,214.069444444,2.161843863546e-03,7.782637909,2034.172734322
1638250.000000000,455.069444444,215.069444444,2.161167726135e-03,7.780203814,2041.954155184
1641850.000000000,456.069444444,216.069444444,2.160494991454e-03,7.777781969,2049.733148075
1645450.000000000,457.069444444,217.069444444,2.159832316442e-03,7.775396339,2057.509737230
1649050.000000000,458.069444444,218.069444444,2.159185451390e-03,7.773067625,2065.283969212
1652650.000000000,459.069444444,219.069444444,2.158554216188e-03,7.770795178,2073.055900613
1656250.000000000,460.069444444,220.069444444,2.157942285636e-03,7.768592228,2080.825594317
1659850.000000000,461.069444444,221.069444444,2.157342650105e-03,7.766433540,2088.593107201
1663450.000000000,462.069444444,222.069444444,2.156747683896e-03,7.764291662,2096.358469802
1667050.000000000,463.069444444,223.069444444,2.156173479827e-03,7.762224527,2104.121727897
1670650.000000000,464.069444444,224.069444444,2.155613009387e-03,7.760206834,2111.882943577
1674250.000000000,465.069444444,225.069444444,2.155060887728e-03,7.758219196,2119.642156592
1677850.000000000,466.069444444,226.069444444,2.154526142197e-03,7.756294112,2127.399413246
1681450.000000000,467.069444444,227.069444444,2.153997878785e-03,7.754392364,2135.154756484
1685050.000000000,468.069444444,228.069444444,2.153483453722e-03,7.752540433,2142.908222882
1688650.000000000,469.069444444,229.069444444,2.152978975702e-03,7.750724313,2150.659855255
1692250.000000000,470.069444444,230.069444444,2.152474916118e-03,7.748909698,2158.409672261
1695850.000000000,471.069444444,231.069444444,2.152006951516e-03,7.747225025,2166.157739622
1699450.000000000,472.069444444,232.069444444,2.151539034235e-03,7.745540523,2173.904122397
1703050.000000000,473.069444444,233.069444444,2.151082245041e-03,7.743896082,2181.648840699
1706650.000000000,474.069444444,234.069444444,2.150639558316e-03,7.742302410,2189.391939945
1710250.000000000,475.069444444,235.069444444,2.150202644368e-03,7.740729520,2197.133455910
1713850.000000000,476.069444444,236.069444444,2.149780210199e-03,7.739208757,2204.873425048
1717450.000000000,477.069444444,237.069444444,2.149367817203e-03,7.737724142,2212.611891498
1721050.000000000,478.069444444,238.069444444,2.148957276928e-03,7.736246197,2220.348876667
1724650.000000000,479.069444444,239.069444444,2.148559681944e-03,7.734814855,2228.084407193
1728000.000000000,480.000000000,240.000000000,2.148204167307e-03,7.733535002,2235.281486641
