index,nominal_time_h,actual_time_h,offset_min,final_vtu,source_note
0,0.000000000000,0.000000000000,0.000000000,floodmar_equalVolume_60d_t0000h_0000.vtu,existing_0_576
1,6.000000000000,6.054888888889,3.293333333,floodmar_equalVolume_60d_t0006h_0001.vtu,existing_0_576
2,12.000000000000,12.004833333333,0.290000000,floodmar_equalVolume_60d_t0012h_0002.vtu,existing_0_576
3,18.000000000000,18.004833333333,0.290000000,floodmar_equalVolume_60d_t0018h_0003.vtu,existing_0_576
4,24.000000000000,24.004833333333,0.290000000,floodmar_equalVolume_60d_t0024h_0004.vtu,existing_0_576
5,30.000000000000,30.004722222222,0.283333333,floodmar_equalVolume_60d_t0030h_0005.vtu,existing_0_576
6,36.000000000000,36.004722222222,0.283333333,floodmar_equalVolume_60d_t0036h_0006.vtu,existing_0_576
7,42.000000000000,42.004722222222,0.283333333,floodmar_equalVolume_60d_t0042h_0007.vtu,existing_0_576
8,48.000000000000,48.004722222222,0.283333333,floodmar_equalVolume_60d_t0048h_0008.vtu,existing_0_576
9,54.000000000000,54.004722222222,0.283333333,floodmar_equalVolume_60d_t0054h_0009.vtu,existing_0_576
10,60.000000000000,60.004722222222,0.283333333,floodmar_equalVolume_60d_t0060h_0010.vtu,existing_0_576
11,66.000000000000,66.004722222222,0.283333333,floodmar_equalVolume_60d_t0066h_0011.vtu,existing_0_576
12,72.000000000000,72.004722222222,0.283333333,floodmar_equalVolume_60d_t0072h_0012.vtu,existing_0_576
13,78.000000000000,78.004722222222,0.283333333,floodmar_equalVolume_60d_t0078h_0013.vtu,existing_0_576
14,84.000000000000,84.004722222222,0.283333333,floodmar_equalVolume_60d_t0084h_0014.vtu,existing_0_576
15,90.000000000000,90.004722222222,0.283333333,floodmar_equalVolume_60d_t0090h_0015.vtu,existing_0_576
16,96.000000000000,96.000000000000,0.000000000,floodmar_equalVolume_60d_t0096h_0016.vtu,existing_0_576
17,102.000000000000,102.035555555556,2.133333333,floodmar_equalVolume_60d_t0102h_0017.vtu,existing_0_576
18,108.000000000000,108.015833333333,0.950000000,floodmar_equalVolume_60d_t0108h_0018.vtu,existing_0_576
19,114.000000000000,114.003888888889,0.233333333,floodmar_equalVolume_60d_t0114h_0019.vtu,existing_0_576
20,120.000000000000,120.006388888889,0.383333333,floodmar_equalVolume_60d_t0120h_0020.vtu,existing_0_576
21,126.000000000000,126.001944444444,0.116666667,floodmar_equalVolume_60d_t0126h_0021.vtu,existing_0_576
22,132.000000000000,132.079444444444,4.766666667,floodmar_equalVolume_60d_t0132h_0022.vtu,existing_0_576
23,138.000000000000,138.008888888889,0.533333333,floodmar_equalVolume_60d_t0138h_0023.vtu,existing_0_576
24,144.000000000000,144.044444444444,2.666666667,floodmar_equalVolume_60d_t0144h_0024.vtu,existing_0_576
25,150.000000000000,150.087222222222,5.233333333,floodmar_equalVolume_60d_t0150h_0025.vtu,existing_0_576
26,156.000000000000,156.077777777778,4.666666667,floodmar_equalVolume_60d_t0156h_0026.vtu,existing_0_576
27,162.000000000000,162.040000000000,2.400000000,floodmar_equalVolume_60d_t0162h_0027.vtu,existing_0_576
28,168.000000000000,168.040000000000,2.400000000,floodmar_equalVolume_60d_t0168h_0028.vtu,existing_0_576
29,174.000000000000,174.040000000000,2.400000000,floodmar_equalVolume_60d_t0174h_0029.vtu,existing_0_576
30,180.000000000000,180.025833333333,1.550000000,floodmar_equalVolume_60d_t0180h_0030.vtu,existing_0_576
31,186.000000000000,186.025833333333,1.550000000,floodmar_equalVolume_60d_t0186h_0031.vtu,existing_0_576
32,192.000000000000,192.011388888889,0.683333333,floodmar_equalVolume_60d_t0192h_0032.vtu,existing_0_576
33,198.000000000000,198.097222222222,5.833333333,floodmar_equalVolume_60d_t0198h_0033.vtu,existing_0_576
34,204.000000000000,204.097222222222,5.833333333,floodmar_equalVolume_60d_t0204h_0034.vtu,existing_0_576
35,210.000000000000,210.097222222222,5.833333333,floodmar_equalVolume_60d_t0210h_0035.vtu,existing_0_576
36,216.000000000000,216.097222222222,5.833333333,floodmar_equalVolume_60d_t0216h_0036.vtu,existing_0_576
37,222.000000000000,222.097222222222,5.833333333,floodmar_equalVolume_60d_t0222h_0037.vtu,existing_0_576
38,228.000000000000,228.097222222222,5.833333333,floodmar_equalVolume_60d_t0228h_0038.vtu,existing_0_576
39,234.000000000000,234.097222222222,5.833333333,floodmar_equalVolume_60d_t0234h_0039.vtu,existing_0_576
40,240.000000000000,240.097222222222,5.833333333,floodmar_equalVolume_60d_t0240h_0040.vtu,existing_0_576
41,246.000000000000,246.097222222222,5.833333333,floodmar_equalVolume_60d_t0246h_0041.vtu,existing_0_576
42,252.000000000000,252.097222222222,5.833333333,floodmar_equalVolume_60d_t0252h_0042.vtu,existing_0_576
43,258.000000000000,258.097222222222,5.833333333,floodmar_equalVolume_60d_t0258h_0043.vtu,existing_0_576
44,264.000000000000,264.097222222222,5.833333333,floodmar_equalVolume_60d_t0264h_0044.vtu,existing_0_576
45,270.000000000000,270.097222222222,5.833333333,floodmar_equalVolume_60d_t0270h_0045.vtu,existing_0_576
46,276.000000000000,276.097222222222,5.833333333,floodmar_equalVolume_60d_t0276h_0046.vtu,existing_0_576
47,282.000000000000,282.097222222222,5.833333333,floodmar_equalVolume_60d_t0282h_0047.vtu,existing_0_576
48,288.000000000000,288.097222222222,5.833333333,floodmar_equalVolume_60d_t0288h_0048.vtu,existing_0_576
49,294.000000000000,294.097222222222,5.833333333,floodmar_equalVolume_60d_t0294h_0049.vtu,existing_0_576
50,300.000000000000,300.097222222222,5.833333333,floodmar_equalVolume_60d_t0300h_0050.vtu,existing_0_576
51,306.000000000000,306.097222222222,5.833333333,floodmar_equalVolume_60d_t0306h_0051.vtu,existing_0_576
52,312.000000000000,312.097222222222,5.833333333,floodmar_equalVolume_60d_t0312h_0052.vtu,existing_0_576
53,318.000000000000,318.097222222222,5.833333333,floodmar_equalVolume_60d_t0318h_0053.vtu,existing_0_576
54,324.000000000000,324.097222222222,5.833333333,floodmar_equalVolume_60d_t0324h_0054.vtu,existing_0_576
55,330.000000000000,330.097222222222,5.833333333,floodmar_equalVolume_60d_t0330h_0055.vtu,existing_0_576
56,336.000000000000,336.097222222222,5.833333333,floodmar_equalVolume_60d_t0336h_0056.vtu,existing_0_576
57,342.000000000000,342.097222222222,5.833333333,floodmar_equalVolume_60d_t0342h_0057.vtu,existing_0_576
58,348.000000000000,348.097222222222,5.833333333,floodmar_equalVolume_60d_t0348h_0058.vtu,existing_0_576
59,354.000000000000,354.097222222222,5.833333333,floodmar_equalVolume_60d_t0354h_0059.vtu,existing_0_576
60,360.000000000000,360.097222222222,5.833333333,floodmar_equalVolume_60d_t0360h_0060.vtu,existing_0_576
61,366.000000000000,366.097222222222,5.833333333,floodmar_equalVolume_60d_t0366h_0061.vtu,existing_0_576
62,372.000000000000,372.097222222222,5.833333333,floodmar_equalVolume_60d_t0372h_0062.vtu,existing_0_576
63,378.000000000000,378.097222222222,5.833333333,floodmar_equalVolume_60d_t0378h_0063.vtu,existing_0_576
64,384.000000000000,384.097222222222,5.833333333,floodmar_equalVolume_60d_t0384h_0064.vtu,existing_0_576
65,390.000000000000,390.097222222222,5.833333333,floodmar_equalVolume_60d_t0390h_0065.vtu,existing_0_576
66,396.000000000000,396.097222222222,5.833333333,floodmar_equalVolume_60d_t0396h_0066.vtu,existing_0_576
67,402.000000000000,402.097222222222,5.833333333,floodmar_equalVolume_60d_t0402h_0067.vtu,existing_0_576
68,408.000000000000,408.097222222222,5.833333333,floodmar_equalVolume_60d_t0408h_0068.vtu,existing_0_576
69,414.000000000000,414.097222222222,5.833333333,floodmar_equalVolume_60d_t0414h_0069.vtu,existing_0_576
70,420.000000000000,420.097222222222,5.833333333,floodmar_equalVolume_60d_t0420h_0070.vtu,existing_0_576
71,426.000000000000,426.097222222222,5.833333333,floodmar_equalVolume_60d_t0426h_0071.vtu,existing_0_576
72,432.000000000000,432.097222222222,5.833333333,floodmar_equalVolume_60d_t0432h_0072.vtu,existing_0_576
73,438.000000000000,438.097222222222,5.833333333,floodmar_equalVolume_60d_t0438h_0073.vtu,existing_0_576
74,444.000000000000,444.097222222222,5.833333333,floodmar_equalVolume_60d_t0444h_0074.vtu,existing_0_576
75,450.000000000000,450.097222222222,5.833333333,floodmar_equalVolume_60d_t0450h_0075.vtu,existing_0_576
76,456.000000000000,456.097222222222,5.833333333,floodmar_equalVolume_60d_t0456h_0076.vtu,existing_0_576
77,462.000000000000,462.097222222222,5.833333333,floodmar_equalVolume_60d_t0462h_0077.vtu,existing_0_576
78,468.000000000000,468.097222222222,5.833333333,floodmar_equalVolume_60d_t0468h_0078.vtu,existing_0_576
79,474.000000000000,474.097222222222,5.833333333,floodmar_equalVolume_60d_t0474h_0079.vtu,existing_0_576
80,480.000000000000,480.000000000000,0.000000000,floodmar_equalVolume_60d_t0480h_0080.vtu,existing_0_576
81,486.000000000000,486.002777777778,0.166666667,floodmar_equalVolume_60d_t0486h_0081.vtu,existing_0_576
82,492.000000000000,492.069444444444,4.166666667,floodmar_equalVolume_60d_t0492h_0082.vtu,existing_0_576
83,498.000000000000,498.061111111111,3.666666667,floodmar_equalVolume_60d_t0498h_0083.vtu,existing_0_576
84,504.000000000000,504.061111111111,3.666666667,floodmar_equalVolume_60d_t0504h_0084.vtu,existing_0_576
85,510.000000000000,510.061111111111,3.666666667,floodmar_equalVolume_60d_t0510h_0085.vtu,existing_0_576
86,516.000000000000,516.061111111111,3.666666667,floodmar_equalVolume_60d_t0516h_0086.vtu,existing_0_576
87,522.000000000000,522.061111111111,3.666666667,floodmar_equalVolume_60d_t0522h_0087.vtu,existing_0_576
88,528.000000000000,528.061111111111,3.666666667,floodmar_equalVolume_60d_t0528h_0088.vtu,existing_0_576
89,534.000000000000,534.061111111111,3.666666667,floodmar_equalVolume_60d_t0534h_0089.vtu,existing_0_576
90,540.000000000000,540.061111111111,3.666666667,floodmar_equalVolume_60d_t0540h_0090.vtu,existing_0_576
91,546.000000000000,546.061111111111,3.666666667,floodmar_equalVolume_60d_t0546h_0091.vtu,existing_0_576
92,552.000000000000,552.061111111111,3.666666667,floodmar_equalVolume_60d_t0552h_0092.vtu,existing_0_576
93,558.000000000000,558.061111111111,3.666666667,floodmar_equalVolume_60d_t0558h_0093.vtu,existing_0_576
94,564.000000000000,564.061111111111,3.666666667,floodmar_equalVolume_60d_t0564h_0094.vtu,existing_0_576
95,570.000000000000,570.061111111111,3.666666667,floodmar_equalVolume_60d_t0570h_0095.vtu,existing_0_576
96,576.000000000000,576.061111111111,3.666666667,floodmar_equalVolume_60d_t0576h_0096.vtu,existing_0_576
97,582.000000000000,582.061111111111,3.666666667,floodmar_equalVolume_60d_t0582h_0097.vtu,mac_part1_final_C2
98,588.000000000000,588.097222222222,5.833333333,floodmar_equalVolume_60d_t0588h_0098.vtu,mac_part1_final_C2
99,594.000000000000,594.063888888889,3.833333333,floodmar_equalVolume_60d_t0594h_0099.vtu,mac_part1_final_C2
100,600.000000000000,600.091666666667,5.500000000,floodmar_equalVolume_60d_t0600h_0100.vtu,mac_part1_final_C2
101,606.000000000000,606.097222222222,5.833333333,floodmar_equalVolume_60d_t0606h_0101.vtu,mac_part1_final_C2
102,612.000000000000,612.116666666667,7.000000000,floodmar_equalVolume_60d_t0612h_0102.vtu,mac_part1_final_C2
103,618.000000000000,618.088888888889,5.333333333,floodmar_equalVolume_60d_t0618h_0103.vtu,mac_part1_final_C2
104,624.000000000000,624.111111111111,6.666666667,floodmar_equalVolume_60d_t0624h_0104.vtu,mac_part1_final_C2
105,630.000000000000,630.108333333333,6.500000000,floodmar_equalVolume_60d_t0630h_0105.vtu,mac_part1_final_C2
106,636.000000000000,636.141666666667,8.500000000,floodmar_equalVolume_60d_t0636h_0106.vtu,mac_part1_final_C2
107,642.000000000000,642.116666666667,7.000000000,floodmar_equalVolume_60d_t0642h_0107.vtu,mac_part1_final_C2
108,648.000000000000,648.116666666667,7.000000000,floodmar_equalVolume_60d_t0648h_0108.vtu,mac_part1_final_C2
109,654.000000000000,654.116666666667,7.000000000,floodmar_equalVolume_60d_t0654h_0109.vtu,mac_part1_final_C2
110,660.000000000000,660.116666666667,7.000000000,floodmar_equalVolume_60d_t0660h_0110.vtu,mac_part1_final_C2
111,666.000000000000,666.116666666667,7.000000000,floodmar_equalVolume_60d_t0666h_0111.vtu,mac_part1_final_C2
112,672.000000000000,672.116666666667,7.000000000,floodmar_equalVolume_60d_t0672h_0112.vtu,mac_part1_final_C2
113,678.000000000000,678.116666666667,7.000000000,floodmar_equalVolume_60d_t0678h_0113.vtu,mac_part1_final_C2
114,684.000000000000,684.116666666667,7.000000000,floodmar_equalVolume_60d_t0684h_0114.vtu,mac_part1_final_C2
115,690.000000000000,690.116666666667,7.000000000,floodmar_equalVolume_60d_t0690h_0115.vtu,mac_part1_final_C2
116,696.000000000000,696.116666666667,7.000000000,floodmar_equalVolume_60d_t0696h_0116.vtu,mac_part1_final_C2
117,702.000000000000,702.116666666667,7.000000000,floodmar_equalVolume_60d_t0702h_0117.vtu,mac_part1_final_C2
118,708.000000000000,708.116666666667,7.000000000,floodmar_equalVolume_60d_t0708h_0118.vtu,mac_part1_final_C2
119,714.000000000000,714.116666666667,7.000000000,floodmar_equalVolume_60d_t0714h_0119.vtu,mac_part1_final_C2
120,720.000000000000,720.116666666667,7.000000000,floodmar_equalVolume_60d_t0720h_0120.vtu,mac_part1_final_C2
121,726.000000000000,726.116666666667,7.000000000,floodmar_equalVolume_60d_t0726h_0121.vtu,mac_part1_final_C2
122,732.000000000000,732.116666666667,7.000000000,floodmar_equalVolume_60d_t0732h_0122.vtu,mac_part1_final_C2
123,738.000000000000,738.116666666667,7.000000000,floodmar_equalVolume_60d_t0738h_0123.vtu,mac_part1_final_C2
124,744.000000000000,744.116666666667,7.000000000,floodmar_equalVolume_60d_t0744h_0124.vtu,mac_part1_final_C2
125,750.000000000000,750.116666666667,7.000000000,floodmar_equalVolume_60d_t0750h_0125.vtu,mac_part1_final_C2
126,756.000000000000,756.116666666667,7.000000000,floodmar_equalVolume_60d_t0756h_0126.vtu,mac_part1_final_C2
127,762.000000000000,762.116666666667,7.000000000,floodmar_equalVolume_60d_t0762h_0127.vtu,mac_part1_final_C2
128,768.000000000000,768.116666666667,7.000000000,floodmar_equalVolume_60d_t0768h_0128.vtu,mac_part1_final_C2
129,774.000000000000,774.116666666667,7.000000000,floodmar_equalVolume_60d_t0774h_0129.vtu,mac_part1_final_C2
130,780.000000000000,780.116666666667,7.000000000,floodmar_equalVolume_60d_t0780h_0130.vtu,mac_part1_final_C2
131,786.000000000000,786.116666666667,7.000000000,floodmar_equalVolume_60d_t0786h_0131.vtu,mac_part1_final_C2
132,792.000000000000,792.116666666667,7.000000000,floodmar_equalVolume_60d_t0792h_0132.vtu,mac_part1_final_C2
133,798.000000000000,798.116666666667,7.000000000,floodmar_equalVolume_60d_t0798h_0133.vtu,mac_part1_final_C2
134,804.000000000000,804.116666666667,7.000000000,floodmar_equalVolume_60d_t0804h_0134.vtu,mac_part1_final_C2
135,810.000000000000,810.116666666667,7.000000000,floodmar_equalVolume_60d_t0810h_0135.vtu,mac_part1_final_C2
136,816.000000000000,816.116666666667,7.000000000,floodmar_equalVolume_60d_t0816h_0136.vtu,mac_part1_final_C2
137,822.000000000000,822.116666666667,7.000000000,floodmar_equalVolume_60d_t0822h_0137.vtu,mac_part1_final_C2
138,828.000000000000,828.116666666667,7.000000000,floodmar_equalVolume_60d_t0828h_0138.vtu,mac_part1_final_C2
139,834.000000000000,834.116666666667,7.000000000,floodmar_equalVolume_60d_t0834h_0139.vtu,mac_part1_final_C2
140,840.000000000000,840.116666666667,7.000000000,floodmar_equalVolume_60d_t0840h_0140.vtu,mac_part1_final_C2
141,846.000000000000,846.116666666667,7.000000000,floodmar_equalVolume_60d_t0846h_0141.vtu,mac_part1_final_C2
142,852.000000000000,852.116666666667,7.000000000,floodmar_equalVolume_60d_t0852h_0142.vtu,mac_part1_final_C2
143,858.000000000000,858.116666666667,7.000000000,floodmar_equalVolume_60d_t0858h_0143.vtu,mac_part1_final_C2
144,864.000000000000,864.116666666667,7.000000000,floodmar_equalVolume_60d_t0864h_0144.vtu,mac_part1_final_C2
145,870.000000000000,870.116666666667,7.000000000,floodmar_equalVolume_60d_t0870h_0145.vtu,mac_part1_final_C2
146,876.000000000000,876.116666666667,7.000000000,floodmar_equalVolume_60d_t0876h_0146.vtu,mac_part1_final_C2
147,882.000000000000,882.116666666667,7.000000000,floodmar_equalVolume_60d_t0882h_0147.vtu,mac_part1_final_C2
148,888.000000000000,888.116666666667,7.000000000,floodmar_equalVolume_60d_t0888h_0148.vtu,mac_part1_final_C2
149,894.000000000000,894.116666666667,7.000000000,floodmar_equalVolume_60d_t0894h_0149.vtu,mac_part1_final_C2
150,900.000000000000,900.116666666667,7.000000000,floodmar_equalVolume_60d_t0900h_0150.vtu,mac_part1_final_C2
151,906.000000000000,906.116666666667,7.000000000,floodmar_equalVolume_60d_t0906h_0151.vtu,mac_part1_final_C2
152,912.000000000000,912.116666666667,7.000000000,floodmar_equalVolume_60d_t0912h_0152.vtu,mac_part1_final_C2
153,918.000000000000,918.116666666667,7.000000000,floodmar_equalVolume_60d_t0918h_0153.vtu,mac_part1_final_C2
154,924.000000000000,924.116666666667,7.000000000,floodmar_equalVolume_60d_t0924h_0154.vtu,mac_part1_final_C2
155,930.000000000000,930.116666666667,7.000000000,floodmar_equalVolume_60d_t0930h_0155.vtu,mac_part1_final_C2
156,936.000000000000,936.116666666667,7.000000000,floodmar_equalVolume_60d_t0936h_0156.vtu,mac_part1_final_C2
157,942.000000000000,942.116666666667,7.000000000,floodmar_equalVolume_60d_t0942h_0157.vtu,mac_part1_final_C2
158,948.000000000000,948.116666666667,7.000000000,floodmar_equalVolume_60d_t0948h_0158.vtu,mac_part1_final_C2
159,954.000000000000,954.116666666667,7.000000000,floodmar_equalVolume_60d_t0954h_0159.vtu,mac_part1_final_C2
160,960.000000000000,960.000000000000,0.000000000,floodmar_equalVolume_60d_t0960h_0160.vtu,existing_960_1026
161,966.000000000000,966.011111111111,0.666666667,floodmar_equalVolume_60d_t0966h_0161.vtu,existing_960_1026
162,972.000000000000,971.991666666667,-0.500000000,floodmar_equalVolume_60d_t0972h_0162.vtu,existing_960_1026
163,978.000000000000,977.997222222222,-0.166666667,floodmar_equalVolume_60d_t0978h_0163.vtu,existing_960_1026
164,984.000000000000,983.997222222222,-0.166666667,floodmar_equalVolume_60d_t0984h_0164.vtu,existing_960_1026
165,990.000000000000,989.997222222222,-0.166666667,floodmar_equalVolume_60d_t0990h_0165.vtu,existing_960_1026
166,996.000000000000,995.997222222222,-0.166666667,floodmar_equalVolume_60d_t0996h_0166.vtu,existing_960_1026
167,1002.000000000000,1001.997222222222,-0.166666667,floodmar_equalVolume_60d_t1002h_0167.vtu,existing_960_1026
168,1008.000000000000,1007.997222222222,-0.166666667,floodmar_equalVolume_60d_t1008h_0168.vtu,existing_960_1026
169,1014.000000000000,1013.997222222222,-0.166666667,floodmar_equalVolume_60d_t1014h_0169.vtu,existing_960_1026
170,1020.000000000000,1019.997222222222,-0.166666667,floodmar_equalVolume_60d_t1020h_0170.vtu,existing_960_1026
171,1026.000000000000,1025.997222222222,-0.166666667,floodmar_equalVolume_60d_t1026h_0171.vtu,existing_960_1026
172,1032.000000000000,1032.025000000000,1.500000000,floodmar_equalVolume_60d_t1032h_0172.vtu,mac_part2_final_C3
173,1038.000000000000,1038.025000000000,1.500000000,floodmar_equalVolume_60d_t1038h_0173.vtu,mac_part2_final_C3
174,1044.000000000000,1044.025000000000,1.500000000,floodmar_equalVolume_60d_t1044h_0174.vtu,mac_part2_final_C3
175,1050.000000000000,1050.025000000000,1.500000000,floodmar_equalVolume_60d_t1050h_0175.vtu,mac_part2_final_C3
176,1056.000000000000,1056.025000000000,1.500000000,floodmar_equalVolume_60d_t1056h_0176.vtu,mac_part2_final_C3
177,1062.000000000000,1062.000000000000,0.000000000,floodmar_equalVolume_60d_t1062h_0177.vtu,mac_part2_final_C3
178,1068.000000000000,1068.063888888889,3.833333333,floodmar_equalVolume_60d_t1068h_0178.vtu,mac_part2_final_C3
179,1074.000000000000,1074.005555555555,0.333333333,floodmar_equalVolume_60d_t1074h_0179.vtu,mac_part2_final_C3
180,1080.000000000000,1080.072222222222,4.333333333,floodmar_equalVolume_60d_t1080h_0180.vtu,mac_part2_final_C3
181,1086.000000000000,1086.069444444444,4.166666667,floodmar_equalVolume_60d_t1086h_0181.vtu,mac_part2_final_C3
182,1092.000000000000,1092.055555555556,3.333333333,floodmar_equalVolume_60d_t1092h_0182.vtu,mac_part2_final_C3
183,1098.000000000000,1098.055555555556,3.333333333,floodmar_equalVolume_60d_t1098h_0183.vtu,mac_part2_final_C3
184,1104.000000000000,1104.055555555556,3.333333333,floodmar_equalVolume_60d_t1104h_0184.vtu,mac_part2_final_C3
185,1110.000000000000,1110.055555555556,3.333333333,floodmar_equalVolume_60d_t1110h_0185.vtu,mac_part2_final_C3
186,1116.000000000000,1116.055555555556,3.333333333,floodmar_equalVolume_60d_t1116h_0186.vtu,mac_part2_final_C3
187,1122.000000000000,1122.055555555556,3.333333333,floodmar_equalVolume_60d_t1122h_0187.vtu,mac_part2_final_C3
188,1128.000000000000,1128.055555555556,3.333333333,floodmar_equalVolume_60d_t1128h_0188.vtu,mac_part2_final_C3
189,1134.000000000000,1134.055555555556,3.333333333,floodmar_equalVolume_60d_t1134h_0189.vtu,mac_part2_final_C3
190,1140.000000000000,1140.055555555556,3.333333333,floodmar_equalVolume_60d_t1140h_0190.vtu,mac_part2_final_C3
191,1146.000000000000,1146.055555555556,3.333333333,floodmar_equalVolume_60d_t1146h_0191.vtu,mac_part2_final_C3
192,1152.000000000000,1152.055555555556,3.333333333,floodmar_equalVolume_60d_t1152h_0192.vtu,mac_part2_final_C3
193,1158.000000000000,1158.041666666667,2.500000000,floodmar_equalVolume_60d_t1158h_0193.vtu,mac_part2_final_C3
194,1164.000000000000,1164.041666666667,2.500000000,floodmar_equalVolume_60d_t1164h_0194.vtu,mac_part2_final_C3
195,1170.000000000000,1170.041666666667,2.500000000,floodmar_equalVolume_60d_t1170h_0195.vtu,mac_part2_final_C3
196,1176.000000000000,1176.041666666667,2.500000000,floodmar_equalVolume_60d_t1176h_0196.vtu,mac_part2_final_C3
197,1182.000000000000,1182.041666666667,2.500000000,floodmar_equalVolume_60d_t1182h_0197.vtu,mac_part2_final_C3
198,1188.000000000000,1188.041666666667,2.500000000,floodmar_equalVolume_60d_t1188h_0198.vtu,mac_part2_final_C3
199,1194.000000000000,1194.041666666667,2.500000000,floodmar_equalVolume_60d_t1194h_0199.vtu,mac_part2_final_C3
200,1200.000000000000,1200.041666666667,2.500000000,floodmar_equalVolume_60d_t1200h_0200.vtu,mac_part2_final_C3
201,1206.000000000000,1206.041666666667,2.500000000,floodmar_equalVolume_60d_t1206h_0201.vtu,mac_part2_final_C3
202,1212.000000000000,1212.041666666667,2.500000000,floodmar_equalVolume_60d_t1212h_0202.vtu,mac_part2_final_C3
203,1218.000000000000,1218.041666666667,2.500000000,floodmar_equalVolume_60d_t1218h_0203.vtu,mac_part2_final_C3
204,1224.000000000000,1224.041666666667,2.500000000,floodmar_equalVolume_60d_t1224h_0204.vtu,mac_part2_final_C3
205,1230.000000000000,1230.041666666667,2.500000000,floodmar_equalVolume_60d_t1230h_0205.vtu,mac_part2_final_C3
206,1236.000000000000,1236.041666666667,2.500000000,floodmar_equalVolume_60d_t1236h_0206.vtu,mac_part2_final_C3
207,1242.000000000000,1242.041666666667,2.500000000,floodmar_equalVolume_60d_t1242h_0207.vtu,mac_part2_final_C3
208,1248.000000000000,1248.041666666667,2.500000000,floodmar_equalVolume_60d_t1248h_0208.vtu,mac_part2_final_C3
209,1254.000000000000,1254.041666666667,2.500000000,floodmar_equalVolume_60d_t1254h_0209.vtu,mac_part2_final_C3
210,1260.000000000000,1260.041666666667,2.500000000,floodmar_equalVolume_60d_t1260h_0210.vtu,mac_part2_final_C3
211,1266.000000000000,1266.041666666667,2.500000000,floodmar_equalVolume_60d_t1266h_0211.vtu,mac_part2_final_C3
212,1272.000000000000,1272.041666666667,2.500000000,floodmar_equalVolume_60d_t1272h_0212.vtu,mac_part2_final_C3
213,1278.000000000000,1278.041666666667,2.500000000,floodmar_equalVolume_60d_t1278h_0213.vtu,mac_part2_final_C3
214,1284.000000000000,1284.041666666667,2.500000000,floodmar_equalVolume_60d_t1284h_0214.vtu,mac_part2_final_C3
215,1290.000000000000,1290.041666666667,2.500000000,floodmar_equalVolume_60d_t1290h_0215.vtu,mac_part2_final_C3
216,1296.000000000000,1296.041666666667,2.500000000,floodmar_equalVolume_60d_t1296h_0216.vtu,mac_part2_final_C3
217,1302.000000000000,1302.041666666667,2.500000000,floodmar_equalVolume_60d_t1302h_0217.vtu,mac_part2_final_C3
218,1308.000000000000,1308.041666666667,2.500000000,floodmar_equalVolume_60d_t1308h_0218.vtu,mac_part2_final_C3
219,1314.000000000000,1314.041666666667,2.500000000,floodmar_equalVolume_60d_t1314h_0219.vtu,mac_part2_final_C3
220,1320.000000000000,1320.041666666667,2.500000000,floodmar_equalVolume_60d_t1320h_0220.vtu,mac_part2_final_C3
221,1326.000000000000,1326.041666666667,2.500000000,floodmar_equalVolume_60d_t1326h_0221.vtu,mac_part2_final_C3
222,1332.000000000000,1332.041666666667,2.500000000,floodmar_equalVolume_60d_t1332h_0222.vtu,mac_part2_final_C3
223,1338.000000000000,1338.041666666667,2.500000000,floodmar_equalVolume_60d_t1338h_0223.vtu,mac_part2_final_C3
224,1344.000000000000,1344.041666666667,2.500000000,floodmar_equalVolume_60d_t1344h_0224.vtu,mac_part2_final_C3
225,1350.000000000000,1350.041666666667,2.500000000,floodmar_equalVolume_60d_t1350h_0225.vtu,mac_part2_final_C3
226,1356.000000000000,1356.041666666667,2.500000000,floodmar_equalVolume_60d_t1356h_0226.vtu,mac_part2_final_C3
227,1362.000000000000,1362.041666666667,2.500000000,floodmar_equalVolume_60d_t1362h_0227.vtu,mac_part2_final_C3
228,1368.000000000000,1368.041666666667,2.500000000,floodmar_equalVolume_60d_t1368h_0228.vtu,mac_part2_final_C3
229,1374.000000000000,1374.041666666667,2.500000000,floodmar_equalVolume_60d_t1374h_0229.vtu,mac_part2_final_C3
230,1380.000000000000,1380.041666666667,2.500000000,floodmar_equalVolume_60d_t1380h_0230.vtu,mac_part2_final_C3
231,1386.000000000000,1386.041666666667,2.500000000,floodmar_equalVolume_60d_t1386h_0231.vtu,mac_part2_final_C3
232,1392.000000000000,1392.041666666667,2.500000000,floodmar_equalVolume_60d_t1392h_0232.vtu,mac_part2_final_C3
233,1398.000000000000,1398.041666666667,2.500000000,floodmar_equalVolume_60d_t1398h_0233.vtu,mac_part2_final_C3
234,1404.000000000000,1404.041666666667,2.500000000,floodmar_equalVolume_60d_t1404h_0234.vtu,mac_part2_final_C3
235,1410.000000000000,1410.041666666667,2.500000000,floodmar_equalVolume_60d_t1410h_0235.vtu,mac_part2_final_C3
236,1416.000000000000,1416.041666666667,2.500000000,floodmar_equalVolume_60d_t1416h_0236.vtu,mac_part2_final_C3
237,1422.000000000000,1422.041666666667,2.500000000,floodmar_equalVolume_60d_t1422h_0237.vtu,mac_part2_final_C3
238,1428.000000000000,1428.041666666667,2.500000000,floodmar_equalVolume_60d_t1428h_0238.vtu,mac_part2_final_C3
239,1434.000000000000,1434.041666666667,2.500000000,floodmar_equalVolume_60d_t1434h_0239.vtu,mac_part2_final_C3
240,1440.000000000000,1440.000000000000,0.000000000,floodmar_equalVolume_60d_t1440h_0240.vtu,mac_part2_final_C3
