nominal_time_h,actual_time_h,depth_center_m,total_O2_bin_kg,total_O2_kg_per_m_depth,excess_O2_bin_kg_vs_t0,excess_O2_kg_per_m_depth_vs_t0,gas_O2_bin_kg,gas_O2_kg_per_m_depth,dissolved_O2_bin_kg,dissolved_O2_kg_per_m_depth
0.0,0.0,0.25,32.91356884876284,65.82713769752569,0.0,0.0,32.427092785447144,64.85418557089429,0.486476063315752,0.972952126631504
0.0,0.0,0.75,31.06151492907891,62.12302985815782,0.0,0.0,30.588149453680074,61.17629890736015,0.4733654753988029,0.9467309507976058
0.0,0.0,1.25,28.701335505762252,57.402671011524504,0.0,0.0,28.249807212041844,56.49961442408369,0.45152829372046077,0.9030565874409215
0.0,0.0,1.75,26.46293764713603,52.92587529427206,0.0,0.0,26.032696765730407,52.06539353146081,0.43024088140549477,0.8604817628109895
0.0,0.0,2.25,24.328815503781527,48.657631007563054,0.0,0.0,23.919517801425883,47.839035602851766,0.40929770235528684,0.8185954047105737
0.0,0.0,2.75,22.449394463010407,44.89878892602081,0.0,0.0,22.058451521733218,44.116903043466436,0.3909429412774843,0.7818858825549686
0.0,0.0,3.25,20.542612377664994,41.08522475532999,0.0,0.0,20.171508180547676,40.34301636109535,0.37110419711752973,0.7422083942350595
0.0,0.0,3.75,18.801086729365068,37.602173458730135,0.0,0.0,18.448665432851243,36.897330865702486,0.35242129651360976,0.7048425930272195
0.0,0.0,4.25,17.11981620409739,34.23963240819478,0.0,0.0,16.786085672574444,33.57217134514889,0.3337305315228125,0.667461063045625
0.0,0.0,4.75,15.544336375383892,31.088672750767785,0.0,0.0,15.229127758576709,30.458255517153418,0.31520861680720547,0.6304172336144109
0.0,0.0,5.25,14.047574628609766,28.095149257219532,0.0,0.0,13.750543997026966,27.501087994053933,0.29703063158284326,0.5940612631656865
0.0,0.0,5.75,12.726672897014794,25.453345794029588,0.0,0.0,12.445995506200148,24.891991012400297,0.28067739081444376,0.5613547816288875
0.0,0.0,6.25,11.389933194184493,22.779866388368987,0.0,0.0,11.12723924932601,22.25447849865202,0.2626939448586585,0.525387889717317
0.0,0.0,6.75,10.124872694448072,20.249745388896145,0.0,0.0,9.880625998380197,19.761251996760393,0.24424669606695737,0.48849339213391474
0.0,0.0,7.25,8.985106269026687,17.970212538053374,0.0,0.0,8.757742518752252,17.515485037504504,0.22736375027458955,0.4547275005491791
0.0,0.0,7.75,7.984847441707302,15.969694883414604,0.0,0.0,7.772747483689955,15.54549496737991,0.21209995801739812,0.42419991603479623
0.0,0.0,8.25,5.5500850914181115,11.100170182836223,0.0,0.0,5.326331988787501,10.652663977575003,0.22375310263050352,0.44750620526100704
0.0,0.0,8.75,4.675427229255945,9.35085445851189,0.0,0.0,4.481451744980518,8.962903489961036,0.19397548427538247,0.38795096855076494
0.0,0.0,9.25,3.9022505370311933,7.804501074062387,0.0,0.0,3.7354535512088205,7.470907102417641,0.16679698582199443,0.33359397164398885
0.0,0.0,9.75,3.1969928729330945,6.393985745866189,0.0,0.0,3.0560846070468415,6.112169214093683,0.1409082658855585,0.281816531771117
0.0,0.0,10.25,2.6159882014359823,5.231976402871965,0.0,0.0,2.4970038497466476,4.994007699493295,0.11898435169027621,0.23796870338055243
0.0,0.0,10.75,2.14883369331352,4.29766738662704,0.0,0.0,2.047872869869366,4.095745739738732,0.10096082344381774,0.20192164688763548
0.0,0.0,11.25,1.6881591567569103,3.3763183135138206,0.0,0.0,1.6061109763215313,3.2122219526430627,0.0820481804351898,0.1640963608703796
0.0,0.0,11.75,2.4021446490875746,4.804289298175149,0.0,0.0,2.3762122960338274,4.752424592067655,0.025932353054332502,0.051864706108665004
0.0,0.0,12.25,2.086008425183877,4.172016850367754,0.0,0.0,2.06274049271002,4.12548098542004,0.02326793247419534,0.04653586494839068
0.0,0.0,12.75,1.7716884985043748,3.5433769970087496,0.0,0.0,1.751225508869652,3.502451017739304,0.02046298963506299,0.04092597927012598
0.0,0.0,13.25,1.4961980763364409,2.9923961526728817,0.0,0.0,1.478269176968979,2.956538353937958,0.017928899366758344,0.03585779873351669
0.0,0.0,13.75,1.2753415892760813,2.5506831785521626,0.0,0.0,1.25945649473897,2.51891298947794,0.01588509453712561,0.03177018907425122
0.0,0.0,14.25,1.0866429926786623,2.1732859853573245,0.0,0.0,1.0725473580623088,2.1450947161246177,0.014095634615940433,0.028191269231880867
0.0,0.0,14.75,0.924827178744863,1.849654357489726,0.0,0.0,0.9123023608447056,1.8246047216894112,0.012524817900457563,0.025049635800915127
0.0,0.0,15.25,0.7919779908819464,1.5839559817638929,0.0,0.0,0.7807531623371347,1.5615063246742693,0.011224828544594168,0.022449657089188335
0.0,0.0,15.75,0.6915701278394977,1.3831402556789953,0.0,0.0,0.6812837432046308,1.3625674864092616,0.010286384635218582,0.020572769270437163
0.0,0.0,16.25,0.6052505623356979,1.2105011246713957,0.0,0.0,0.5957777811531173,1.1915555623062346,0.009472781183142764,0.01894556236628553
0.0,0.0,16.75,0.5466560371001492,1.0933120742002984,0.0,0.0,0.5376268198859293,1.0752536397718586,0.009029217214029828,0.018058434428059655
0.0,0.0,17.25,0.5026935379453903,1.0053870758907806,0.0,0.0,0.4938978888030192,0.9877957776060384,0.008795649142204987,0.017591298284409973
0.0,0.0,17.75,0.03161975062107558,0.06323950124215116,0.0,0.0,0.019961688880584916,0.03992337776116983,0.011658061740583037,0.023316123481166073
0.0,0.0,18.25,0.017154812655007845,0.03430962531001569,0.0,0.0,0.012809722035399318,0.025619444070798636,0.004345090619239045,0.00869018123847809
0.0,0.0,18.75,0.006699047123674973,0.013398094247349945,0.0,0.0,0.005467227990379797,0.010934455980759594,0.0012318191334825812,0.0024636382669651624
0.0,0.0,19.25,0.0018956049767666627,0.0037912099535333255,0.0,0.0,0.0016243753179878695,0.003248750635975739,0.0002712296592610741,0.0005424593185221482
0.0,0.0,19.75,0.000538568809474782,0.001077137618949564,0.0,0.0,0.0004752251535933283,0.0009504503071866566,6.334365642945983e-05,0.00012668731285891965
0.0,0.0,20.25,0.00014857296292802857,0.00029714592585605715,0.0,0.0,0.0001336448124220624,0.0002672896248441248,1.4928150125825823e-05,2.9856300251651646e-05
0.0,0.0,20.75,4.529165090616516e-05,9.058330181233032e-05,0.0,0.0,4.130256911594188e-05,8.260513823188376e-05,3.989081603705813e-06,7.978163207411626e-06
0.0,0.0,21.25,1.0343394137635187e-05,2.0686788275270374e-05,0.0,0.0,9.46329777207211e-06,1.892659554414422e-05,8.800959863108915e-07,1.760191972621783e-06
0.0,0.0,21.75,4.92536520368958e-06,9.85073040737916e-06,0.0,0.0,4.644903242478904e-06,9.289806484957808e-06,2.804615402141053e-07,5.609230804282106e-07
0.0,0.0,22.25,4.854449400681915e-06,9.70889880136383e-06,0.0,0.0,4.57399437436834e-06,9.14798874873668e-06,2.804551195723093e-07,5.609102391446186e-07
0.0,0.0,22.75,6.490958924132428e-06,1.2981917848264857e-05,0.0,0.0,6.110265189818165e-06,1.222053037963633e-05,3.8069394037165694e-07,7.613878807433139e-07
0.0,0.0,23.25,1.1695976411374431e-05,2.3391952822748863e-05,0.0,0.0,1.0999619405538397e-05,2.1999238811076793e-05,6.963580894137067e-07,1.3927161788274134e-06
0.0,0.0,23.75,2.7513459997408063e-05,5.5026919994816126e-05,0.0,0.0,2.5850074791833322e-05,5.1700149583666644e-05,1.6633855075554038e-06,3.3267710151108076e-06
0.0,0.0,24.25,7.50752628846385e-05,0.000150150525769277,0.0,0.0,7.046373809771467e-05,0.00014092747619542934,4.61152470698778e-06,9.22304941397556e-06
0.0,0.0,24.75,0.00019285737602103836,0.0003857147520420767,0.0,0.0,0.00018080796849062608,0.00036161593698125216,1.2049407350112062e-05,2.4098814700224125e-05
0.0,0.0,25.25,0.0004609561867709999,0.0009219123735419998,0.0,0.0,0.0004316757170954588,0.0008633514341909176,2.9280469855841318e-05,5.8560939711682636e-05
0.0,0.0,25.75,0.0008976586257176677,0.0017953172514353355,0.0,0.0,0.0008397112839020338,0.0016794225678040675,5.7947341386643814e-05,0.00011589468277328763
0.0,0.0,26.25,0.002928358396900421,0.005856716793800842,0.0,0.0,0.002888876953647923,0.005777753907295846,3.9481443208977396e-05,7.896288641795479e-05
0.0,0.0,26.75,0.0029917151303493483,0.005983430260698697,0.0,0.0,0.002950538514198797,0.005901077028397594,4.117661591340749e-05,8.235323182681498e-05
0.0,0.0,27.25,0.0030256169667381982,0.0060512339334763965,0.0,0.0,0.0029830742616354655,0.005966148523270931,4.254270490910983e-05,8.508540981821966e-05
0.0,0.0,27.75,0.0030660131180297867,0.006132026236059573,0.0,0.0,0.0030219364863910414,0.006043872972782083,4.4076631609435424e-05,8.815326321887085e-05
0.0,0.0,28.25,0.0030864912552033275,0.006172982510406655,0.0,0.0,0.0030410880929707673,0.006082176185941535,4.5403162210355674e-05,9.080632442071135e-05
0.0,0.0,28.75,0.003091679636099798,0.006183359272199596,0.0,0.0,0.0030451013925016923,0.006090202785003385,4.65782438316964e-05,9.31564876633928e-05
0.0,0.0,29.25,0.003084401027194872,0.006168802054389744,0.0,0.0,0.003036765432057109,0.006073530864114218,4.7635595050721236e-05,9.527119010144247e-05
0.0,0.0,29.75,0.0030683594155220817,0.006136718831044163,0.0,0.0,0.0030197328708254645,0.006039465741650929,4.8626544605134825e-05,9.725308921026965e-05
480.0,480.0,0.25,43.35493978436948,86.70987956873896,10.441370935606646,20.88274187121329,43.117883508560105,86.23576701712021,0.23705627580946267,0.47411255161892535
480.0,480.0,0.75,43.02093281794623,86.04186563589246,11.959417888867506,23.918835777735012,42.7570312447286,85.5140624894572,0.26390157321776264,0.5278031464355253
480.0,480.0,1.25,42.84694805986446,85.69389611972892,14.145612554102268,28.291225108204536,42.56694492624986,85.13388985249972,0.28000313361454954,0.5600062672290991
480.0,480.0,1.75,42.583754379430104,85.16750875886021,16.120816732294024,32.24163346458805,42.29156850357066,84.58313700714132,0.2921858758594674,0.5843717517189349
480.0,480.0,2.25,42.088919729120846,84.17783945824169,17.76010422533981,35.52020845067962,41.787007534575224,83.57401506915045,0.30191219454598617,0.6038243890919723
480.0,480.0,2.75,41.760670395614284,83.52134079122857,19.31127593260362,38.62255186520724,41.45083589301311,82.90167178602621,0.309834502601384,0.619669005202768
480.0,480.0,3.25,41.16056913929148,82.32113827858296,20.61795676162646,41.23591352325292,40.84577503133795,81.6915500626759,0.31479410795348595,0.6295882159069719
480.0,480.0,3.75,40.70707048022763,81.41414096045526,21.90598375086229,43.81196750172458,40.38725081169173,80.77450162338346,0.3198196685355934,0.6396393370711868
480.0,480.0,4.25,39.99793397567163,79.99586795134326,22.87811777157387,45.75623554314774,39.67573785663444,79.35147571326888,0.32219611903716716,0.6443922380743343
480.0,480.0,4.75,39.436343924841026,78.87268784968205,23.892007549456764,47.78401509891353,39.111385930447625,78.22277186089525,0.32495799439319395,0.6499159887863879
480.0,480.0,5.25,38.61115003239075,77.2223000647815,24.563575403780817,49.127150807561634,38.286104169318264,76.57220833863653,0.3250458630722819,0.6500917261445638
480.0,480.0,5.75,37.903450816594045,75.80690163318809,25.176777919579706,50.35355583915941,37.57800456524399,75.15600913048797,0.3254462513510066,0.6508925027020132
480.0,480.0,6.25,36.88611523243935,73.7722304648787,25.496182038254858,50.992364076509716,36.56337803307207,73.12675606614414,0.32273719936743683,0.6454743987348737
480.0,480.0,6.75,35.911171360375874,71.82234272075175,25.786298665929422,51.572597331858844,35.591404508247365,71.18280901649473,0.3197668521287551,0.6395337042575102
480.0,480.0,7.25,34.52942452487696,69.05884904975392,25.544318255849305,51.08863651169861,34.21663177184678,68.43326354369356,0.3127927530287433,0.6255855060574866
480.0,480.0,7.75,32.86577681295148,65.73155362590296,24.8809293712456,49.7618587424912,32.55451661071811,65.10903322143622,0.3112602022346449,0.6225204044692898
480.0,480.0,8.25,24.811870802910903,49.623741605821806,19.26178571149194,38.52357142298388,24.32951524696739,48.65903049393478,0.4823555559442374,0.9647111118884748
480.0,480.0,8.75,22.221741164787773,44.443482329575545,17.546313935531998,35.092627871063996,21.774114831070847,43.54822966214169,0.4476263337157187,0.8952526674314374
480.0,480.0,9.25,19.741223569986914,39.48244713997383,15.838973032955948,31.677946065911897,19.33023894567873,38.66047789135746,0.410984624307825,0.82196924861565
480.0,480.0,9.75,17.33208868545171,34.66417737090342,14.135095812519694,28.270191625039388,16.95977124494982,33.91954248989964,0.37231744050150617,0.7446348810030123
480.0,480.0,10.25,14.994009032278768,29.988018064557536,12.378020830841649,24.756041661683298,14.661720234209383,29.323440468418767,0.3322887980691549,0.6645775961383098
480.0,480.0,10.75,12.73099400295223,25.46198800590446,10.582160309637914,21.164320619275827,12.437185774948603,24.874371549897205,0.29380822800293416,0.5876164560058683
480.0,480.0,11.25,9.652607829908447,19.305215659816895,7.964448673152276,15.928897346304552,9.372548199860262,18.745096399720524,0.28005963004941936,0.5601192600988387
480.0,480.0,11.75,8.762962439058015,17.52592487811603,6.360817789970497,12.721635579940994,8.595725031814709,17.191450063629418,0.16723740724383696,0.3344748144876739
480.0,480.0,12.25,6.864939639312411,13.729879278624821,4.778931214128875,9.55786242825775,6.729571965155856,13.459143930311711,0.13536767415735973,0.27073534831471946
480.0,480.0,12.75,5.271900733996176,10.543801467992353,3.500212235491176,7.000424470982352,5.164293027671192,10.328586055342384,0.10760770632682348,0.21521541265364696
480.0,480.0,13.25,4.015689626670337,8.031379253340674,2.5194915503326456,5.038983100665291,3.9304228849781566,7.860845769956313,0.0852667416904751,0.1705334833809502
480.0,480.0,13.75,3.0557219470673544,6.111443894134709,1.7803803577919552,3.5607607155839105,2.9850652153969577,5.970130430793915,0.07065673166999265,0.1413134633399853
480.0,480.0,14.25,1.9591552985463068,3.9183105970926135,0.8725123058676445,1.745024611735289,1.890060277803741,3.780120555607482,0.06909502074319285,0.1381900414863857
480.0,480.0,14.75,0.8255901391408997,1.6511802782817995,-0.09923703960481589,-0.19847407920963178,0.7622602240224978,1.5245204480449956,0.06332991511772867,0.12665983023545735
480.0,480.0,15.25,0.0736092767184573,0.1472185534369146,-0.7183687141636028,-1.4367374283272056,0.03558172664281756,0.07116345328563511,0.038027550075582894,0.07605510015116579
480.0,480.0,15.75,0.01535245010336439,0.03070490020672878,-0.6762176777359628,-1.3524353554719255,0.00015437202637258451,0.00030874405274516903,0.015198078077949262,0.030396156155898524
480.0,480.0,16.25,0.007674692238197167,0.015349384476394334,-0.597575870099547,-1.195151740199094,2.4627090397189022e-05,4.9254180794378044e-05,0.007650065147338125,0.01530013029467625
480.0,480.0,16.75,0.004465571836817617,0.008931143673635233,-0.5421904652637863,-1.0843809305275727,1.0448509556226782e-05,2.0897019112453563e-05,0.004455123324996535,0.00891024664999307
480.0,480.0,17.25,0.0027242555413522496,0.005448511082704499,-0.4999692824043791,-0.9999385648087582,5.865786192771338e-06,1.1731572385542677e-05,0.0027183897539106994,0.005436779507821399
480.0,480.0,17.75,0.0013951276125681034,0.0027902552251362067,-0.030224623008962226,-0.06044924601792445,3.4913385889012716e-06,6.982677177802543e-06,0.0013916362737536048,0.0027832725475072095
480.0,480.0,18.25,0.0006902786526552518,0.0013805573053105036,-0.016464534002921027,-0.032929068005842055,5.709477022719511e-06,1.1418954045439023e-05,0.0006845691756716121,0.0013691383513432243
480.0,480.0,18.75,0.00040585455235486734,0.0008117091047097347,-0.0062931925712064185,-0.012586385142412837,6.720733153997571e-06,1.3441466307995142e-05,0.000399133819998454,0.000798267639996908
480.0,480.0,19.25,0.00027947421506269166,0.0005589484301253833,-0.001616130760055512,-0.003232261520111024,7.739459192634968e-06,1.5478918385269935e-05,0.00027173475695008165,0.0005434695139001633
480.0,480.0,19.75,0.00021505344363959011,0.00043010688727918023,-0.00032351536651731294,-0.0006470307330346259,9.041770908879698e-06,1.8083541817759397e-05,0.00020601167240030804,0.0004120233448006161
480.0,480.0,20.25,0.00017739608051670075,0.0003547921610334015,2.8823117588672176e-05,5.764623517734435e-05,1.109981542413152e-05,2.219963084826304e-05,0.00016629626563791078,0.00033259253127582156
480.0,480.0,20.75,0.0001564483843594644,0.0003128967687189288,0.00011115673265749137,0.00022231346531498275,1.5294205354621226e-05,3.058841070924245e-05,0.00014115417791416007,0.00028230835582832015
480.0,480.0,21.25,0.00017526430247016833,0.00035052860494033666,0.00016492090782094238,0.00032984181564188475,4.488254239731759e-05,8.976508479463519e-05,0.00013038175987389877,0.00026076351974779755
480.0,480.0,21.75,0.0003104250744172532,0.0006208501488345064,0.00030549970966831097,0.0006109994193366219,0.000186710847174254,0.000373421694348508,0.00012371422625356843,0.00024742845250713685
480.0,480.0,22.25,0.0002889573331685824,0.0005779146663371648,0.00028410288336999656,0.0005682057667399931,0.0001733199962927756,0.0003466399925855512,0.00011563733624342376,0.00023127467248684752
480.0,480.0,22.75,0.000251211475188029,0.000502422950376058,0.00024472051535440187,0.0004894410307088037,0.0001502490445091098,0.0003004980890182196,0.00010096242984758419,0.00020192485969516838
480.0,480.0,23.25,0.00020479529587191792,0.00040959059174383583,0.00019309931883526588,0.00038619863767053175,0.00012228633067934425,0.0002445726613586885,8.250896435768595e-05,0.0001650179287153719
480.0,480.0,23.75,0.00015696728291914042,0.00031393456583828083,0.00012945382263751526,0.0002589076452750305,9.377568471791164e-05,0.0001875513694358233,6.3191596833434e-05,0.000126383193666868
480.0,480.0,24.25,0.00011405053112412133,0.00022810106224824267,3.897526761420522e-05,7.795053522841044e-05,6.838349088411633e-05,0.00013676698176823265,4.5667039696439815e-05,9.133407939287963e-05
480.0,480.0,24.75,8.007019380329439e-05,0.00016014038760658877,-0.00011278718255880449,-0.00022557436511760898,4.83994131172949e-05,9.67988262345898e-05,3.167078030763548e-05,6.334156061527096e-05
480.0,480.0,25.25,5.65323524597261e-05,0.0001130647049194522,-0.0004044238347660212,-0.0008088476695320423,3.471852051006863e-05,6.943704102013726e-05,2.18138324381556e-05,4.36276648763112e-05
480.0,480.0,25.75,4.707307323315035e-05,9.41461464663007e-05,-0.0008505855524845174,-0.0017011711049690348,3.134250493985746e-05,6.268500987971493e-05,1.5730568662775113e-05,3.1461137325550226e-05
480.0,480.0,26.25,0.00013205549794292892,0.00026411099588585785,-0.002796302898900649,-0.005592605797801298,0.00012215375318191946,0.0002443075063638389,9.901743917239969e-06,1.9803487834479938e-05
480.0,480.0,26.75,0.00013842981229572615,0.0002768596245914523,-0.002853285318053622,-0.005706570636107244,0.00012798946045222692,0.00025597892090445384,1.0440351918106217e-05,2.0880703836212433e-05
480.0,480.0,27.25,0.00015162984618655173,0.00030325969237310346,-0.002873987120096899,-0.005747974240193798,0.00014007443894570315,0.0002801488778914063,1.1555407171570664e-05,2.3110814343141328e-05
480.0,480.0,27.75,0.00016684393290233857,0.00033368786580467713,-0.0028991691850137613,-0.005798338370027523,0.00015400023903566762,0.00030800047807133524,1.2843694609188105e-05,2.568738921837621e-05
480.0,480.0,28.25,0.00018140002202926553,0.00036280004405853106,-0.0029050912331172185,-0.005810182466234437,0.00016731859568608343,0.00033463719137216685,1.4081425616652155e-05,2.816285123330431e-05
480.0,480.0,28.75,0.00019382330219741561,0.00038764660439483123,-0.00289785633469819,-0.00579571266939638,0.0001786777670531592,0.0003573555341063184,1.514553513182193e-05,3.029107026364386e-05
480.0,480.0,29.25,0.0002031628016538889,0.0004063256033077778,-0.0028812382254841395,-0.005762476450968279,0.00018720667253546708,0.00037441334507093416,1.5956130074101793e-05,3.1912260148203586e-05
480.0,480.0,29.75,0.00020856400362845307,0.00041712800725690613,-0.0028597954121778457,-0.0057195908243556914,0.00019213053872135788,0.00038426107744271576,1.643346413437996e-05,3.286692826875992e-05
486.0,486.0,0.25,42.41639599733201,84.83279199466402,9.502827148569141,19.005654297138282,42.07659694011735,84.1531938802347,0.33979905721468495,0.6795981144293699
486.0,486.0,0.75,41.944703213373465,83.88940642674693,10.883188284294482,21.766376568588964,41.555070535997565,83.11014107199513,0.38963267737569496,0.7792653547513899
486.0,486.0,1.25,41.53266779785483,83.06533559570966,12.831332292092931,25.662664584185862,41.12988432388215,82.2597686477643,0.40278347397290604,0.8055669479458121
486.0,486.0,1.75,41.19882550272928,82.39765100545856,14.73588785559403,29.47177571118806,40.802634079712746,81.60526815942549,0.39619142301737553,0.7923828460347511
486.0,486.0,2.25,40.73119648466485,81.4623929693297,16.402380980883606,32.80476196176721,40.362720846947326,80.72544169389465,0.36847563771754044,0.7369512754350809
486.0,486.0,2.75,40.37872120467577,80.75744240935154,17.929326741665392,35.858653483330784,40.03054552829283,80.06109105658567,0.34817567638344626,0.6963513527668925
486.0,486.0,3.25,39.79656827893288,79.59313655786576,19.25395590126682,38.50791180253364,39.46452023226513,78.92904046453026,0.3320480466664999,0.6640960933329998
486.0,486.0,3.75,39.41607023582435,78.8321404716487,20.614983506459126,41.22996701291825,39.091723468388466,78.18344693677693,0.32434676743589863,0.6486935348717973
486.0,486.0,4.25,38.81018171531076,77.62036343062152,21.690365511213813,43.380731022427625,38.49051729907973,76.98103459815945,0.3196644162315949,0.6393288324631898
486.0,486.0,4.75,38.38055061648447,76.76110123296894,22.836214241100606,45.67242848220121,38.06123860880649,76.12247721761298,0.319312007677798,0.638624015355596
486.0,486.0,5.25,37.70882792896248,75.41765585792496,23.661253300352428,47.322506600704855,37.39097852924277,74.78195705848555,0.3178493997196168,0.6356987994392336
486.0,486.0,5.75,37.149840836909846,74.29968167381969,24.423167939895478,48.846335879790956,36.831804800495775,73.66360960099155,0.31803603641517375,0.6360720728303475
486.0,486.0,6.25,36.25733530391028,72.51467060782056,24.867402109725788,49.734804219451576,35.94127642789857,71.88255285579714,0.31605887601181504,0.6321177520236301
486.0,486.0,6.75,35.40363381613952,70.80726763227904,25.278761121692412,50.557522243384824,35.089563938942206,70.17912787788441,0.3140698771984649,0.6281397543969298
486.0,486.0,7.25,34.15014664902492,68.30029329804984,25.165040379997606,50.33008075999521,33.841956342179174,67.68391268435835,0.3081903068455114,0.6163806136910228
486.0,486.0,7.75,32.67321841861997,65.34643683723993,24.68837097691062,49.37674195382124,32.36506695803155,64.7301339160631,0.30815146058767073,0.6163029211753415
486.0,486.0,8.25,25.011682109556773,50.023364219113546,19.46159701813872,38.92319403627744,24.527720131861088,49.055440263722176,0.48396197769588056,0.9679239553917611
486.0,486.0,8.75,22.534753801530087,45.069507603060174,17.859326572275336,35.71865314455067,22.082893886230067,44.165787772460135,0.451859915300747,0.903719830601494
486.0,486.0,9.25,20.09081548946483,40.18163097892966,16.188564952433808,32.377129904867616,19.674512813482238,39.349025626964476,0.41630267598080994,0.8326053519616199
486.0,486.0,9.75,17.714878016622606,35.42975603324521,14.51788514369008,29.03577028738016,17.336201444870767,34.672402889741534,0.3786765717518721,0.7573531435037442
486.0,486.0,10.25,15.407256366441061,30.814512732882122,12.791268165004283,25.582536330008566,15.067585911404763,30.135171822809525,0.33967045503563753,0.6793409100712751
486.0,486.0,10.75,13.16386971611496,26.32773943222992,11.01503602280178,22.03007204560356,12.86176227463568,25.72352454927136,0.30210744147807933,0.6042148829561587
486.0,486.0,11.25,10.052601903732011,20.105203807464022,8.364442746975442,16.728885493950884,9.762478795424272,19.524957590848544,0.29012310830775156,0.5802462166155031
486.0,486.0,11.75,9.228726357933624,18.457452715867248,6.8265817088445715,13.653163417689143,9.053810592057062,18.107621184114123,0.17491576587443625,0.3498315317488725
486.0,486.0,12.25,7.287272763921919,14.574545527843838,5.201264338737815,10.40252867747563,7.144692005957495,14.28938401191499,0.14258075796462677,0.28516151592925354
486.0,486.0,12.75,5.635219242429571,11.270438484859142,3.8635307439250823,7.727061487850165,5.5212242903122615,11.042448580624523,0.11399495211836275,0.2279899042367255
486.0,486.0,13.25,4.31066606830052,8.62133213660104,2.814467991963511,5.628935983927022,4.220186299089505,8.44037259817901,0.09047976921154799,0.18095953842309598
486.0,486.0,13.75,3.3063634781127575,6.612726956225515,2.0310218888362783,4.062043777672557,3.2326920173622966,6.465384034724593,0.073671460750516,0.147342921501032
486.0,486.0,14.25,2.2577402373160567,4.515480474632113,1.171097244638247,2.342194489276494,2.187273204622784,4.374546409245568,0.07046703269333143,0.14093406538666287
486.0,486.0,14.75,1.1404398704073628,2.2808797408147257,0.2156126916620451,0.4312253833240902,1.0759695628374857,2.1519391256749714,0.06447030756961425,0.1289406151392285
486.0,486.0,15.25,0.15286298087721661,0.30572596175443323,-0.6391150100044456,-1.2782300200088912,0.10440172854407592,0.20880345708815184,0.04846125233375531,0.09692250466751062
486.0,486.0,15.75,0.019566993197486227,0.03913398639497245,-0.6720031346417272,-1.3440062692834545,0.0005562264225318359,0.0011124528450636717,0.019010766775160448,0.038021533550320896
486.0,486.0,16.25,0.009050680940845268,0.018101361881690536,-0.5961998813955347,-1.1923997627910694,3.5354354622540995e-05,7.070870924508199e-05,0.009015326585823047,0.018030653171646094
486.0,486.0,16.75,0.005113952146416523,0.010227904292833045,-0.5415420849537895,-1.083084169907579,1.4277464970291476e-05,2.855492994058295e-05,0.005099674680758781,0.010199349361517562
486.0,486.0,17.25,0.0030698363473220525,0.006139672694644105,-0.4996237015973293,-0.9992474031946585,6.7221627659819205e-06,1.3444325531963841e-05,0.0030631141842434317,0.0061262283684868635
486.0,486.0,17.75,0.001544803955084717,0.003089607910169434,-0.030074946666502456,-0.06014989333300491,3.514046397867787e-06,7.028092795735574e-06,0.0015412899075428754,0.003082579815085751
486.0,486.0,18.25,0.0007365472491756009,0.0014730944983512018,-0.016418265406457522,-0.032836530812915043,5.552913762585376e-06,1.1105827525170753e-05,0.0007309943346385239,0.0014619886692770478
486.0,486.0,18.75,0.00041369750056219345,0.0008273950011243869,-0.006285349623055936,-0.012570699246111872,6.520770853057911e-06,1.3041541706115822e-05,0.00040717672914425407,0.0008143534582885081
486.0,486.0,19.25,0.00027371820738153474,0.0005474364147630695,-0.001621886768305103,-0.003243773536610206,7.493702582905826e-06,1.4987405165811651e-05,0.00026622450514679485,0.0005324490102935897
486.0,486.0,19.75,0.00020546569328416808,0.00041093138656833617,-0.00033310311675904813,-0.0006662062335180963,8.755721296438423e-06,1.7511442592876847e-05,0.00019670997234122467,0.00039341994468244934
486.0,486.0,20.25,0.00016762233360623213,0.00033524466721246426,1.904937067820356e-05,3.809874135640712e-05,1.0745807571765909e-05,2.1491615143531817e-05,0.00015687652454055012,0.00031375304908110024
486.0,486.0,20.75,0.0001474666023568716,0.0002949332047137432,0.00010217495207598404,0.00020434990415196808,1.480291234656761e-05,2.960582469313522e-05,0.00013266369107789444,0.0002653273821557889
486.0,486.0,21.25,0.00016550431132600352,0.00033100862265200703,0.00015516091747258542,0.00031032183494517085,4.305547133753862e-05,8.611094267507724e-05,0.0001224488396669443,0.0002448976793338886
486.0,486.0,21.75,0.00029296225943653553,0.0005859245188730711,0.00028803689417600253,0.0005760737883520051,0.00017656785246344953,0.00035313570492689905,0.000116394405335285,0.00023278881067057
486.0,486.0,22.25,0.00027355757163149974,0.0005471151432629995,0.00026870312228766124,0.0005374062445753225,0.0001644650784555779,0.0003289301569111558,0.00010909249372836882,0.00021818498745673764
486.0,486.0,22.75,0.00023896122854694113,0.00047792245709388226,0.00023247026877015742,0.00046494053754031484,0.0001432842524309308,0.0002865685048618616,9.567697570744826e-05,0.00019135395141489653
486.0,486.0,23.25,0.00019608968614193145,0.0003921793722838629,0.00018439371081058198,0.00036878742162116396,0.00011738952105133649,0.00023477904210267297,7.870016623989784e-05,0.00015740033247979568
486.0,486.0,23.75,0.00015147912210977665,0.0003029582442195533,0.0001239656633060804,0.0002479313266121608,9.071932220194867e-05,0.00018143864440389734,6.075980143727122e-05,0.00012151960287454244
486.0,486.0,24.25,0.00011097619744759868,0.00022195239489519736,3.5900935586141713e-05,7.180187117228343e-05,6.668569585599471e-05,0.00013337139171198942,4.4290503195654196e-05,8.858100639130839e-05
486.0,486.0,24.75,7.848262691823038e-05,0.00015696525383646076,-0.00011437474995545927,-0.00022874949991091853,4.752151869524823e-05,9.504303739049647e-05,3.0961105471405403e-05,6.192221094281081e-05
486.0,486.0,25.25,5.563883496506605e-05,0.0001112776699301321,-0.00040531735231752464,-0.0008106347046350493,3.420335588089074e-05,6.840671176178148e-05,2.1435479695242066e-05,4.287095939048413e-05
486.0,486.0,25.75,4.615196712620673e-05,9.230393425241346e-05,-0.0008515066580798702,-0.0017030133161597405,3.072022252581519e-05,6.144044505163038e-05,1.5431745080007886e-05,3.086349016001577e-05
486.0,486.0,26.25,0.00012786034835698956,0.0002557206967139791,-0.002800498048429745,-0.00560099609685949,0.00011829631739601609,0.00023659263479203219,9.564030072795049e-06,1.9128060145590098e-05
486.0,486.0,26.75,0.00013336067377167637,0.00026672134754335275,-0.0028583544564071417,-0.005716708912814283,0.00012333350946391874,0.0002466670189278375,1.0027164007553324e-05,2.005432801510665e-05
486.0,486.0,27.25,0.0001456877550936042,0.0002913755101872084,-0.0028799292114172204,-0.005759858422834441,0.0001346222384199791,0.0002692444768399582,1.106551696494762e-05,2.213103392989524e-05
486.0,486.0,27.75,0.00016013676349757588,0.00032027352699515177,-0.0029058763549301148,-0.0058117527098602295,0.00014785091559588182,0.00029570183119176363,1.2285848040249903e-05,2.4571696080499805e-05
486.0,486.0,28.25,0.00017405276457793661,0.00034810552915587323,-0.002912438491080138,-0.005824876982160276,0.00016058640153460146,0.00032117280306920293,1.3466362926095599e-05,2.6932725852191197e-05
486.0,486.0,28.75,0.00018596471988985286,0.0003719294397797057,-0.002905714916209945,-0.00581142983241989,0.00017148007339073956,0.0003429601467814791,1.4484646234436127e-05,2.8969292468872254e-05
486.0,486.0,29.25,0.000194929480699102,0.000389858961398204,-0.0028894715458704923,-0.0057789430917409845,0.0001796678532173246,0.0003593357064346492,1.526162702347733e-05,3.052325404695466e-05
486.0,486.0,29.75,0.00020010974310480378,0.00040021948620960757,-0.0028682496726446516,-0.005736499345289303,0.00018439032896822027,0.00036878065793644055,1.571941405131838e-05,3.143882810263676e-05
492.0,492.0,0.25,41.82200262642862,83.64400525285724,8.908433777665714,17.816867555331427,41.47999145017067,82.95998290034134,0.3420111762579327,0.6840223525158654
492.0,492.0,0.75,41.49673376576208,82.99346753152416,10.435218836683365,20.87043767336673,41.101164949428465,82.20232989885693,0.3955688163337416,0.7911376326674832
492.0,492.0,1.25,40.847304274307945,81.69460854861589,12.145968768545863,24.291937537091727,40.43884531457036,80.87769062914072,0.40845895973750446,0.8169179194750089
492.0,492.0,1.75,40.19947542555283,80.39895085110567,13.7365377784169,27.4730755568338,39.779496068168726,79.55899213633745,0.4199793573839463,0.8399587147678926
492.0,492.0,2.25,39.53881551843608,79.07763103687216,15.210000014654412,30.420000029308824,39.10555110934726,78.21110221869452,0.43326440908845876,0.8665288181769175
492.0,492.0,2.75,39.00106582164864,78.00213164329728,16.5516713586384,33.1033427172768,38.55045411541198,77.10090823082396,0.45061170623675983,0.9012234124735197
492.0,492.0,3.25,38.248795385986824,76.49759077197365,17.706183008322427,35.41236601664485,37.79159944029104,75.58319888058207,0.4571959456961805,0.914391891392361
492.0,492.0,3.75,37.64381797341588,75.28763594683176,18.8427312440503,37.6854624881006,37.20165561505968,74.40331123011936,0.44216235835644424,0.8843247167128885
492.0,492.0,4.25,36.78331836463241,73.56663672926481,19.663502160535216,39.32700432107043,36.36079951190959,72.72159902381918,0.4225188527231247,0.8450377054462495
492.0,492.0,4.75,36.111959904542914,72.22391980908583,20.56762352915908,41.13524705831816,35.706777396450775,71.41355479290155,0.4051825080916345,0.810365016183269
492.0,492.0,5.25,35.23524879085869,70.47049758171738,21.1876741622485,42.375348324497,34.849266211637655,69.69853242327531,0.3859825792207996,0.7719651584415992
492.0,492.0,5.75,34.54695748426752,69.09391496853505,21.820284587253184,43.64056917450637,34.17684409077191,68.35368818154382,0.37011339349620087,0.7402267869924017
492.0,492.0,6.25,33.62570585875852,67.25141171751704,22.235772664574256,44.47154532914851,33.27277859827922,66.54555719655843,0.3529272604790137,0.7058545209580274
492.0,492.0,6.75,32.821017811420916,65.64203562284183,22.69614511697324,45.39229023394648,32.482089578082196,64.96417915616439,0.3389282333377448,0.6778564666754896
492.0,492.0,7.25,31.687028788117118,63.374057576234236,22.701922519089806,45.40384503817961,31.363735835703324,62.72747167140665,0.3232929524145982,0.6465859048291964
492.0,492.0,7.75,30.38861056420808,60.77722112841616,22.403763122500493,44.807526245000986,30.073404785526918,60.146809571053836,0.3152057786813476,0.6304115573626952
492.0,492.0,8.25,23.318498982406936,46.63699796481387,17.76841389098763,35.53682778197526,22.849779671180613,45.699559342361226,0.46871931122601307,0.9374386224520261
492.0,492.0,8.75,21.18443864061419,42.36887728122838,16.509011411357392,33.018022822714784,20.74908863184112,41.49817726368224,0.43535000877228036,0.8707000175445607
492.0,492.0,9.25,19.07696950542504,38.15393901085008,15.174718968393904,30.349437936787808,18.675659356977917,37.351318713955834,0.40131014844647694,0.8026202968929539
492.0,492.0,9.75,16.983753965598794,33.96750793119759,13.786761092666836,27.573522185333672,16.61764115538756,33.23528231077512,0.3661128102124538,0.7322256204249076
492.0,492.0,10.25,14.914682511357114,29.829365022714228,12.298694309918915,24.59738861983783,14.584713453149561,29.169426906299122,0.32996905820674005,0.6599381164134801
492.0,492.0,10.75,12.86610547160717,25.73221094321434,10.717271778292456,21.434543556584913,12.571091667841188,25.142183335682375,0.29501380376484576,0.5900276075296915
492.0,492.0,11.25,9.911474454221093,19.822948908442186,8.223315297463444,16.446630594926887,9.627188465524,19.254376931048,0.28428598869605537,0.5685719773921107
492.0,492.0,11.75,9.312223929638094,18.624447859276188,6.910079280549496,13.820158561098992,9.136240214910458,18.272480429820916,0.17598371472695185,0.3519674294539037
492.0,492.0,12.25,7.461276310718631,14.922552621437262,5.3752678855356635,10.750535771071327,7.316192762862215,14.63238552572443,0.1450835478559842,0.2901670957119684
492.0,492.0,12.75,5.825116097201203,11.650232194402406,4.053427598698136,8.106855197396271,5.708298671121838,11.416597342243676,0.11681742608091028,0.23363485216182056
492.0,492.0,13.25,4.487771467022981,8.975542934045961,2.9915733906880178,5.9831467813760355,4.394576712037292,8.789153424074584,0.09319475498663543,0.18638950997327086
492.0,492.0,13.75,3.4645871226890677,6.929174245378135,2.1892455334133274,4.378491066826655,3.389082056922007,6.778164113844014,0.07550506576763816,0.15101013153527632
492.0,492.0,14.25,2.5011974959273857,5.002394991854771,1.4145545032488371,2.8291090064976743,2.431242976660087,4.862485953320174,0.069954519266334,0.139909038532668
492.0,492.0,14.75,1.3897432991698224,2.779486598339645,0.46491612042547104,0.9298322408509421,1.324039460359586,2.648078920719172,0.06570383881061304,0.13140767762122607
492.0,492.0,15.25,0.3009483464028335,0.601896692805667,-0.491029644479795,-0.98205928895959,0.24624887446975663,0.49249774893951326,0.0546994719324978,0.1093989438649956
492.0,492.0,15.75,0.02574515029266422,0.05149030058532844,-0.665824977546265,-1.33164995509253,0.0015917968910343916,0.003183593782068783,0.024153353400988564,0.04830670680197713
492.0,492.0,16.25,0.010798158388411139,0.021596316776822277,-0.5944524039474004,-1.1889048078948008,5.3383981935439806e-05,0.00010676796387087961,0.0107447744066409,0.0214895488132818
492.0,492.0,16.75,0.005893633423056599,0.011787266846113198,-0.5407624036768652,-1.0815248073537305,1.8617500700202072e-05,3.7235001400404144e-05,0.005875015922022442,0.011750031844044884
492.0,492.0,17.25,0.003476720375488185,0.00695344075097637,-0.49921681756995895,-0.9984336351399179,8.163375241565518e-06,1.6326750483131036e-05,0.0034685570001276034,0.006937114000255207
492.0,492.0,17.75,0.001722411721516437,0.003444823443032874,-0.029897338899900205,-0.05979467779980041,3.6122132769378368e-06,7.2244265538756736e-06,0.001718799507571589,0.003437599015143178
492.0,492.0,18.25,0.0007951784369879533,0.0015903568739759066,-0.016359634218076735,-0.03271926843615347,5.3954312306814245e-06,1.0790862461362849e-05,0.0007897830051462051,0.0015795660102924103
492.0,492.0,18.75,0.00042730043321626,0.00085460086643252,-0.006271746692107172,-0.012543493384214344,6.258428356886725e-06,1.251685671377345e-05,0.00042104200341519515,0.0008420840068303903
492.0,492.0,19.25,0.00027084778776043095,0.0005416955755208619,-0.0016247571889493884,-0.0032495143778987767,7.1999143074208405e-06,1.4399828614841681e-05,0.00026364787417954005,0.0005272957483590801
492.0,492.0,19.75,0.0001974004831026832,0.0003948009662053664,-0.0003411683259741949,-0.0006823366519483898,8.41698079057096e-06,1.683396158114192e-05,0.0001889835018573649,0.0003779670037147298
492.0,492.0,20.25,0.00015867586000695155,0.0003173517200139031,1.0102896965236141e-05,2.0205793930472282e-05,1.0289811598340748e-05,2.0579623196681496e-05,0.00014838604818123713,0.00029677209636247426
492.0,492.0,20.75,0.00013890158754747972,0.00027780317509495944,9.360993720974875e-05,0.0001872198744194975,1.420588409928314e-05,2.841176819856628e-05,0.00012469570360629234,0.0002493914072125847
492.0,492.0,21.25,0.00015611194260145567,0.00031222388520291133,0.00014576854778169945,0.0002915370955633989,4.1146675357595086e-05,8.229335071519017e-05,0.00011496526725629508,0.00022993053451259016
492.0,492.0,21.75,0.00027629978717413906,0.0005525995743482781,0.00027137442276625734,0.0005427488455325147,0.00016679472798841743,0.00033358945597683487,0.00010950505799556254,0.00021901011599112508
492.0,492.0,22.25,0.000258828024129798,0.000517656048259596,0.00025397357620704497,0.0005079471524140899,0.00015587102245717688,0.00031174204491435376,0.00010295700390727802,0.00020591400781455604
492.0,492.0,22.75,0.00022716827402291528,0.00045433654804583057,0.00022067731475772234,0.0004413546295154447,0.00013645426872699318,0.00027290853745398636,9.07140044485999e-05,0.0001814280088971998
492.0,492.0,23.25,0.0001876660206789893,0.0003753320413579786,0.00017597004307390307,0.00035194008614780614,0.0001125592475546,0.0002251184951092,7.510677307287494e-05,0.0001502135461457499
492.0,492.0,23.75,0.00014615481927648943,0.00029230963855297887,0.00011864136035910633,0.00023728272071821266,8.770302065386204e-05,0.00017540604130772408,5.845179820873625e-05,0.0001169035964174725
492.0,492.0,24.25,0.00010799252140714088,0.00021598504281428177,3.2917258749876055e-05,6.583451749975211e-05,6.501600194042112e-05,0.00013003200388084224,4.2976519129211965e-05,8.595303825842393e-05
492.0,492.0,24.75,7.694801809066121e-05,0.00015389603618132242,-0.00011590935730509955,-0.0002318187146101991,4.6666116986671113e-05,9.333223397334223e-05,3.028190096543426e-05,6.056380193086852e-05
492.0,492.0,25.25,5.47841594880083e-05,0.0001095683189760166,-0.00040617202773773897,-0.0008123440554754779,3.370956926573854e-05,6.741913853147707e-05,2.1074590367931023e-05,4.2149180735862046e-05
492.0,492.0,25.75,4.5279371761353104e-05,9.055874352270621e-05,-0.0008523792549226528,-0.0017047585098453055,3.013014145381021e-05,6.026028290762042e-05,1.514922849388256e-05,3.029845698776512e-05
492.0,492.0,26.25,0.00012387104607114452,0.00024774209214228904,-0.0028044873504313728,-0.0056089747008627455,0.00011462760789981985,0.0002292552157996397,9.243439274442267e-06,1.8486878548884533e-05
492.0,492.0,26.75,0.0001285380825493121,0.0002570761650986242,-0.0028631770471747586,-0.005726354094349517,0.00011890379789747385,0.0002378075957949477,9.634285524029451e-06,1.9268571048058902e-05
492.0,492.0,27.25,0.00014002722514305788,0.00028005445028611575,-0.002885589740856176,-0.005771179481712352,0.00012942863929765736,0.0002588572785953147,1.0598585372889602e-05,2.1197170745779204e-05
492.0,492.0,27.75,0.00015374185898053838,0.00030748371796107676,-0.0029122712591060917,-0.0058245425182121835,0.00014198846110957675,0.0002839769222191535,1.175339768266781e-05,2.350679536533562e-05
492.0,492.0,28.25,0.00016704448864857113,0.00033408897729714226,-0.002919446767066347,-0.005838893534132694,0.00015416552002989192,0.00030833104005978385,1.2878968682628056e-05,2.575793736525611e-05
492.0,492.0,28.75,0.00017846781736352568,0.00035693563472705137,-0.0029132118191910195,-0.005826423638382039,0.00016461446637094923,0.00032922893274189846,1.385335069059579e-05,2.770670138119158e-05
492.0,492.0,29.25,0.0001870749482577594,0.0003741498965155188,-0.002897326079676077,-0.005794652159352154,0.00017247680773380125,0.0003449536154676025,1.4598139832955326e-05,2.919627966591065e-05
492.0,492.0,29.75,0.00019204427474051045,0.0003840885494810209,-0.002876315140326824,-0.005752630280653648,0.00017700710623103078,0.00035401421246206155,1.5037168541454093e-05,3.0074337082908187e-05
504.0,504.0,0.25,41.151648369236135,82.30329673847227,8.238079520473242,16.476159040946484,40.81166273296607,81.62332546593214,0.33998563627011463,0.6799712725402293
504.0,504.0,0.75,41.170730178726394,82.34146035745279,10.109215249647644,20.218430499295287,40.7740812480814,81.5481624961628,0.3966489306451159,0.7932978612902318
504.0,504.0,1.25,40.442783326436356,80.88556665287271,11.741447820674402,23.482895641348804,40.033054595224584,80.06610919044917,0.40972873121188647,0.8194574624237729
504.0,504.0,1.75,39.67691141062947,79.35382282125894,13.213973763493183,26.427947526986365,39.257852744380884,78.51570548876177,0.4190586662484985,0.838117332496997
504.0,504.0,2.25,38.934196944189665,77.86839388837933,14.605381440408273,29.210762880816546,38.50724853566368,77.01449707132736,0.426948408526193,0.853896817052386
504.0,504.0,2.75,38.26923393873943,76.53846787747887,15.819839475728998,31.639678951457995,37.83614669414334,75.67229338828668,0.43308724459599035,0.8661744891919807
504.0,504.0,3.25,37.31050697060434,74.62101394120867,16.76789459293923,33.53578918587846,36.873757195129286,73.74751439025857,0.43674977547492766,0.8734995509498553
504.0,504.0,3.75,36.529403384400325,73.05880676880065,17.728316655035243,35.45663331007049,36.08752485228234,72.17504970456469,0.4418785321177827,0.8837570642355654
504.0,504.0,4.25,35.478206191714946,70.95641238342989,18.358389987618395,36.71677997523679,35.03308998538688,70.06617997077376,0.4451162063283416,0.8902324126566832
504.0,504.0,4.75,34.53092672757617,69.06185345515235,18.986590352192536,37.97318070438507,34.08127626994474,68.16255253988948,0.44965045763186007,0.8993009152637201
504.0,504.0,5.25,33.221339112952364,66.44267822590473,19.173764484342513,38.347528968685026,32.76917975811949,65.53835951623898,0.45215935483274006,0.9043187096654801
504.0,504.0,5.75,31.932028622048904,63.86405724409781,19.20535572503465,38.4107114500693,31.476113493226364,62.95222698645273,0.4559151288231771,0.9118302576463542
504.0,504.0,6.25,30.242436707673107,60.484873415346215,18.85250351348816,37.70500702697632,29.784053723286945,59.56810744657389,0.4583829843857137,0.9167659687714274
504.0,504.0,6.75,28.592860804508973,57.185721609017946,18.467988110062237,36.93597622012447,28.131226552341616,56.26245310468323,0.4616342521675669,0.9232685043351339
504.0,504.0,7.25,26.553078339728415,53.10615667945683,17.567972070701472,35.135944141402945,26.091697149445906,52.18339429889181,0.46138119028223024,0.9227623805644605
504.0,504.0,7.75,24.20673981699622,48.41347963399244,16.22189237528889,32.44378475057778,23.747209754341384,47.49441950868277,0.4595300626549452,0.9190601253098905
504.0,504.0,8.25,17.785250087536042,35.570500175072084,12.235164996117874,24.470329992235747,17.22050550015672,34.44101100031344,0.5647445873799448,1.1294891747598896
504.0,504.0,8.75,15.958407470294105,31.91681494058821,11.282980241039013,22.565960482078026,15.431423564807233,30.862847129614465,0.5269839054864924,1.0539678109729849
504.0,504.0,9.25,14.28398451394446,28.56796902788892,10.381733976914234,20.763467953828467,13.797873854826435,27.59574770965287,0.4861106591186637,0.9722213182373274
504.0,504.0,9.75,12.682861261882636,25.36572252376527,9.485868388949086,18.971736777898172,12.241891329611462,24.483782659222925,0.44096993226989945,0.8819398645397989
504.0,504.0,10.25,11.151553700694649,22.303107401389298,8.535565499258382,17.071130998516765,10.758957554194353,21.517915108388706,0.3925961465003489,0.7851922930006978
504.0,504.0,10.75,9.658758027584327,19.317516055168653,7.509924334271602,15.019848668543204,9.315897616700227,18.631795233400453,0.34286041088526,0.68572082177052
504.0,504.0,11.25,7.492554121155308,14.985108242310616,5.804394964397943,11.608789928795886,7.184077649682763,14.368155299365526,0.308476471471371,0.616952942942742
504.0,504.0,11.75,7.264304972526816,14.528609945053631,4.8621603234390705,9.724320646878141,7.053025687320201,14.106051374640401,0.2112792852068317,0.4225585704136634
504.0,504.0,12.25,5.967954033010756,11.935908066021511,3.881945607826708,7.763891215653416,5.799546291671845,11.59909258334369,0.16840774133846992,0.33681548267693984
504.0,504.0,12.75,4.77147727116062,9.54295454232124,2.999788772654881,5.999577545309762,4.6405738084939685,9.281147616987937,0.13090346266622177,0.26180692533244354
504.0,504.0,13.25,3.7816873769064614,7.563374753812923,2.285489300570589,4.570978601141178,3.681038662476908,7.362077324953816,0.10064871443002055,0.2012974288600411
504.0,504.0,13.75,3.0126053951610174,6.025210790322035,1.7372638058843677,3.4745276117687354,2.9346060756404313,5.869212151280863,0.0779993195208295,0.155998639041659
504.0,504.0,14.25,2.383810526877596,4.767621053755192,1.2971675341995592,2.5943350683991184,2.318946345598647,4.637892691197294,0.06486418127842164,0.12972836255684328
504.0,504.0,14.75,1.455984057204546,2.911968114409092,0.5311568784599672,1.0623137569199343,1.392452128822697,2.784904257645394,0.06353192838206745,0.1270638567641349
504.0,504.0,15.25,0.5155868498590053,1.0311736997180105,-0.27639114102305484,-0.5527822820461097,0.4597651812169943,0.9195303624339886,0.0558216686429045,0.111643337285809
504.0,504.0,15.75,0.03553072498277743,0.07106144996555486,-0.656039402857175,-1.31207880571435,0.0028065095525562356,0.005613019105112471,0.03272421542940762,0.06544843085881524
504.0,504.0,16.25,0.015417672116086578,0.030835344232173156,-0.5898328902204639,-1.1796657804409278,0.00023700076860677655,0.0004740015372135531,0.015180671347689412,0.030361342695378823
504.0,504.0,16.75,0.008027764353300881,0.016055528706601763,-0.5386282727463936,-1.0772565454927872,6.921025931205804e-05,0.00013842051862411608,0.007958554094681602,0.015917108189363205
504.0,504.0,17.25,0.00455392578237479,0.00910785156474958,-0.49813961216335656,-0.9962792243267131,1.7313278135588916e-05,3.462655627117783e-05,0.004536612504496773,0.009073225008993546
504.0,504.0,17.75,0.0021764102875749813,0.004352820575149963,-0.02944334033384166,-0.05888668066768332,3.4016253493973636e-06,6.803250698794727e-06,0.002173008661026543,0.004346017322053086
504.0,504.0,18.25,0.0009493356858456536,0.0018986713716913073,-0.016205476969958,-0.032410953939916,4.540553845799877e-06,9.081107691599755e-06,0.0009447951308594327,0.0018895902617188653
504.0,504.0,18.75,0.0004717459013363623,0.0009434918026727246,-0.006227301221429116,-0.012454602442858231,5.286081545818888e-06,1.0572163091637776e-05,0.0004664598216788107,0.0009329196433576215
504.0,504.0,19.25,0.00027405712739891896,0.0005481142547978379,-0.0016215478495951174,-0.003243095699190235,6.222493311724975e-06,1.244498662344995e-05,0.0002678346334530346,0.0005356692669060692
504.0,504.0,19.75,0.00018628033058121218,0.00037256066116242437,-0.0003522884799735948,-0.0007045769599471896,7.394308795483084e-06,1.4788617590966169e-05,0.00017888602204685355,0.0003577720440937071
504.0,504.0,20.25,0.00014374771899383632,0.00028749543798767263,-4.825243138384394e-06,-9.650486276768788e-06,9.165059395854769e-06,1.8330118791709538e-05,0.00013458265890520238,0.00026916531781040476
504.0,504.0,20.75,0.00012375239191442233,0.00024750478382884467,7.846074157669136e-05,0.00015692148315338272,1.2755875786751858e-05,2.5511751573503716e-05,0.00011099651631774066,0.0002219930326354813
504.0,504.0,21.25,0.0001392716029613439,0.0002785432059226878,0.00012892820961951656,0.00025785641923903313,3.745501942375995e-05,7.49100388475199e-05,0.00010181658458918719,0.00020363316917837437
504.0,504.0,21.75,0.0002466244372953952,0.0004932488745907904,0.00024169907243276612,0.00048339814486553223,0.00014921411343493673,0.00029842822686987347,9.741032403276506e-05,0.00019482064806553012
504.0,504.0,22.25,0.0002330805615429199,0.0004661611230858398,0.00022822611060746567,0.00045645222121493134,0.00014081366668960982,0.00028162733337921964,9.226689258312604e-05,0.00018453378516625207
504.0,504.0,22.75,0.0002065032799691835,0.000413006559938367,0.00020001232121558132,0.00040002464243116265,0.00012449623238808272,0.00024899246477616543,8.200704711214257e-05,0.00016401409422428515
504.0,504.0,23.25,0.00017261490756936837,0.00034522981513873674,0.0001609189307032466,0.0003218378614064932,0.00010392755370958184,0.0002078551074191637,6.868735367682177e-05,0.00013737470735364354
504.0,504.0,23.75,0.00013633054857109528,0.00027266109714219056,0.00010881708743681884,0.00021763417487363768,8.210884186610201e-05,0.00016421768373220402,5.42217067529549e-05,0.0001084434135059098
504.0,504.0,24.25,0.00010225567575616878,0.00020451135151233757,2.7180413042060536e-05,5.436082608412107e-05,6.176164015414543e-05,0.00012352328030829085,4.049403653283434e-05,8.098807306566869e-05
504.0,504.0,24.75,7.386501749806484e-05,0.0001477300349961297,-0.00011899235840928668,-0.00023798471681857336,4.490629589781747e-05,8.981259179563494e-05,2.8958721374650054e-05,5.791744274930011e-05
504.0,504.0,25.25,5.303835553149838e-05,0.00010607671106299676,-0.00040791783254690017,-0.0008158356650938003,3.2673994383003446e-05,6.534798876600689e-05,2.0364361207114712e-05,4.0728722414229424e-05
504.0,504.0,25.75,4.361715218692552e-05,8.723430437385105e-05,-0.0008540414737581159,-0.0017080829475162318,2.8995835577916296e-05,5.799167115583259e-05,1.4621315520102485e-05,2.924263104020497e-05
504.0,504.0,26.25,0.00011710640580986365,0.0002342128116197273,-0.0028112519904084365,-0.005622503980816873,0.00010840691140856507,0.00021681382281713013,8.699494436825717e-06,1.7398988873651433e-05
504.0,504.0,26.75,0.00012034235510327562,0.00024068471020655124,-0.0028713727755871332,-0.0057427455511742664,0.00011138106549424265,0.0002227621309884853,8.961289509556991e-06,1.7922579019113982e-05
504.0,504.0,27.25,0.00013032917638611252,0.00026065835277222504,-0.0028952877901815555,-0.005790575580363111,0.00012053870489125984,0.00024107740978251968,9.79047174354264e-06,1.958094348708528e-05
504.0,504.0,27.75,0.00014272539101511938,0.00028545078203023877,-0.0029232877275831015,-0.005846575455166203,0.00013189971252813848,0.00026379942505627696,1.0825678947057327e-05,2.1651357894114653e-05
504.0,504.0,28.25,0.00015493575995151332,0.00030987151990302664,-0.0029315554955928746,-0.005863110991185749,0.00014308404422536114,0.0002861680884507223,1.1851715866484369e-05,2.3703431732968738e-05
504.0,504.0,28.75,0.00016549298652535072,0.00033098597305070143,-0.0029261866500291944,-0.005852373300058389,0.0001527458958889838,0.0003054917917779676,1.2747090277542839e-05,2.5494180555085677e-05
504.0,504.0,29.25,0.00017346613321933546,0.0003469322664386709,-0.002910934893634476,-0.005821869787268952,0.00016003201471903594,0.0003200640294380719,1.3434118750765833e-05,2.6868237501531667e-05
504.0,504.0,29.75,0.00017805894697175972,0.00035611789394351945,-0.002890300468550322,-0.005780600937100644,0.00016421958912360424,0.0003284391782472085,1.3839357897893478e-05,2.7678715795786957e-05
528.0,528.0,0.25,41.29177388788962,82.58354777577924,8.378205039126602,16.756410078253204,40.9472803015929,81.8945606031858,0.3444935862965603,0.6889871725931206
528.0,528.0,0.75,41.168435453906284,82.33687090781257,10.10692052482744,20.21384104965488,40.764779323269565,81.52955864653913,0.4036561306368179,0.8073122612736358
528.0,528.0,1.25,40.24712837232099,80.49425674464197,11.545792866558902,23.091585733117803,39.83015976449036,79.66031952898072,0.4169686078306998,0.8339372156613996
528.0,528.0,1.75,39.22239415930342,78.44478831860684,12.7594565121673,25.5189130243346,38.796375213348284,77.59275042669657,0.4260189459548698,0.8520378919097396
528.0,528.0,2.25,38.207748697885535,76.41549739577107,13.878933194104242,27.757866388208484,37.77445362893624,75.54890725787249,0.433295068949356,0.866590137898712
528.0,528.0,2.75,37.26157246728303,74.52314493456606,14.812178004272674,29.624356008545348,36.82331410644599,73.64662821289198,0.43825836083723413,0.8765167216744683
528.0,528.0,3.25,35.952185280539936,71.90437056107987,15.409572902875183,30.819145805750367,35.51183459075193,71.02366918150386,0.44035068978838954,0.8807013795767791
528.0,528.0,3.75,34.77316623167911,69.54633246335823,15.972079502314031,31.944159004628062,34.329681053757895,68.65936210751579,0.4434851779215032,0.8869703558430064
528.0,528.0,4.25,33.25433188265413,66.50866376530826,16.13451567855654,32.26903135711308,32.809589024432,65.619178048864,0.4447428582219475,0.889485716443895
528.0,528.0,4.75,31.73018591558514,63.46037183117028,16.18584954020116,32.37169908040232,31.283195924051142,62.566391848102285,0.44698999153433716,0.8939799830686743
528.0,528.0,5.25,29.640802339462596,59.28160467892519,15.593227710852574,31.186455421705148,29.193548559616033,58.38709711923207,0.4472537798465961,0.8945075596931922
528.0,528.0,5.75,27.272417597604658,54.544835195209316,14.545744700589296,29.091489401178592,26.824988003219005,53.64997600643801,0.4474295943853308,0.8948591887706616
528.0,528.0,6.25,24.150043516651067,48.300087033302134,12.760110322466915,25.52022064493383,23.705707433268117,47.411414866536234,0.4443360833829866,0.8886721667659732
528.0,528.0,6.75,20.777586381176945,41.55517276235389,10.652713686729555,21.30542737345911,20.33603267075881,40.67206534151762,0.44155371041779023,0.8831074208355805
528.0,528.0,7.25,16.83597119082708,33.67194238165416,7.850864921800223,15.701729843600447,16.392094502494672,32.784189004989344,0.4438766883327476,0.8877533766654953
528.0,528.0,7.75,12.979524266766191,25.959048533532382,4.994676825057894,9.989353650115788,12.52897705452932,25.05795410905864,0.4505472122367298,0.9010944244734596
528.0,528.0,8.25,8.348500619540573,16.697001239081146,2.798415528122746,5.596831056245492,7.857489669554411,15.714979339108822,0.49101094998651096,0.9820218999730219
528.0,528.0,8.75,6.95907151415588,13.91814302831176,2.283644284900248,4.567288569800496,6.494339801966362,12.988679603932724,0.46473171218968456,0.9294634243793691
528.0,528.0,9.25,5.776792638259735,11.55358527651947,1.8745421012283998,3.7490842024567996,5.3341553421649905,10.668310684329981,0.4426372960943681,0.8852745921887362
528.0,528.0,9.75,4.772897419222545,9.54579483844509,1.5759045462910706,3.151809092582141,4.350030307910515,8.70006061582103,0.42286711131310284,0.8457342226262057
528.0,528.0,10.25,3.942135797128003,7.884271594256006,1.3261475956904576,2.652295191380915,3.5367581758720235,7.073516351744047,0.405377621255095,0.81075524251019
528.0,528.0,10.75,3.251693057780585,6.50338611556117,1.1028593644664966,2.205718728932993,2.8616402731289554,5.723280546257911,0.39005278465121407,0.7801055693024281
528.0,528.0,11.25,2.4938956735702504,4.987791347140501,0.805736516812118,1.611473033624236,2.113801698934367,4.227603397868734,0.3800939746347325,0.760187949269465
528.0,528.0,11.75,2.505335261435903,5.010670522871806,0.1031906123479871,0.2063812246959742,2.1643237559138697,4.328647511827739,0.34101150552206505,0.6820230110441301
528.0,528.0,12.25,2.1716382343122405,4.343276468624481,0.08562980912756757,0.17125961825513514,1.8586740734079967,3.7173481468159935,0.31296416090355095,0.6259283218071019
528.0,528.0,12.75,1.8801390270936054,3.7602780541872107,0.10845052858806525,0.2169010571761305,1.6008277963244382,3.2016555926488763,0.2793112307688581,0.5586224615377162
528.0,528.0,13.25,1.6332040159736607,3.2664080319473214,0.13700593963810093,0.27401187927620185,1.3916539692279457,2.7833079384558914,0.24155004674685365,0.4831000934937073
528.0,528.0,13.75,1.3531913290049715,2.706382658009943,0.07784973972908915,0.1556994794581783,1.149271891452372,2.298543782904744,0.20391943755198838,0.40783887510397676
528.0,528.0,14.25,0.32021166719073335,0.6404233343814667,-0.7664313254868773,-1.5328626509737546,0.13197428183093507,0.26394856366187014,0.18823738536026546,0.3764747707205309
528.0,528.0,14.75,0.1389005421534648,0.2778010843069296,-0.7859266365915687,-1.5718532731831374,0.00021833523578607128,0.00043667047157214256,0.13868220691783684,0.2773644138356737
528.0,528.0,15.25,0.09052762234637157,0.18105524469274314,-0.7014503685353759,-1.4029007370707518,6.617341682613187e-06,1.3234683365226374e-05,0.09052100500524496,0.18104201001048992
528.0,528.0,15.75,0.05475302754189215,0.1095060550837843,-0.6368171002974066,-1.2736342005948131,0.0,0.0,0.054753027542012944,0.10950605508402589
528.0,528.0,16.25,0.0310830108232949,0.0621660216465898,-0.5741675515125735,-1.148335103025147,0.0,0.0,0.031083010823545365,0.06216602164709073
528.0,528.0,16.75,0.01747097823420063,0.03494195646840126,-0.5291850588658917,-1.0583701177317835,0.0,0.0,0.017470978234143786,0.03494195646828757
528.0,528.0,17.25,0.009584218939153288,0.019168437878306577,-0.49310931900564015,-0.9862186380112803,0.0,0.0,0.009584218939551192,0.019168437879102385
528.0,528.0,17.75,0.0046135120957160325,0.009227024191432065,-0.02700623852436479,-0.05401247704872958,0.0,0.0,0.004613512096485195,0.00922702419297039
528.0,528.0,18.25,0.0018203953687816465,0.003640790737563293,-0.015334417287022006,-0.030668834574044013,0.0,0.0,0.0018203953684565732,0.0036407907369131465
528.0,528.0,18.75,0.0007607317428437455,0.001521463485687491,-0.005938315379978576,-0.011876630759957152,0.0,0.0,0.0007607317439255468,0.0015214634878510935
528.0,528.0,19.25,0.0003570109602151206,0.0007140219204302412,-0.001538594016381012,-0.003077188032762024,0.0,0.0,0.0003570109605846028,0.0007140219211692056
528.0,528.0,19.75,0.00019486884286834538,0.00038973768573669076,-0.0003436999673454011,-0.0006873999346908022,0.0,0.0,0.00019486884277952754,0.0003897376855590551
528.0,528.0,20.25,0.00012496529427608039,0.00024993058855216077,-2.360766811193571e-05,-4.721533622387142e-05,0.0,0.0,0.00012496529483740915,0.0002499305896748183
528.0,528.0,20.75,9.303542196903436e-05,0.00018607084393806872,4.7743769783892276e-05,9.548753956778455e-05,0.0,0.0,9.303542093341832e-05,0.00018607084186683664
528.0,528.0,21.25,8.958783610069077e-05,0.00017917567220138153,7.924444085460891e-05,0.00015848888170921782,6.598274808311544e-06,1.3196549616623088e-05,8.298956045038608e-05,0.00016597912090077216
528.0,528.0,21.75,0.00017842955799096671,0.00035685911598193343,0.0001735041938673021,0.0003470083877346042,9.60494526225375e-05,0.000192098905245075,8.238010576455679e-05,0.00016476021152911358
528.0,528.0,22.25,0.00018126271322671528,0.00036252542645343055,0.0001764082630302255,0.000352816526060451,9.887761393656547e-05,0.00019775522787313093,8.238509942337657e-05,0.00016477019884675315
528.0,528.0,22.75,0.00017357752744828758,0.00034715505489657517,0.00016708657028630114,0.0003341731405726023,9.585126429101365e-05,0.0001917025285820273,7.772626442026365e-05,0.0001554525288405273
528.0,528.0,23.25,0.00015646536678559642,0.00031293073357119283,0.0001447693898342095,0.000289538779668419,8.737164262129227e-05,0.00017474328524258453,6.909372325480945e-05,0.0001381874465096189
528.0,528.0,23.75,0.00013234078460300225,0.0002646815692060045,0.00010482732503191983,0.00020965465006383965,7.463870849733212e-05,0.00014927741699466424,5.770207632593838e-05,0.00011540415265187676
528.0,528.0,24.25,0.00010509783976431208,0.00021019567952862417,3.002257685125187e-05,6.004515370250374e-05,5.982043444419105e-05,0.0001196408688883821,4.527740649074019e-05,9.055481298148038e-05
528.0,528.0,24.75,7.919831750768935e-05,0.0001583966350153787,-0.00011365906004812132,-0.00022731812009624264,4.564645075788576e-05,9.129290151577152e-05,3.355186526832199e-05,6.710373053664398e-05
528.0,528.0,25.25,5.7479562201478984e-05,0.00011495912440295797,-0.0004034766262464018,-0.0008069532524928036,3.364977681030723e-05,6.729955362061446e-05,2.3829783183160202e-05,4.7659566366320405e-05
528.0,528.0,25.75,4.553321764433349e-05,9.106643528866698e-05,-0.0008521254066238271,-0.0017042508132476542,2.9065134981465235e-05,5.813026996293047e-05,1.646808526167831e-05,3.293617052335662e-05
528.0,528.0,26.25,0.00010832952511918847,0.00021665905023837695,-0.002820028871951763,-0.005640057743903526,9.96506011006204e-05,0.0001993012022012408,8.678923430593954e-06,1.735784686118791e-05
528.0,528.0,26.75,0.00011017669044122158,0.00022035338088244316,-0.0028815384399081267,-0.0057630768798162535,0.00010167732034460641,0.00020335464068921283,8.499370101944237e-06,1.6998740203888474e-05
528.0,528.0,27.25,0.00011913353455383913,0.00023826706910767825,-0.0029064834315590815,-0.005812966863118163,0.0001101077905332204,0.0002202155810664408,9.025744134305569e-06,1.8051488268611138e-05
528.0,528.0,27.75,0.00013051313601408765,0.0002610262720281753,-0.002935499981617795,-0.00587099996323559,0.00012066379031239194,0.00024132758062478388,9.849344632328894e-06,1.9698689264657787e-05
528.0,528.0,28.25,0.00014201412329839513,0.00028402824659679027,-0.0029444771323881014,-0.005888954264776203,0.00013127210661423305,0.0002625442132284661,1.0742016106846108e-05,2.1484032213692217e-05
528.0,528.0,28.75,0.00015219383533349173,0.00030438767066698347,-0.0029394857997715462,-0.0058789715995430925,0.00014063501555483526,0.0002812700311096705,1.1558820823154292e-05,2.3117641646308584e-05
528.0,528.0,29.25,0.00016001850622160418,0.00032003701244320837,-0.0029243825215701236,-0.005848765043140247,0.00014781649656470108,0.00029563299312940217,1.2202009262551883e-05,2.4404018525103766e-05
528.0,528.0,29.75,0.0001645932090923452,0.0003291864181846904,-0.0029037662067992187,-0.005807532413598437,0.00015200638199530658,0.00030401276399061317,1.258682645222109e-05,2.517365290444218e-05
576.0,576.0,0.25,40.78359482645958,81.56718965291915,7.8700259776967005,15.740051955393401,40.43871256247046,80.87742512494091,0.3448822639891665,0.689764527978333
576.0,576.0,0.75,40.05581767487958,80.11163534975915,8.994302745800654,17.98860549160131,39.65207096715244,79.30414193430488,0.4037467077270474,0.8074934154540948
576.0,576.0,1.25,38.39111306586058,76.78222613172116,9.689777560098669,19.379555120197338,37.97659921509657,75.95319843019314,0.414513850764087,0.829027701528174
576.0,576.0,1.75,35.91669957324068,71.83339914648136,9.453761926104715,18.90752385220943,35.5005399437198,71.0010798874396,0.41615962952064955,0.8323192590412991
576.0,576.0,2.25,33.15687832913798,66.31375665827596,8.828062825356795,17.65612565071359,32.74333418485705,65.4866683697141,0.41354414428104613,0.8270882885620923
576.0,576.0,2.75,30.204500649498016,60.40900129899603,7.755106186487495,15.51021237297499,29.79867405964768,59.59734811929536,0.4058265898503819,0.8116531797007638
576.0,576.0,3.25,26.165985647293127,52.33197129458625,5.62337326962799,11.24674653925598,25.775527881028182,51.551055762056365,0.3904577662648414,0.7809155325296828
576.0,576.0,3.75,21.89414009573693,43.78828019147386,3.093053366371919,6.186106732743838,21.52008758890142,43.04017517780284,0.374052506835969,0.748105013671938
576.0,576.0,4.25,17.33978812483832,34.67957624967664,0.2199719207410027,0.4399438414820054,16.981078913086378,33.962157826172756,0.3587092117514552,0.7174184235029104
576.0,576.0,4.75,13.267913788323938,26.535827576647876,-2.2764225870602317,-4.552845174120463,12.917678223429505,25.83535644685901,0.35023556489460894,0.7004711297892179
576.0,576.0,5.25,9.68786245323281,19.37572490646562,-4.3597121753765435,-8.719424350753087,9.337155318136695,18.67431063627339,0.35070713509669194,0.7014142701933839
576.0,576.0,5.75,6.938102431060884,13.876204862121767,-5.78857046595396,-11.57714093190792,6.57009572608257,13.14019145216514,0.3680067049777582,0.7360134099555165
576.0,576.0,6.25,4.7106448692385925,9.421289738477185,-6.679288324945553,-13.358576649891106,4.294982979761812,8.589965959523624,0.4156618894775086,0.8313237789550172
576.0,576.0,6.75,3.5673819806152665,7.134763961230533,-6.557490713832152,-13.114981427664304,3.093937888902815,6.18787577780563,0.47344409171213364,0.9468881834242673
576.0,576.0,7.25,1.4475139151368808,2.8950278302737615,-7.537592353889753,-15.075184707779506,0.8434448092967841,1.6868896185935682,0.6040691058403898,1.2081382116807795
576.0,576.0,7.75,0.6902300632902438,1.3804601265804877,-7.294617378417943,-14.589234756835886,0.0,0.0,0.6902300632899241,1.3804601265798482
576.0,576.0,8.25,0.6357027281343335,1.271405456268667,-4.9143823632843215,-9.828764726568643,0.0,0.0,0.6357027281338965,1.271405456267793
576.0,576.0,8.75,0.587044147666063,1.174088295332126,-4.088383081589891,-8.176766163179781,0.0,0.0,0.5870441476658321,1.1740882953316643
576.0,576.0,9.25,0.5491856161437454,1.0983712322874908,-3.3530649208873964,-6.706129841774793,0.0,0.0,0.5491856161432347,1.0983712322864694
576.0,576.0,9.75,0.5141327454770703,1.0282654909541407,-2.6828601274551582,-5.3657202549103165,0.0,0.0,0.5141327454773812,1.0282654909547624
576.0,576.0,10.25,0.47945468227248966,0.9589093645449793,-2.1365335191644466,-4.273067038328893,0.0,0.0,0.47945468227222854,0.9589093645444571
576.0,576.0,10.75,0.4438765851219273,0.8877531702438546,-1.7049571081919916,-3.4099142163839833,0.0,0.0,0.4438765851216715,0.887753170243343
576.0,576.0,11.25,0.4053790533322399,0.8107581066644798,-1.2827801034252029,-2.5655602068504058,0.0,0.0,0.4053790533317816,0.8107581066635632
576.0,576.0,11.75,0.35744852037737473,0.7148970407547495,-2.044696128710802,-4.089392257421604,0.0,0.0,0.3574485203770834,0.7148970407541668
576.0,576.0,12.25,0.31423368038866784,0.6284673607773357,-1.7717747447954626,-3.543549489590925,0.0,0.0,0.31423368038865185,0.6284673607773037
576.0,576.0,12.75,0.2742423903360418,0.5484847806720836,-1.4974461081688375,-2.994892216337675,0.0,0.0,0.2742423903359317,0.5484847806718633
576.0,576.0,13.25,0.23709633205243108,0.47419266410486216,-1.259101744283858,-2.518203488567716,0.0,0.0,0.23709633205253766,0.4741926641050753
576.0,576.0,13.75,0.20250043357162895,0.4050008671432579,-1.0728411557050368,-2.1456823114100736,0.0,0.0,0.20250043357116887,0.40500086714233774
576.0,576.0,14.25,0.17014183758288937,0.34028367516577873,-0.9165011550957312,-1.8330023101914623,0.0,0.0,0.17014183758248436,0.3402836751649687
576.0,576.0,14.75,0.13974465373547673,0.27948930747095346,-0.7850825250099911,-1.5701650500199822,0.0,0.0,0.13974465373512324,0.2794893074702465
576.0,576.0,15.25,0.11151855206014716,0.22303710412029432,-0.6804594388222736,-1.360918877644547,0.0,0.0,0.11151855205986827,0.22303710411973654
576.0,576.0,15.75,0.08603426041742068,0.17206852083484137,-0.6055358674220361,-1.2110717348440723,0.0,0.0,0.08603426041741713,0.17206852083483426
576.0,576.0,16.25,0.06384926115816825,0.1276985223163365,-0.5414013011780039,-1.0828026023560078,0.0,0.0,0.06384926115828193,0.12769852231656387
576.0,576.0,16.75,0.045360590581253746,0.09072118116250749,-0.5012954465184176,-1.0025908930368352,0.0,0.0,0.04536059058143316,0.09072118116286632
576.0,576.0,17.25,0.03053895817652119,0.06107791635304238,-0.47215457976849073,-0.9443091595369815,0.0,0.0,0.03053895817660468,0.06107791635320936
576.0,576.0,17.75,0.02010350470669664,0.04020700941339328,-0.011516245913988143,-0.023032491827976287,0.0,0.0,0.02010350470704836,0.04020700941409672
576.0,576.0,18.25,0.011516702918640931,0.023033405837281862,-0.0056381097367967925,-0.011276219473593585,0.0,0.0,0.011516702918440203,0.023033405836880405
576.0,576.0,18.75,0.006103410731043368,0.012206821462086737,-0.0005956363932480002,-0.0011912727864960004,0.0,0.0,0.006103410730544212,0.012206821461088424
576.0,576.0,19.25,0.0030164899160354253,0.0060329798320708505,0.0011208849389934272,0.0022417698779868545,0.0,0.0,0.0030164899156428504,0.006032979831285701
576.0,576.0,19.75,0.0014108606685567793,0.0028217213371135585,0.0008722918590304829,0.0017445837180609658,0.0,0.0,0.0014108606688107983,0.0028217213376215966
576.0,576.0,20.25,0.0006408291975503744,0.0012816583951007487,0.0004922562353097959,0.0009845124706195918,0.0,0.0,0.0006408291978505787,0.0012816583957011574
576.0,576.0,20.75,0.00029499720710646216,0.0005899944142129243,0.0002497055563637218,0.0004994111127274437,0.0,0.0,0.0002949972073977847,0.0005899944147955694
576.0,576.0,21.25,0.00014968221273647941,0.00029936442547295883,0.0001393388185668698,0.0002786776371337396,5.299363579069905e-07,1.059872715813981e-06,0.00014915227618494953,0.00029830455236989906
576.0,576.0,21.75,0.00010933116271871768,0.00021866232543743536,0.00010440579781878512,0.00020881159563757024,1.6729140213556093e-05,3.3458280427112186e-05,9.260202199179446e-05,0.00018520404398358892
576.0,576.0,22.25,8.792062794782396e-05,0.00017584125589564792,8.306617880116107e-05,0.00016613235760232214,1.626808273158531e-05,3.253616546317062e-05,7.165254553420652e-05,0.00014330509106841305
576.0,576.0,22.75,8.261138691523229e-05,0.00016522277383046458,7.612042767135563e-05,0.00015224085534271126,1.7777140726593643e-05,3.5554281453187286e-05,6.48342459186324e-05,0.0001296684918372648
576.0,576.0,23.25,8.160758557096415e-05,0.0001632151711419283,6.991160880431835e-05,0.0001398232176086367,1.963009714245345e-05,3.92601942849069e-05,6.197748809633197e-05,0.00012395497619266393
576.0,576.0,23.75,8.04326515435605e-05,0.000160865303087121,5.2919191707800906e-05,0.00010583838341560181,2.1325907368918706e-05,4.265181473783741e-05,5.9106744222603425e-05,0.00011821348844520685
576.0,576.0,24.25,7.723774876922107e-05,0.00015447549753844214,2.162485328582875e-06,4.32497065716575e-06,2.221597105744877e-05,4.443194211489754e-05,5.502177685912102e-05,0.00011004355371824204
576.0,576.0,24.75,7.177276211223216e-05,0.00014354552422446432,-0.00012108461361570733,-0.00024216922723141465,2.2328290299356013e-05,4.4656580598712026e-05,4.9444472542958806e-05,9.888894508591761e-05
576.0,576.0,25.25,6.555389575169102e-05,0.00013110779150338203,-0.0003954022906906829,-0.0007908045813813658,2.2981797940246906e-05,4.596359588049381e-05,4.257209844027443e-05,8.514419688054886e-05
576.0,576.0,25.75,6.994966111051326e-05,0.00013989932222102652,-0.0008277089642998448,-0.0016554179285996895,3.647298041187241e-05,7.294596082374483e-05,3.347668073061527e-05,6.695336146123054e-05
576.0,576.0,26.25,0.00013700080040734974,0.0002740016008146995,-0.0027913575956333148,-0.0055827151912666295,0.00012099017925493172,0.00024198035850986344,1.6010621736839425e-05,3.202124347367885e-05
576.0,576.0,26.75,0.00010304926428261751,0.00020609852856523503,-0.002888665865748763,-0.005777331731497526,9.118563559695758e-05,0.00018237127119391516,1.1863629174158064e-05,2.3727258348316127e-05
576.0,576.0,27.25,9.575419016982778e-05,0.00019150838033965556,-0.0029298627756375595,-0.005859725551275119,8.488240462156682e-05,0.00016976480924313364,1.0871786107813364e-05,2.1743572215626727e-05
576.0,576.0,27.75,0.00010054648544155498,0.00020109297088310996,-0.002965466632668168,-0.005930933265336336,8.928702965249613e-05,0.00017857405930499226,1.1259455691359221e-05,2.2518911382718443e-05
576.0,576.0,28.25,0.00010962530723190866,0.00021925061446381733,-0.0029768659482094506,-0.005953731896418901,9.755403300459875e-05,0.0001951080660091975,1.2071273967961815e-05,2.414254793592363e-05
576.0,576.0,28.75,0.00012005073278942291,0.00024010146557884582,-0.00297162890406355,-0.0059432578081271,0.00010714003047951337,0.00021428006095902674,1.2910701933321889e-05,2.5821403866643777e-05
576.0,576.0,29.25,0.00013068943104599384,0.0002613788620919877,-0.0029537115961364435,-0.005907423192272887,0.00011711539241332503,0.00023423078482665005,1.3574038364438934e-05,2.7148076728877868e-05
576.0,576.0,29.75,0.00013942028238034254,0.0002788405647606851,-0.0029289391331328574,-0.005857878266265715,0.00012548017429026004,0.0002509603485805201,1.3940108145149566e-05,2.788021629029913e-05
